"state","puma22","ur","stab","PUMA22name","pop20","afact"
"State code","PUMA (2022)","Urban/rural (2022)","State abbr.","PUMA22 name","Total population (2020 Census)","puma22-to-ur allocation factor"
"01","00100","R","AL","Lauderdale, Colbert & Franklin Counties",94040,0.5141 
"01","00100","U","AL","Lauderdale, Colbert & Franklin Counties",88864,0.4859 
"01","00200","R","AL","Limestone County",52834,0.5101 
"01","00200","U","AL","Limestone County",50736,0.4899 
"01","00300","R","AL","Morgan & Lawrence Counties--Decatur City",80511,0.5145 
"01","00300","U","AL","Morgan & Lawrence Counties--Decatur City",75983,0.4855 
"01","00401","R","AL","Madison County (North & East)--Huntsville City (East)",52092,0.459 
"01","00401","U","AL","Madison County (North & East)--Huntsville City (East)",61410,0.541 
"01","00402","R","AL","Huntsville (North & Far West), Madison (East) & Triana Cities",1941,0.0127 
"01","00402","U","AL","Huntsville (North & Far West), Madison (East) & Triana Cities",151156,0.9873 
"01","00403","R","AL","Huntsville City (Central & South)",1089,0.0101 
"01","00403","U","AL","Huntsville City (Central & South)",106894,0.9899 
"01","00501","R","AL","Marshall & Madison (Far Southeast) Counties",63631,0.5723 
"01","00501","U","AL","Marshall & Madison (Far Southeast) Counties",47552,0.4277 
"01","00600","R","AL","DeKalb & Jackson Counties",102825,0.828 
"01","00600","U","AL","DeKalb & Jackson Counties",21362,0.172 
"01","00700","R","AL","Etowah & Cherokee Counties",69624,0.5422 
"01","00700","U","AL","Etowah & Cherokee Counties",58783,0.4578 
"01","00800","R","AL","Calhoun County",42494,0.3649 
"01","00800","U","AL","Calhoun County",73947,0.6351 
"01","00900","R","AL","St. Clair & Blount Counties",114650,0.7631 
"01","00900","U","AL","St. Clair & Blount Counties",35587,0.2369 
"01","01000","R","AL","Cullman, Marion & Winston Counties",119307,0.8477 
"01","01000","U","AL","Cullman, Marion & Winston Counties",21440,0.1523 
"01","01100","R","AL","West Alabama",119665,0.9505 
"01","01100","U","AL","West Alabama",6227,0.0495 
"01","01201","R","AL","Tuscaloosa County (Outer)--Northport City (North & West)",68238,0.6755 
"01","01201","U","AL","Tuscaloosa County (Outer)--Northport City (North & West)",32774,0.3245 
"01","01202","R","AL","Tuscaloosa & Northport (Southeast) Cities",2348,0.0186 
"01","01202","U","AL","Tuscaloosa & Northport (Southeast) Cities",123676,0.9814 
"01","01301","R","AL","Jefferson (Northwest) & Walker Counties--Adamsville, Warrior & Graysville Cities",81724,0.7056 
"01","01301","U","AL","Jefferson (Northwest) & Walker Counties--Adamsville, Warrior & Graysville Cities",34093,0.2944 
"01","01401","R","AL","Jefferson County (West)--Bessemer, Hueytown & Pleasant Grove Cities",32898,0.2778 
"01","01401","U","AL","Jefferson County (West)--Bessemer, Hueytown & Pleasant Grove Cities",85511,0.7222 
"01","01402","R","AL","Jefferson County (Northeast)--Trussville, Center Point & Gardendale Cities",15458,0.1157 
"01","01402","U","AL","Jefferson County (Northeast)--Trussville, Center Point & Gardendale Cities",118123,0.8843 
"01","01403","R","AL","Birmingham City",80,0.0004 
"01","01403","U","AL","Birmingham City",187086,0.9996 
"01","01404","R","AL","Jefferson County (Southeast)--Hoover (North), Vestavia Hills & Homewood Cities",3353,0.0181 
"01","01404","U","AL","Jefferson County (Southeast)--Hoover (North), Vestavia Hills & Homewood Cities",181737,0.9819 
"01","01501","R","AL","Shelby County (North)--Hoover (South), Alabaster (North) & Pelham Cities",9626,0.07 
"01","01501","U","AL","Shelby County (North)--Hoover (South), Alabaster (North) & Pelham Cities",127810,0.93 
"01","01502","R","AL","Shelby (South and East) and Chilton Counties--Alabaster (South) & Chelsea Cities",82334,0.6304 
"01","01502","U","AL","Shelby (South and East) and Chilton Counties--Alabaster (South) & Chelsea Cities",48268,0.3696 
"01","01600","R","AL","Talladega, Randolph, Cleburne & Clay Counties",99464,0.7456 
"01","01600","U","AL","Talladega, Randolph, Cleburne & Clay Counties",33944,0.2544 
"01","01700","R","AL","Autauga, Dallas, Lowndes & Perry Counties",59997,0.5168 
"01","01700","U","AL","Autauga, Dallas, Lowndes & Perry Counties",56092,0.4832 
"01","01801","R","AL","Montgomery City (West)",7504,0.0686 
"01","01801","U","AL","Montgomery City (West)",101905,0.9314 
"01","01802","R","AL","Montgomery City (East) & Pike Road Town (Northwest)",9103,0.0863 
"01","01802","U","AL","Montgomery City (East) & Pike Road Town (Northwest)",96368,0.9137 
"01","01901","R","AL","Elmore & Montgomery (South & Far East) Counties",74373,0.7288 
"01","01901","U","AL","Elmore & Montgomery (South & Far East) Counties",27678,0.2712 
"01","02000","R","AL","Tallapoosa, Chambers, Macon, Coosa & Bullock Counties",81309,0.6988 
"01","02000","U","AL","Tallapoosa, Chambers, Macon, Coosa & Bullock Counties",35050,0.3012 
"01","02101","R","AL","Lee County (West)--Auburn & Opelika Cities",27062,0.2116 
"01","02101","U","AL","Lee County (West)--Auburn & Opelika Cities",100842,0.7884 
"01","02201","R","AL","Lee (East) & Russell Counties--Phenix City & Smiths Station Cities",42801,0.4056 
"01","02201","U","AL","Lee (East) & Russell Counties--Phenix City & Smiths Station Cities",62719,0.5944 
"01","02300","R","AL","Houston, Geneva & Henry Counties--Dothan City",80444,0.5327 
"01","02300","U","AL","Houston, Geneva & Henry Counties--Dothan City",70563,0.4673 
"01","02400","R","AL","Coffee & Dale Counties",50298,0.4893 
"01","02400","U","AL","Coffee & Dale Counties",52493,0.5107 
"01","02500","R","AL","Covington, Pike, Barbour, Butler & Crenshaw Counties",87446,0.6829 
"01","02500","U","AL","Covington, Pike, Barbour, Butler & Crenshaw Counties",40601,0.3171 
"01","02600","R","AL","Southwest Alabama",112821,0.8687 
"01","02600","U","AL","Southwest Alabama",17045,0.1313 
"01","02701","R","AL","Baldwin County (North)--Daphne, Fairhope & Spanish Fort Cities",34126,0.2877 
"01","02701","U","AL","Baldwin County (North)--Daphne, Fairhope & Spanish Fort Cities",84492,0.7123 
"01","02702","R","AL","Baldwin County (South)--Foley, Gulf Shores & Robertsdale Cities",52987,0.4683 
"01","02702","U","AL","Baldwin County (South)--Foley, Gulf Shores & Robertsdale Cities",60162,0.5317 
"01","02801","R","AL","Mobile County (Outer)--Prichard & Saraland Cities",87475,0.6287 
"01","02801","U","AL","Mobile County (Outer)--Prichard & Saraland Cities",51658,0.3713 
"01","02802","R","AL","Mobile City (West) & Tillmans Corner CDP",4653,0.0358 
"01","02802","U","AL","Mobile City (West) & Tillmans Corner CDP",125144,0.9642 
"01","02803","R","AL","Mobile City (East)",774,0.0053 
"01","02803","U","AL","Mobile City (East)",145105,0.9947 
"02","00101","R","AK","Anchorage Municipality (North)",7446,0.0564 
"02","00101","U","AK","Anchorage Municipality (North)",124543,0.9436 
"02","00102","R","AK","Anchorage Municipality (South)",4988,0.0313 
"02","00102","U","AK","Anchorage Municipality (South)",154270,0.9687 
"02","00200","R","AK","Matanuska-Susitna & Kenai Peninsula Boroughs",99148,0.5977 
"02","00200","U","AK","Matanuska-Susitna & Kenai Peninsula Boroughs",66732,0.4023 
"02","00300","R","AK","Greater Fairbanks, Greater Juneau, Ketchikan Gateway Borough & Road-Connected Alaska",55197,0.338 
"02","00300","U","AK","Greater Fairbanks, Greater Juneau, Ketchikan Gateway Borough & Road-Connected Alaska",108127,0.662 
"02","00400","R","AK","Subsistence Alaska",90645,0.8026 
"02","00400","U","AK","Subsistence Alaska",22295,0.1974 
"04","00101","R","AZ","Maricopa County--Mesa City (East)",1554,0.0084 
"04","00101","U","AZ","Maricopa County--Mesa City (East)",184327,0.9916 
"04","00102","R","AZ","Maricopa County--Mesa City (North Central)",280,0.0019 
"04","00102","U","AZ","Maricopa County--Mesa City (North Central)",143782,0.9981 
"04","00103","U","AZ","Maricopa County--Mesa City (West)",120951,1 
"04","00104","U","AZ","Maricopa County--Mesa City (South Central)",106653,1 
"04","00105","R","AZ","Maricopa County--Gilbert Town (North)",10,0.0001 
"04","00105","U","AZ","Maricopa County--Gilbert Town (North)",165925,0.9999 
"04","00106","U","AZ","Maricopa County--Chandler City (Northeast)",122710,1 
"04","00107","U","AZ","Maricopa County--Chandler City (South)",128103,1 
"04","00108","U","AZ","Maricopa County--Tempe (South) & Chandler (Northwest) Cities",107998,1 
"04","00109","U","AZ","Maricopa County--Tempe City (North)",108516,1 
"04","00110","U","AZ","Maricopa County--Scottsdale City (Southwest) & Paradise Valley Town",128498,1 
"04","00111","R","AZ","Maricopa County (Northeast)--Scottsdale City (Southeast) & Fountain Hills Town",13690,0.1227 
"04","00111","U","AZ","Maricopa County (Northeast)--Scottsdale City (Southeast) & Fountain Hills Town",97912,0.8773 
"04","00112","R","AZ","Maricopa County--Scottsdale (North), Phoenix (Far Northeast) Cities & Cave Creek",7760,0.0594 
"04","00112","U","AZ","Maricopa County--Scottsdale (North), Phoenix (Far Northeast) Cities & Cave Creek",122967,0.9406 
"04","00113","R","AZ","Phoenix City (Northeast)",222,0.0021 
"04","00113","U","AZ","Phoenix City (Northeast)",104471,0.9979 
"04","00114","R","AZ","Phoenix City (Northeast Central)",103,0.0009 
"04","00114","U","AZ","Phoenix City (Northeast Central)",111252,0.9991 
"04","00115","U","AZ","Phoenix City (Northwest Central)",109655,1 
"04","00116","U","AZ","Phoenix City (Uptown)",110648,1 
"04","00117","U","AZ","Phoenix City (East)",109946,1 
"04","00118","U","AZ","Phoenix City--Downtown & Sky Harbor International Airport",116146,1 
"04","00119","U","AZ","Phoenix City (South)",117231,1 
"04","00120","R","AZ","Phoenix City--Ahwatukee & South Mountain",649,0.006 
"04","00120","U","AZ","Phoenix City--Ahwatukee & South Mountain",108051,0.994 
"04","00121","R","AZ","Phoenix (Southwest) & Tolleson Cities",584,0.0035 
"04","00121","U","AZ","Phoenix (Southwest) & Tolleson Cities",166195,0.9965 
"04","00122","U","AZ","Phoenix City--Maryvale (East)",102202,1 
"04","00123","U","AZ","Phoenix City--Maryvale (West)",115847,1 
"04","00124","R","AZ","Maricopa County--Glendale City (South)",21,0.0002 
"04","00124","U","AZ","Maricopa County--Glendale City (South)",114424,0.9998 
"04","00125","U","AZ","Phoenix City (West)",114546,1 
"04","00126","U","AZ","Maricopa County--Glendale City (North)",129933,1 
"04","00127","U","AZ","Maricopa County--Peoria City (South & Central)",121259,1 
"04","00128","R","AZ","Phoenix City (North)",3,0 
"04","00128","U","AZ","Phoenix City (North)",110254,1 
"04","00129","R","AZ","Phoenix (Far North) & Peoria (Northwest) Cities",9612,0.0684 
"04","00129","U","AZ","Phoenix (Far North) & Peoria (Northwest) Cities",130961,0.9316 
"04","00130","R","AZ","Maricopa County--El Mirage & Sun City",22,0.0002 
"04","00130","U","AZ","Maricopa County--El Mirage & Sun City",126605,0.9998 
"04","00131","R","AZ","Maricopa County--Surprise City (Central)",340,0.0028 
"04","00131","U","AZ","Maricopa County--Surprise City (Central)",123059,0.9972 
"04","00132","R","AZ","Maricopa County--Goodyear, Glendale (West) & Litchfield Park (Northwest) Cities",5735,0.0391 
"04","00132","U","AZ","Maricopa County--Goodyear, Glendale (West) & Litchfield Park (Northwest) Cities",141016,0.9609 
"04","00133","R","AZ","Maricopa County--Avondale (Central) & Litchfield Park (Central) Cities",1497,0.0122 
"04","00133","U","AZ","Maricopa County--Avondale (Central) & Litchfield Park (Central) Cities",121386,0.9878 
"04","00134","R","AZ","Maricopa County (West) & Gila River Indian Community (Northwest)",58490,0.3467 
"04","00134","U","AZ","Maricopa County (West) & Gila River Indian Community (Northwest)",110196,0.6533 
"04","00135","R","AZ","Maricopa County--Gilbert (South) & Queen Creek Towns",1307,0.0079 
"04","00135","U","AZ","Maricopa County--Gilbert (South) & Queen Creek Towns",165064,0.9921 
"04","00400","R","AZ","Gila, Graham, Greenlee Counties",53395,0.5267 
"04","00400","U","AZ","Gila, Graham, Greenlee Counties",47973,0.4733 
"04","00500","R","AZ","Coconino County",47019,0.324 
"04","00500","U","AZ","Coconino County",98082,0.676 
"04","00601","R","AZ","Mohave County North--City of Kingman & Bullhead City",32160,0.2892 
"04","00601","U","AZ","Mohave County North--City of Kingman & Bullhead City",79039,0.7108 
"04","00602","R","AZ","Mohave County South--Lake Havasu City",18880,0.185 
"04","00602","U","AZ","Mohave County South--Lake Havasu City",83188,0.815 
"04","00701","R","AZ","La Paz & Yuma Counties--Parker, Quartzsite, Wellton Somerton & San Luis Cities",32529,0.3048 
"04","00701","U","AZ","La Paz & Yuma Counties--Parker, Quartzsite, Wellton Somerton & San Luis Cities",74203,0.6952 
"04","00803","R","AZ","Pinal County (North)--Apache Junction City",11343,0.0769 
"04","00803","U","AZ","Pinal County (North)--Apache Junction City",136234,0.9231 
"04","00805","R","AZ","Pinal County (Central)--Florence Town, Eloy (Northeast) & Coolidge Cities",57596,0.4695 
"04","00805","U","AZ","Pinal County (Central)--Florence Town, Eloy (Northeast) & Coolidge Cities",65090,0.5305 
"04","00807","R","AZ","Pinal County (West)--Maricopa, Casa Grande & Eloy (Southeast) Cities",28376,0.1968 
"04","00807","U","AZ","Pinal County (West)--Maricopa, Casa Grande & Eloy (Southeast) Cities",115815,0.8032 
"04","00900","R","AZ","Cochise & Santa Cruz Counties--Sierra Vista City",74625,0.4311 
"04","00900","U","AZ","Cochise & Santa Cruz Counties--Sierra Vista City",98491,0.5689 
"04","01000","R","AZ","Navajo & Apache Counties",134590,0.7792 
"04","01000","U","AZ","Navajo & Apache Counties",38148,0.2208 
"04","01101","R","AZ","Yuma County--Yuma City",5447,0.0479 
"04","01101","U","AZ","Yuma County--Yuma City",108259,0.9521 
"04","01901","R","AZ","Pima County (West)",31510,0.283 
"04","01901","U","AZ","Pima County (West)",79850,0.717 
"04","01902","R","AZ","Tucson City (West) & Marana Town",20355,0.1482 
"04","01902","U","AZ","Tucson City (West) & Marana Town",117016,0.8518 
"04","01903","R","AZ","Pima County (North Central)--Oro Valley Town",5133,0.044 
"04","01903","U","AZ","Pima County (North Central)--Oro Valley Town",111408,0.956 
"04","01904","R","AZ","Pima County (Northeast)",2641,0.0241 
"04","01904","U","AZ","Pima County (Northeast)",107025,0.9759 
"04","01905","R","AZ","Pima County (Southeast)--Tucson City (Far Southeast) & Sahuarita Town",30972,0.2787 
"04","01905","U","AZ","Pima County (Southeast)--Tucson City (Far Southeast) & Sahuarita Town",80149,0.7213 
"04","01906","U","AZ","Tucson City (Northeast)",113591,1 
"04","01907","U","AZ","Tucson City (Northwest)",116589,1 
"04","01908","R","AZ","Tucson City (South)",767,0.0067 
"04","01908","U","AZ","Tucson City (South)",114248,0.9933 
"04","01909","R","AZ","Tucson City (Southeast)",1514,0.0123 
"04","01909","U","AZ","Tucson City (Southeast)",121475,0.9877 
"04","02502","R","AZ","Yavapai Urban",25339,0.187 
"04","02502","U","AZ","Yavapai Urban",110135,0.813 
"04","02503","R","AZ","Yavapai Rural",50202,0.4984 
"04","02503","U","AZ","Yavapai Rural",50533,0.5016 
"05","00101","R","AR","Benton County (Outer)",64145,0.3751 
"05","00101","U","AR","Benton County (Outer)",106880,0.6249 
"05","00102","R","AR","Benton County (Central)--Bentonville & Rogers Cities",4107,0.0362 
"05","00102","U","AR","Benton County (Central)--Bentonville & Rogers Cities",109201,0.9638 
"05","00201","R","AR","Washington County (Outer)--Springdale City",46678,0.3329 
"05","00201","U","AR","Washington County (Outer)--Springdale City",93537,0.6671 
"05","00202","R","AR","Washington County (Central)--Fayetteville City",12334,0.1167 
"05","00202","U","AR","Washington County (Central)--Fayetteville City",93322,0.8833 
"05","00300","R","AR","Baxter, Boone & Carroll Counties",118870,0.7637 
"05","00300","U","AR","Baxter, Boone & Carroll Counties",36790,0.2363 
"05","00400","R","AR","Independence, Cleburne & Van Buren Counties",98800,0.8484 
"05","00400","U","AR","Independence, Cleburne & Van Buren Counties",17656,0.1516 
"05","00500","R","AR","Northeast Arkansas",73553,0.6547 
"05","00500","U","AR","Northeast Arkansas",38793,0.3453 
"05","00600","R","AR","East Arkansas",67789,0.4404 
"05","00600","U","AR","East Arkansas",86150,0.5596 
"05","00700","R","AR","Craighead & Poinsett Counties",53182,0.3963 
"05","00700","U","AR","Craighead & Poinsett Counties",81014,0.6037 
"05","00800","R","AR","White, Lonoke & Woodruff Counties",75112,0.6536 
"05","00800","U","AR","White, Lonoke & Woodruff Counties",39815,0.3464 
"05","00900","R","AR","Faulkner & Lonoke Counties",95320,0.4826 
"05","00900","U","AR","Faulkner & Lonoke Counties",102193,0.5174 
"05","01000","R","AR","Pope, Johnson & Conway Counties",84082,0.6462 
"05","01000","U","AR","Pope, Johnson & Conway Counties",46026,0.3538 
"05","01100","R","AR","Sebastian, Crawford & Franklin Counties",71952,0.3509 
"05","01100","U","AR","Sebastian, Crawford & Franklin Counties",133077,0.6491 
"05","01200","R","AR","West Arkansas",96410,0.7225 
"05","01200","U","AR","West Arkansas",37028,0.2775 
"05","01300","R","AR","West Central Arkansas",88048,0.508 
"05","01300","U","AR","West Central Arkansas",85273,0.492 
"05","01400","R","AR","Saline, Grant & Perry Counties",68637,0.4534 
"05","01400","U","AR","Saline, Grant & Perry Counties",82756,0.5466 
"05","01501","R","AR","Pulaski County (Outer)--North Little Rock, Sherwood & Jacksonville Cities",41844,0.2084 
"05","01501","U","AR","Pulaski County (Outer)--North Little Rock, Sherwood & Jacksonville Cities",158930,0.7916 
"05","01502","R","AR","Pulaski County (Central)--Little Rock City",3503,0.0177 
"05","01502","U","AR","Pulaski County (Central)--Little Rock City",194848,0.9823 
"05","01600","R","AR","Southeast Arkansas",93901,0.5413 
"05","01600","U","AR","Southeast Arkansas",79559,0.4587 
"05","01700","R","AR","Southwest Arkansas",82580,0.6332 
"05","01700","U","AR","Southwest Arkansas",47829,0.3668 
"06","00101","R","CA","Alameda County (North)--Berkeley & Albany Cities",21,0.0001 
"06","00101","U","CA","Alameda County (North)--Berkeley & Albany Cities",144571,0.9999 
"06","00111","U","CA","Alameda County (Northwest)--Oakland City (Downtown/West Oakland/North Oakland)",106433,1 
"06","00112","R","CA","Alameda County (Northwest)--Oakland City (Oakland Hills)",57,0.0005 
"06","00112","U","CA","Alameda County (Northwest)--Oakland City (Oakland Hills)",106839,0.9995 
"06","00113","U","CA","Alameda County (West)--Oakland City (Elmhurst/Central/East Oakland)",125840,1 
"06","00114","U","CA","Alameda County (West)--San Leandro, Alameda, Emeryville & Piedmont Cities",194852,1 
"06","00115","R","CA","Alameda County (Northwest)--Castro Valley & Ashland",491,0.0045 
"06","00115","U","CA","Alameda County (Northwest)--Castro Valley & Ashland",107422,0.9955 
"06","00116","R","CA","Alameda County (Central)--Hayward City (East)",796,0.0078 
"06","00116","U","CA","Alameda County (Central)--Hayward City (East)",101239,0.9922 
"06","00117","R","CA","Alameda County (South)--Newark, Union City (West) & Fremont (West) Cities",50,0.0005 
"06","00117","U","CA","Alameda County (South)--Newark, Union City (West) & Fremont (West) Cities",105671,0.9995 
"06","00118","R","CA","Alameda County (South)--Fremont (Northeast) & Union City (East) Cities",1364,0.0108 
"06","00118","U","CA","Alameda County (South)--Fremont (Northeast) & Union City (East) Cities",124401,0.9892 
"06","00119","R","CA","Alameda County (Central)--Pleasanton & Dublin (West) Cities",1986,0.0157 
"06","00119","U","CA","Alameda County (Central)--Pleasanton & Dublin (West) Cities",124192,0.9843 
"06","00120","R","CA","Alameda County (East)--Livermore & Dublin (East) Cities",2474,0.0208 
"06","00120","U","CA","Alameda County (East)--Livermore & Dublin (East) Cities",116189,0.9792 
"06","00121","R","CA","Alameda County (South)--Fremont City (Southeast)",1014,0.0088 
"06","00121","U","CA","Alameda County (South)--Fremont City (Southeast)",114673,0.9912 
"06","00122","U","CA","Alameda County (West)--Hayward City (West)",100310,1 
"06","00123","U","CA","Alameda County (Northwest)--Oakland City (San Antonio/Fruitvale)",101468,1 
"06","00300","R","CA","Alpine, Amador, Calaveras, Inyo, Mariposa, Mono & Tuolumne Counties",124243,0.6473 
"06","00300","U","CA","Alpine, Amador, Calaveras, Inyo, Mariposa, Mono & Tuolumne Counties",67689,0.3527 
"06","00700","R","CA","Butte County--Chico City",44478,0.2102 
"06","00700","U","CA","Butte County--Chico City",167154,0.7898 
"06","01100","R","CA","Colusa, Glenn, Tehama & Trinity Counties",74899,0.5644 
"06","01100","U","CA","Colusa, Glenn, Tehama & Trinity Counties",57798,0.4356 
"06","01301","R","CA","Contra Costa County (Far Southwest)--Richmond (Southwest) & San Pablo Cities",20,0.0002 
"06","01301","U","CA","Contra Costa County (Far Southwest)--Richmond (Southwest) & San Pablo Cities",129400,0.9998 
"06","01305","R","CA","Contra Costa County (South)--San Ramon City & Danville Town",3635,0.0253 
"06","01305","U","CA","Contra Costa County (South)--San Ramon City & Danville Town",140053,0.9747 
"06","01308","R","CA","Contra Costa County (Northeast)--Antioch City",865,0.0072 
"06","01308","U","CA","Contra Costa County (Northeast)--Antioch City",119289,0.9928 
"06","01309","R","CA","Contra Costa County (East)--Brentwood & Oakley Cities",4107,0.0327 
"06","01309","U","CA","Contra Costa County (East)--Brentwood & Oakley Cities",121569,0.9673 
"06","01310","R","CA","Contra Costa County (Far Northwest)--Richmond (North), Hercules & El Cerrito Cities P",1009,0.0072 
"06","01310","U","CA","Contra Costa County (Far Northwest)--Richmond (North), Hercules & El Cerrito Cities P",139953,0.9928 
"06","01311","R","CA","Contra Costa County (West)--Concord (West), Martinez & Pleasant Hill Cities",684,0.0056 
"06","01311","U","CA","Contra Costa County (West)--Concord (West), Martinez & Pleasant Hill Cities",122017,0.9944 
"06","01312","R","CA","Contra Costa County (West)--Walnut Creek (West), Lafayette & Orinda Cities",803,0.0078 
"06","01312","U","CA","Contra Costa County (West)--Walnut Creek (West), Lafayette & Orinda Cities",102272,0.9922 
"06","01313","R","CA","Contra Costa County (Central)--Concord (South), Walnut Creek (East) & Clayton Cities",454,0.0026 
"06","01313","U","CA","Contra Costa County (Central)--Concord (South), Walnut Creek (East) & Clayton Cities",177254,0.9974 
"06","01314","R","CA","Contra Costa County (North)--Pittsburg & Concord (North) Cities",84,0.0008 
"06","01314","U","CA","Contra Costa County (North)--Pittsburg & Concord (North) Cities",102459,0.9992 
"06","01500","R","CA","Del Norte, Lassen, Modoc, Plumas & Siskiyou Counties",95604,0.7186 
"06","01500","U","CA","Del Norte, Lassen, Modoc, Plumas & Siskiyou Counties",37435,0.2814 
"06","01700","R","CA","El Dorado County--El Dorado Hills, South Lake Tahoe City & Placerville City",70112,0.3667 
"06","01700","U","CA","El Dorado County--El Dorado Hills, South Lake Tahoe City & Placerville City",121073,0.6333 
"06","01901","R","CA","Fresno County (West)--Selma, Kerman & Coalinga Cities",57535,0.3908 
"06","01901","U","CA","Fresno County (West)--Selma, Kerman & Coalinga Cities",89698,0.6092 
"06","01902","R","CA","Fresno County (North Central)--Fresno City (North)",519,0.0027 
"06","01902","U","CA","Fresno County (North Central)--Fresno City (North)",190464,0.9973 
"06","01903","R","CA","Fresno County (Central)--Fresno City (East Central)",516,0.0047 
"06","01903","U","CA","Fresno County (Central)--Fresno City (East Central)",110046,0.9953 
"06","01904","R","CA","Fresno County (Central)--Fresno City (Southwest)",4485,0.0249 
"06","01904","U","CA","Fresno County (Central)--Fresno City (Southwest)",175575,0.9751 
"06","01905","R","CA","Fresno County (Central)--Fresno City (Southeast)",1517,0.013 
"06","01905","U","CA","Fresno County (Central)--Fresno City (Southeast)",115080,0.987 
"06","01906","R","CA","Fresno County (Central)--Clovis City",4979,0.0384 
"06","01906","U","CA","Fresno County (Central)--Clovis City",124805,0.9616 
"06","01907","R","CA","Fresno County (East)--Sanger, Reedley & Parlier Cities",44074,0.3303 
"06","01907","U","CA","Fresno County (East)--Sanger, Reedley & Parlier Cities",89361,0.6697 
"06","02300","R","CA","Humboldt County",43033,0.3153 
"06","02300","U","CA","Humboldt County",93430,0.6847 
"06","02500","R","CA","Imperial County--El Centro City",33075,0.1841 
"06","02500","U","CA","Imperial County--El Centro City",146627,0.8159 
"06","02903","R","CA","Kern County (Central)--Bakersfield City (Northeast)",5849,0.0347 
"06","02903","U","CA","Kern County (Central)--Bakersfield City (Northeast)",162476,0.9653 
"06","02904","R","CA","Kern County (Central)--Bakersfield City (Southeast)",4150,0.0364 
"06","02904","U","CA","Kern County (Central)--Bakersfield City (Southeast)",109762,0.9636 
"06","02905","R","CA","Kern County (East)--Ridgecrest, Arvin, Tehachapi & California City Cities",68880,0.3575 
"06","02905","U","CA","Kern County (East)--Ridgecrest, Arvin, Tehachapi & California City Cities",123791,0.6425 
"06","02906","R","CA","Kern County (West)--Delano, Wasco & Shafter Cities",40465,0.2576 
"06","02906","U","CA","Kern County (West)--Delano, Wasco & Shafter Cities",116620,0.7424 
"06","02907","R","CA","Kern County (Central)--Bakersfield City (Northwest) & Rosedale",1451,0.0136 
"06","02907","U","CA","Kern County (Central)--Bakersfield City (Northwest) & Rosedale",105569,0.9864 
"06","02908","R","CA","Kern County (Central)--Bakersfield City (Southwest)",614,0.0036 
"06","02908","U","CA","Kern County (Central)--Bakersfield City (Southwest)",169608,0.9964 
"06","03100","R","CA","Kings County--Hanford City",16642,0.1091 
"06","03100","U","CA","Kings County--Hanford City",135844,0.8909 
"06","03300","R","CA","Lake & Mendocino Counties",72196,0.4519 
"06","03300","U","CA","Lake & Mendocino Counties",87568,0.5481 
"06","03703","R","CA","Los Angeles County (North Central)--Lancaster City",5459,0.0302 
"06","03703","U","CA","Los Angeles County (North Central)--Lancaster City",175533,0.9698 
"06","03704","R","CA","Los Angeles County (North Central)--Palmdale City",8785,0.0469 
"06","03704","U","CA","Los Angeles County (North Central)--Palmdale City",178432,0.9531 
"06","03705","R","CA","Los Angeles County (North)--LA City (Northwest/Chatsworth & Porter Ranch)",251,0.0014 
"06","03705","U","CA","Los Angeles County (North)--LA City (Northwest/Chatsworth & Porter Ranch)",179161,0.9986 
"06","03706","R","CA","Los Angeles County (North)--LA City (North Central/Granada Hills & Sylmar)",460,0.0032 
"06","03706","U","CA","Los Angeles County (North)--LA City (North Central/Granada Hills & Sylmar)",142564,0.9968 
"06","03707","R","CA","Los Angeles County--LA (North Central/Arleta & Pacoima) & San Fernando Cities",77,0.0005 
"06","03707","U","CA","Los Angeles County--LA (North Central/Arleta & Pacoima) & San Fernando Cities",149013,0.9995 
"06","03708","R","CA","Los Angeles County (North)--LA City (Northeast/Sunland, Sun Valley & Tujunga)",492,0.0036 
"06","03708","U","CA","Los Angeles County (North)--LA City (Northeast/Sunland, Sun Valley & Tujunga)",136592,0.9964 
"06","03709","R","CA","Los Angeles County (Central)--San Gabriel Valley Region (North)",1851,0.0166 
"06","03709","U","CA","Los Angeles County (Central)--San Gabriel Valley Region (North)",109676,0.9834 
"06","03710","R","CA","Los Angeles County--Baldwin Park, Azusa, Duarte & Irwindale Cities",346,0.0019 
"06","03710","U","CA","Los Angeles County--Baldwin Park, Azusa, Duarte & Irwindale Cities",180740,0.9981 
"06","03711","R","CA","Los Angeles County (East Central)--Glendora, Claremont, San Dimas & La Verne Cities P",1540,0.0093 
"06","03711","U","CA","Los Angeles County (East Central)--Glendora, Claremont, San Dimas & La Verne Cities P",163281,0.9907 
"06","03712","U","CA","Los Angeles County (East Central)--Pomona City",151939,1 
"06","03713","U","CA","Los Angeles County (East Central)--Covina & Walnut Cities",115271,1 
"06","03714","R","CA","Los Angeles County--Diamond Bar, La Habra Heights (East) Cities & Rowland Heights PUM",530,0.0049 
"06","03714","U","CA","Los Angeles County--Diamond Bar, La Habra Heights (East) Cities & Rowland Heights PUM",106848,0.9951 
"06","03715","U","CA","Los Angeles County (East Central)--West Covina City",120624,1 
"06","03716","U","CA","Los Angeles County (East Central)--La Puente & Industry Cities",104622,1 
"06","03717","U","CA","Los Angeles County (East Central)--Arcadia, San Gabriel & Temple City Cities",190304,1 
"06","03718","U","CA","Los Angeles County (Central)--Pasadena City",136675,1 
"06","03719","R","CA","Los Angeles County (Central)--Glendale City",268,0.0014 
"06","03719","U","CA","Los Angeles County (Central)--Glendale City",196275,0.9986 
"06","03720","R","CA","Los Angeles County (Central)--Burbank City",156,0.0013 
"06","03720","U","CA","Los Angeles County (Central)--Burbank City",122630,0.9987 
"06","03721","U","CA","Los Angeles County (North)--LA City (Northeast/North Hollywood & Valley Village)",135948,1 
"06","03722","U","CA","Los Angeles County (Northwest)--LA City (North Central/Van Nuys & North Sherman Oaks)",166269,1 
"06","03723","U","CA","Los Angeles County (North)--LA City (North Central/Mission Hills & Panorama City) PUM",142813,1 
"06","03724","R","CA","Los Angeles County (Northwest)--LA City (Northwest/Encino & Tarzana)",37,0.0002 
"06","03724","U","CA","Los Angeles County (Northwest)--LA City (Northwest/Encino & Tarzana)",174300,0.9998 
"06","03725","R","CA","Los Angeles County--LA City (Northwest/Canoga Park, Winnetka & Woodland Hills)",149,0.0008 
"06","03725","U","CA","Los Angeles County--LA City (Northwest/Canoga Park, Winnetka & Woodland Hills)",182640,0.9992 
"06","03728","R","CA","Los Angeles County (Southwest)--Santa Monica City",11,0.0001 
"06","03728","U","CA","Los Angeles County (Southwest)--Santa Monica City",106824,0.9999 
"06","03730","U","CA","Los Angeles County (West Central)--LA City (Central/Hancock Park & Mid-Wilshire)",167510,1 
"06","03731","U","CA","Los Angeles County (Central)--West Hollywood & Beverly Hills Cities",109232,1 
"06","03732","U","CA","Los Angeles County (Central)--LA City (East Central & Hollywood)",172212,1 
"06","03733","U","CA","Los Angeles County (Central)--LA City (Central/Koreatown)",113324,1 
"06","03734","U","CA","Los Angeles County--LA City (East Central/Silver Lake, Echo Park & Westlake)",192514,1 
"06","03735","U","CA","Los Angeles County--LA City (Mount Washington, Highland Park & Glassell Park)",183205,1 
"06","03736","U","CA","Los Angeles County (Central)--Alhambra & South Pasadena Cities",115745,1 
"06","03737","U","CA","Los Angeles County (Central)--Monterey Park & Rosemead Cities",126123,1 
"06","03738","U","CA","Los Angeles County (Central)--El Monte & South El Monte Cities",127671,1 
"06","03739","R","CA","Los Angeles County (Southeast)--Whittier City & Hacienda Heights",468,0.0027 
"06","03739","U","CA","Los Angeles County (Southeast)--Whittier City & Hacienda Heights",171045,0.9973 
"06","03740","U","CA","Los Angeles County (Central)--Pico Rivera & Montebello Cities",127928,1 
"06","03741","U","CA","Los Angeles County (Central)--Bell Gardens, Bell, Maywood, Cudahy & Commerce Cities P",133387,1 
"06","03742","U","CA","Los Angeles County (Central)--Huntington Park City, Florence-Graham & Walnut Park PUM",128584,1 
"06","03743","U","CA","Los Angeles County (Central)--East Los Angeles",116045,1 
"06","03744","U","CA","Los Angeles County (Central)--LA City (East Central/Central City & Boyle Heights) PUM",190188,1 
"06","03745","U","CA","Los Angeles County (Central)--LA City (Southeast/East Vernon)",121879,1 
"06","03746","U","CA","Los Angeles County--LA City (Central/Univ. of Southern California & Exposition Park)",109171,1 
"06","03747","U","CA","Los Angeles County (Central)--LA City (Central/West Adams & Baldwin Hills)",164789,1 
"06","03748","U","CA","Los Angeles County--LA (Southwest/Marina del Rey & Westchester) & Culver City Cities",189044,1 
"06","03750","U","CA","Los Angeles County (South Central)--LA City (South Central/Westmont)",178716,1 
"06","03751","U","CA","Los Angeles County (South Central)--LA City (South Central/Watts)",158065,1 
"06","03752","U","CA","Los Angeles County (South)--South Gate & Lynwood Cities",166850,1 
"06","03753","U","CA","Los Angeles County (South)--Downey City",112920,1 
"06","03754","U","CA","Los Angeles County (Southeast)--La Mirada & Santa Fe Springs Cities",135779,1 
"06","03757","U","CA","Los Angeles County (South Central)--Compton City & West Rancho Dominquez",158642,1 
"06","03758","U","CA","Los Angeles County (South Central)--Gardena, Lawndale Cities & West Athens",157965,1 
"06","03759","U","CA","Los Angeles County (South Central)--Hawthorne City",115060,1 
"06","03760","R","CA","Los Angeles County--Redondo Beach, Manhattan Beach & Hermosa Beach Cities",8,0.0001 
"06","03760","U","CA","Los Angeles County--Redondo Beach, Manhattan Beach & Hermosa Beach Cities",144074,0.9999 
"06","03761","U","CA","Los Angeles County (South Central)--Torrance City",127249,1 
"06","03762","U","CA","Los Angeles County (South Central)--Carson City",119407,1 
"06","03763","U","CA","Los Angeles County (South Central)--Long Beach City (North)",145286,1 
"06","03764","U","CA","Los Angeles County (South)--Lakewood, Cerritos, Artesia & Hawaiian Gardens Cities PUM",162735,1 
"06","03766","U","CA","Los Angeles County (South)--Long Beach City (Southwest & Port)",102364,1 
"06","03767","U","CA","Los Angeles County (South)--LA City (South/San Pedro)",179879,1 
"06","03768","R","CA","Los Angeles County (Southwest)--Palos Verdes Peninsula",518,0.0046 
"06","03768","U","CA","Los Angeles County (Southwest)--Palos Verdes Peninsula",111864,0.9954 
"06","03770","U","CA","Los Angeles County (West Central)--LA City (West Los Angeles, Century City & Palms) P",101081,1 
"06","03771","R","CA","Los Angeles County (Northwest)--Santa Clarita City (South)",3308,0.0302 
"06","03771","U","CA","Los Angeles County (Northwest)--Santa Clarita City (South)",106098,0.9698 
"06","03772","R","CA","Los Angeles County (North/Unincorporated)--Castaic",51618,0.4967 
"06","03772","U","CA","Los Angeles County (North/Unincorporated)--Castaic",52294,0.5033 
"06","03773","R","CA","Los Angeles County (Northwest)--Santa Clarita City (North)",1888,0.0148 
"06","03773","U","CA","Los Angeles County (Northwest)--Santa Clarita City (North)",125871,0.9852 
"06","03774","R","CA","Los Angeles County--Calabasas, Agoura Hills, Malibu & Westlake Village Cities",11000,0.078 
"06","03774","U","CA","Los Angeles County--Calabasas, Agoura Hills, Malibu & Westlake Village Cities",130081,0.922 
"06","03775","U","CA","Los Angeles County (Central)--LA City (Central)",116054,1 
"06","03776","U","CA","Los Angeles County (West Central)--LA City (Central/Westwood & West Los Angeles)",106278,1 
"06","03778","U","CA","Los Angeles County (Central)--Inglewood City",111631,1 
"06","03779","U","CA","Los Angeles County (Southeast)--Long Beach City (East)",118467,1 
"06","03780","U","CA","Los Angeles County (Southeast)--Long Beach (Central) & Signal Hill Cities",113902,1 
"06","03781","U","CA","Los Angeles County (Southeast)--Norwalk City",104684,1 
"06","03782","U","CA","Los Angeles County (Southeast)--Bellflower & Paramount Cities",132923,1 
"06","03900","R","CA","Madera County--Madera City",60326,0.3861 
"06","03900","U","CA","Madera County--Madera City",95929,0.6139 
"06","04103","R","CA","Marin County (North & West)--Novato & San Rafael (North) Cities",15377,0.1493 
"06","04103","U","CA","Marin County (North & West)--Novato & San Rafael (North) Cities",87629,0.8507 
"06","04104","R","CA","Marin County (Southeast)--San Rafael (South), Mill Valley & Sausalito Cities",396,0.0025 
"06","04104","U","CA","Marin County (Southeast)--San Rafael (South), Mill Valley & Sausalito Cities",158919,0.9975 
"06","04701","R","CA","Merced County (West & South)--Los Banos & Livingston Cities",32516,0.2793 
"06","04701","U","CA","Merced County (West & South)--Los Banos & Livingston Cities",83911,0.7207 
"06","04702","R","CA","Merced County (Northeast)--Merced & Atwater Cities",14723,0.0894 
"06","04702","U","CA","Merced County (Northeast)--Merced & Atwater Cities",150052,0.9106 
"06","05301","R","CA","Monterey County (North Central)--Seaside, Monterey, Marina & Pacific Grove Cities PUM",40566,0.2209 
"06","05301","U","CA","Monterey County (North Central)--Seaside, Monterey, Marina & Pacific Grove Cities PUM",143069,0.7791 
"06","05302","R","CA","Monterey County (Northeast)--Salinas City",4111,0.0232 
"06","05302","U","CA","Monterey County (Northeast)--Salinas City",173143,0.9768 
"06","05303","R","CA","Monterey (South & East) & San Benito Counties",32498,0.2283 
"06","05303","U","CA","Monterey (South & East) & San Benito Counties",109857,0.7717 
"06","05500","R","CA","Napa County--Napa, American Canyon & St. Helena Cities",20324,0.1473 
"06","05500","U","CA","Napa County--Napa, American Canyon & St. Helena Cities",117695,0.8527 
"06","05700","R","CA","Nevada & Sierra Counties",52481,0.4976 
"06","05700","U","CA","Nevada & Sierra Counties",52996,0.5024 
"06","05906","R","CA","Orange County (North)--Yorba Linda, La Habra & Brea Cities",1082,0.0056 
"06","05906","U","CA","Orange County (North)--Yorba Linda, La Habra & Brea Cities",190779,0.9944 
"06","05907","U","CA","Orange County (North Central)--Fullerton & Placentia Cities",197785,1 
"06","05908","U","CA","Orange County (Northwest)--Buena Park, Cypress & Seal Beach Cities",185233,1 
"06","05909","U","CA","Orange County (North Central)--Anaheim City (West)",147609,1 
"06","05912","U","CA","Orange County (Northwest)--Westminster, Stanton & Garden Grove (West) Cities",170318,1 
"06","05913","U","CA","Orange County (Northwest)--Garden Grove City (East)",160453,1 
"06","05914","R","CA","Orange County (Northwest)--Huntington Beach City",9,0 
"06","05914","U","CA","Orange County (Northwest)--Huntington Beach City",196808,1 
"06","05916","U","CA","Orange County (Central)--Santa Ana City (West)",145406,1 
"06","05917","U","CA","Orange County (Central)--Santa Ana City (East)",156226,1 
"06","05918","U","CA","Orange County (Central)--Costa Mesa & Fountain Valley Cities",180550,1 
"06","05919","U","CA","Orange County (North Central)--Anaheim City (East)",195610,1 
"06","05920","U","CA","Orange County (Central)--Orange & Villa Park Cities",146112,1 
"06","05921","R","CA","Orange County (Northeast)--Lake Forest, Irvine (North) Cities & Silverado",3202,0.0227 
"06","05921","U","CA","Orange County (Northeast)--Lake Forest, Irvine (North) Cities & Silverado",137885,0.9773 
"06","05922","U","CA","Orange County (Central)--Irvine (Northwest) & Tustin Cities",126879,1 
"06","05923","U","CA","Orange County (Central)--Irvine City (Central)",142279,1 
"06","05924","R","CA","Orange County (Central)--Irvine City (South)",1370,0.0127 
"06","05924","U","CA","Orange County (Central)--Irvine City (South)",106926,0.9873 
"06","05925","R","CA","Orange County (West Central)--Newport Beach, Aliso Viejo & Laguna Woods Cities",175,0.001 
"06","05925","U","CA","Orange County (West Central)--Newport Beach, Aliso Viejo & Laguna Woods Cities",179486,0.999 
"06","05926","U","CA","Orange County (South Central)--Mission Viejo and Laguna Hills Cities",117535,1 
"06","05927","R","CA","Orange County (Southeast)--Rancho Santa Margarita City & Ladera Ranch",2113,0.0192 
"06","05927","U","CA","Orange County (Southeast)--Rancho Santa Margarita City & Ladera Ranch",107813,0.9808 
"06","05928","R","CA","Orange County (Southwest)--San Clemente, Laguna Niguel & San Juan Capistrano Cities P",11,0.0001 
"06","05928","U","CA","Orange County (Southwest)--San Clemente, Laguna Niguel & San Juan Capistrano Cities P",187335,0.9999 
"06","06101","R","CA","Placer County (Southwest)--Roseville City",2172,0.0141 
"06","06101","U","CA","Placer County (Southwest)--Roseville City",151761,0.9859 
"06","06102","R","CA","Placer County (Central)--Rocklin, Lincoln Cities & Loomis Town",6548,0.0487 
"06","06102","U","CA","Placer County (Central)--Rocklin, Lincoln Cities & Loomis Town",127943,0.9513 
"06","06103","R","CA","Placer County (East/High Country Region)--Auburn & Colfax Cities",50296,0.4324 
"06","06103","U","CA","Placer County (East/High Country Region)--Auburn & Colfax Cities",66019,0.5676 
"06","06501","R","CA","Riverside County (East)--Indio, Coachella, Blythe & La Quinta (East) Cities",28388,0.1522 
"06","06501","U","CA","Riverside County (East)--Indio, Coachella, Blythe & La Quinta (East) Cities",158158,0.8478 
"06","06502","R","CA","Riverside County (Central)--Cathedral City, Palm Springs & Rancho Mirage Cities",14496,0.1099 
"06","06502","U","CA","Riverside County (Central)--Cathedral City, Palm Springs & Rancho Mirage Cities",117457,0.8901 
"06","06507","R","CA","Riverside County (North Central)--San Jacinto, Beaumont, Banning & Calimesa Cities PU",16344,0.0936 
"06","06507","U","CA","Riverside County (North Central)--San Jacinto, Beaumont, Banning & Calimesa Cities PU",158257,0.9064 
"06","06509","R","CA","Riverside County (West Central)--Perris City, Temescal Valley & Mead Valley",13400,0.1001 
"06","06509","U","CA","Riverside County (West Central)--Perris City, Temescal Valley & Mead Valley",120483,0.8999 
"06","06511","R","CA","Riverside County (Northwest)--Riverside City (West)",293,0.0017 
"06","06511","U","CA","Riverside County (Northwest)--Riverside City (West)",170108,0.9983 
"06","06514","R","CA","Riverside County (Northwest)--Jurupa Valley & Eastvale Cities",294,0.0017 
"06","06514","U","CA","Riverside County (Northwest)--Jurupa Valley & Eastvale Cities",174512,0.9983 
"06","06515","R","CA","Riverside County (Central)--Palm Desert, La Quinta (West) & Desert Hot Springs Cities",10454,0.0654 
"06","06515","U","CA","Riverside County (Central)--Palm Desert, La Quinta (West) & Desert Hot Springs Cities",149453,0.9346 
"06","06516","R","CA","Riverside County (Southwest)--Lake Elsinore & Canyon Lake Cities",6597,0.0627 
"06","06516","U","CA","Riverside County (Southwest)--Lake Elsinore & Canyon Lake Cities",98659,0.9373 
"06","06517","R","CA","Riverside County (Southwest)--Menifee City",4645,0.0397 
"06","06517","U","CA","Riverside County (Southwest)--Menifee City",112380,0.9603 
"06","06518","R","CA","Riverside County (Northwest)--Moreno Valley City (North)",2373,0.0227 
"06","06518","U","CA","Riverside County (Northwest)--Moreno Valley City (North)",102364,0.9773 
"06","06519","R","CA","Riverside County (Northwest)--Moreno Valley City (South)",1136,0.011 
"06","06519","U","CA","Riverside County (Northwest)--Moreno Valley City (South)",102018,0.989 
"06","06520","R","CA","Riverside County (Northwest)--Riverside City (East)",75,0.0005 
"06","06520","U","CA","Riverside County (Northwest)--Riverside City (East)",150930,0.9995 
"06","06521","R","CA","Riverside County (West Central)--Corona City (South), Woodcrest & Home Gardens",2678,0.0247 
"06","06521","U","CA","Riverside County (West Central)--Corona City (South), Woodcrest & Home Gardens",105712,0.9753 
"06","06522","R","CA","Riverside County (West Central)--Corona (Northwest) & Norco Cities",70,0.0005 
"06","06522","U","CA","Riverside County (West Central)--Corona (Northwest) & Norco Cities",137232,0.9995 
"06","06523","R","CA","Riverside County (Southwest)--Temecula City",11504,0.0817 
"06","06523","U","CA","Riverside County (Southwest)--Temecula City",129387,0.9183 
"06","06524","R","CA","Riverside County (Southwest)--Murrieta & Wildomar Cities",12910,0.0695 
"06","06524","U","CA","Riverside County (Southwest)--Murrieta & Wildomar Cities",172863,0.9305 
"06","06525","R","CA","Riverside County (Southwest)--Hemet City & East Hemet",6702,0.0506 
"06","06525","U","CA","Riverside County (Southwest)--Hemet City & East Hemet",125853,0.9494 
"06","06701","U","CA","Sacramento County (North Central)--Citrus Heights City",111579,1 
"06","06703","U","CA","Sacramento County (North Central)--Arden-Arcade, Carmichael & Fair Oaks (West)",119575,1 
"06","06704","U","CA","Sacramento County (North Central)--North Highlands, Foothill Farms & McClellan Park P",137958,1 
"06","06705","R","CA","Sacramento County (Northwest)--Sacramento City (Northwest/Natomas)",302,0.0025 
"06","06705","U","CA","Sacramento County (Northwest)--Sacramento City (Northwest/Natomas)",122760,0.9975 
"06","06706","R","CA","Sacramento County (North)--Sacramento City (North), Antelope & Rio Linda",2030,0.0161 
"06","06706","U","CA","Sacramento County (North)--Sacramento City (North), Antelope & Rio Linda",124336,0.9839 
"06","06707","U","CA","Sacramento County (West)--Sacramento City (Central/Downtown & Midtown)",133374,1 
"06","06709","U","CA","Sacramento County--Sacramento City (Southwest/Pocket, Meadowview & North Laguna)",147629,1 
"06","06712","R","CA","Sacramento County (Northeast)--Folsom City, Orangevale & Fair Oaks (East)",1118,0.0094 
"06","06712","U","CA","Sacramento County (Northeast)--Folsom City, Orangevale & Fair Oaks (East)",117610,0.9906 
"06","06713","R","CA","Sacramento County (Central)--Rancho Cordova City",282,0.0027 
"06","06713","U","CA","Sacramento County (Central)--Rancho Cordova City",105168,0.9973 
"06","06714","R","CA","Sacramento County--Sacramento City (Southeast/Fruitridge, Avondale & Depot Park)",215,0.0015 
"06","06714","U","CA","Sacramento County--Sacramento City (Southeast/Fruitridge, Avondale & Depot Park)",141585,0.9985 
"06","06715","R","CA","Sacramento County (Central)--Elk Grove City (West)",116,0.0011 
"06","06715","U","CA","Sacramento County (Central)--Elk Grove City (West)",106220,0.9989 
"06","06716","R","CA","Sacramento County (Central)--Elk Grove City (East)",425,0.0039 
"06","06716","U","CA","Sacramento County (Central)--Elk Grove City (East)",108770,0.9961 
"06","06717","R","CA","Sacramento County--Galt, Isleton Cities, Delta Region & Rural",33541,0.3225 
"06","06717","U","CA","Sacramento County--Galt, Isleton Cities, Delta Region & Rural",70462,0.6775 
"06","07101","R","CA","San Bernardino County (Northeast)--Twentynine Palms & Barstow Cities",44232,0.3123 
"06","07101","U","CA","San Bernardino County (Northeast)--Twentynine Palms & Barstow Cities",97389,0.6877 
"06","07102","R","CA","San Bernardino County (West Central)--Victorville & Adelanto Cities",8863,0.0469 
"06","07102","U","CA","San Bernardino County (West Central)--Victorville & Adelanto Cities",180036,0.9531 
"06","07103","R","CA","San Bernardino County (West Central)--Hesperia City & Apple Valley Town",8855,0.0483 
"06","07103","U","CA","San Bernardino County (West Central)--Hesperia City & Apple Valley Town",174586,0.9517 
"06","07104","R","CA","San Bernardino County (Southwest)--Phelan, Lake Arrowhead & Big Bear City",46189,0.3842 
"06","07104","U","CA","San Bernardino County (Southwest)--Phelan, Lake Arrowhead & Big Bear City",74017,0.6158 
"06","07105","R","CA","San Bernardino County (Southwest)--Redlands & Yucaipa Cities",4696,0.0319 
"06","07105","U","CA","San Bernardino County (Southwest)--Redlands & Yucaipa Cities",142649,0.9681 
"06","07107","R","CA","San Bernardino County (Southwest)--San Bernardino City (East)",647,0.0057 
"06","07107","U","CA","San Bernardino County (Southwest)--San Bernardino City (East)",113026,0.9943 
"06","07108","R","CA","San Bernardino County (Southwest)--San Bernardino City (West)",38,0.0002 
"06","07108","U","CA","San Bernardino County (Southwest)--San Bernardino City (West)",177807,0.9998 
"06","07110","U","CA","San Bernardino County (Southwest)--Fontana City (East)",110688,1 
"06","07111","R","CA","San Bernardino County (Southwest)--Rancho Cucamonga City",3,0 
"06","07111","U","CA","San Bernardino County (Southwest)--Rancho Cucamonga City",174453,1 
"06","07112","R","CA","San Bernardino County (Southwest)--Upland & Montclair Cities",20,0.0002 
"06","07112","U","CA","San Bernardino County (Southwest)--Upland & Montclair Cities",127316,0.9998 
"06","07115","R","CA","San Bernardino County (Southwest)--Fontana City (West)",1,0 
"06","07115","U","CA","San Bernardino County (Southwest)--Fontana City (West)",122575,1 
"06","07116","R","CA","San Bernardino County (Southwest)--Colton, Loma Linda & Grand Terrace Cities",331,0.0029 
"06","07116","U","CA","San Bernardino County (Southwest)--Colton, Loma Linda & Grand Terrace Cities",111918,0.9971 
"06","07117","R","CA","San Bernardino County (Southwest)--Rialto City",229,0.0021 
"06","07117","U","CA","San Bernardino County (Southwest)--Rialto City",110416,0.9979 
"06","07118","R","CA","San Bernardino County (Southwest)--Ontario City",794,0.0044 
"06","07118","U","CA","San Bernardino County (Southwest)--Ontario City",180054,0.9956 
"06","07119","R","CA","San Bernardino County (Southwest)--Chino & Chino Hills Cities",2507,0.0148 
"06","07119","U","CA","San Bernardino County (Southwest)--Chino & Chino Hills Cities",167319,0.9852 
"06","07301","R","CA","San Diego County (Northwest)--Oceanside City & Camp Pendleton",17268,0.0879 
"06","07301","U","CA","San Diego County (Northwest)--Oceanside City & Camp Pendleton",179223,0.9121 
"06","07302","R","CA","San Diego County (North & East)--Fallbrook, Alpine & Valley Center",68532,0.5446 
"06","07302","U","CA","San Diego County (North & East)--Fallbrook, Alpine & Valley Center",57299,0.4554 
"06","07306","R","CA","San Diego County (Northwest)--Escondido City (East)",4742,0.0329 
"06","07306","U","CA","San Diego County (Northwest)--Escondido City (East)",139558,0.9671 
"06","07307","R","CA","San Diego County (Central)--Lakeside, Winter Gardens & Ramona",21644,0.1927 
"06","07307","U","CA","San Diego County (Central)--Lakeside, Winter Gardens & Ramona",90671,0.8073 
"06","07308","R","CA","San Diego County (Central)--San Diego (Northeast/Rancho Bernardo) & Poway Cities",3028,0.0236 
"06","07308","U","CA","San Diego County (Central)--San Diego (Northeast/Rancho Bernardo) & Poway Cities",125299,0.9764 
"06","07310","U","CA","San Diego County (West)--San Diego City (Southwest/Central Coastal)",165369,1 
"06","07311","U","CA","San Diego County (West Central)--San Diego City (Northwest/Del Mar Mesa)",123938,1 
"06","07312","R","CA","San Diego County (Central)--San Diego City (Central/Mira Mesa & University Heights) P",19,0.0002 
"06","07312","U","CA","San Diego County (Central)--San Diego City (Central/Mira Mesa & University Heights) P",123719,0.9998 
"06","07313","U","CA","San Diego County (Central)--El Cajon & Santee Cities",189588,1 
"06","07314","R","CA","San Diego County (Central)--San Diego (East Central/Navajo) & La Mesa Cities",1356,0.0085 
"06","07314","U","CA","San Diego County (Central)--San Diego (East Central/Navajo) & La Mesa Cities",157864,0.9915 
"06","07315","U","CA","San Diego County (West Central)--San Diego City (Central/Clairemont & Kearny Mesa) PU",166232,1 
"06","07316","U","CA","San Diego County (South Central)--San Diego City (Central/Centre City & Balboa Park)",178604,1 
"06","07317","U","CA","San Diego County (South Central)--San Diego City (Central/Mid-City)",164963,1 
"06","07322","R","CA","San Diego County (South)--San Diego City (South/Otay Mesa & South Bay)",5507,0.039 
"06","07322","U","CA","San Diego County (South)--San Diego City (South/Otay Mesa & South Bay)",135596,0.961 
"06","07323","R","CA","San Diego County (Northwest)--Vista City",2428,0.0208 
"06","07323","U","CA","San Diego County (Northwest)--Vista City",114094,0.9792 
"06","07324","U","CA","San Diego County (Northwest)--Carlsbad City",131292,1 
"06","07325","R","CA","San Diego County (Northwest)--San Marcos & Escondido (West) Cities",984,0.0078 
"06","07325","U","CA","San Diego County (Northwest)--San Marcos & Escondido (West) Cities",125240,0.9922 
"06","07326","R","CA","San Diego County (West)--San Diego (Northwest/San Dieguito) & Encinitas Cities",4751,0.0274 
"06","07326","U","CA","San Diego County (West)--San Diego (Northwest/San Dieguito) & Encinitas Cities",168621,0.9726 
"06","07327","U","CA","San Diego County (South)--San Diego City (Southeast/Encanto & Skyline)",149834,1 
"06","07328","R","CA","San Diego County (South Central)--Lemon Grove City, La Presa & Spring Valley",11340,0.0857 
"06","07328","U","CA","San Diego County (South Central)--Lemon Grove City, La Presa & Spring Valley",121036,0.9143 
"06","07329","R","CA","San Diego County (Southwest)--Sweetwater Region--Chula Vista City (East)",3357,0.0199 
"06","07329","U","CA","San Diego County (Southwest)--Sweetwater Region--Chula Vista City (East)",165524,0.9801 
"06","07330","R","CA","San Diego County (Southwest)--Chula Vista (West) & National City Cities",7,0 
"06","07330","U","CA","San Diego County (Southwest)--Chula Vista (West) & National City Cities",180107,1 
"06","07507","U","CA","San Francisco County (South Central)--Bayview & Hunters Point",115070,1 
"06","07508","U","CA","San Francisco County (Northwest)--Richmond, Western Addition & Presidio",100221,1 
"06","07509","U","CA","San Francisco County (Northeast)--Chinatown, North Beach & Russian Hill",115773,1 
"06","07510","U","CA","San Francisco County (Southeast)--South of Market & Mission",107058,1 
"06","07511","U","CA","San Francisco County (Southwest)--Central & Bernal Heights",128619,1 
"06","07512","U","CA","San Francisco County (Southwest)--Outer Sunset & Inner Sunset",100691,1 
"06","07513","U","CA","San Francisco County (Southwest)--Ingleside & South Central",104289,1 
"06","07514","U","CA","San Francisco County (Northwest)--Western Addition & Marina",102244,1 
"06","07705","R","CA","San Joaquin County (Central)--Stockton City (North)",1118,0.0057 
"06","07705","U","CA","San Joaquin County (Central)--Stockton City (North)",196611,0.9943 
"06","07706","R","CA","San Joaquin County (Central)--Stockton City (South)",917,0.0054 
"06","07706","U","CA","San Joaquin County (Central)--Stockton City (South)",170058,0.9946 
"06","07707","R","CA","San Joaquin County (West)--Tracy City",7241,0.0573 
"06","07707","U","CA","San Joaquin County (West)--Tracy City",119078,0.9427 
"06","07708","R","CA","San Joaquin County (East)--Lodi, Ripon & Escalon Cities",46268,0.2827 
"06","07708","U","CA","San Joaquin County (East)--Lodi, Ripon & Escalon Cities",117383,0.7173 
"06","07709","R","CA","San Joaquin County (South)--Lathrop & Manteca Cities",4857,0.0403 
"06","07709","U","CA","San Joaquin County (South)--Lathrop & Manteca Cities",115702,0.9597 
"06","07901","R","CA","San Luis Obispo County (West)--Coastal Region",11980,0.071 
"06","07901","U","CA","San Luis Obispo County (West)--Coastal Region",156717,0.929 
"06","07902","R","CA","San Luis Obispo County (East)--Inland Region",41929,0.3687 
"06","07902","U","CA","San Luis Obispo County (East)--Inland Region",71798,0.6313 
"06","08101","R","CA","San Mateo County (North Central)--Daly City, Pacifica Cities & Colma Town",63,0.0004 
"06","08101","U","CA","San Mateo County (North Central)--Daly City, Pacifica Cities & Colma Town",142585,0.9996 
"06","08102","R","CA","San Mateo County (North Central)--South San Francisco, San Bruno & Brisbane Cities PU",60,0.0005 
"06","08102","U","CA","San Mateo County (North Central)--South San Francisco, San Bruno & Brisbane Cities PU",123740,0.9995 
"06","08103","U","CA","San Mateo County (Central)--San Mateo (North), Burlingame & Millbrae Cities",110800,1 
"06","08104","R","CA","San Mateo County (South & West)--San Mateo (South) & Half Moon Bay Cities",8070,0.0622 
"06","08104","U","CA","San Mateo County (South & West)--San Mateo (South) & Half Moon Bay Cities",121639,0.9378 
"06","08105","R","CA","San Mateo County (East Central)--Redwood City, San Carlos & Belmont Cities",117,0.0008 
"06","08105","U","CA","San Mateo County (East Central)--Redwood City, San Carlos & Belmont Cities",139661,0.9992 
"06","08106","R","CA","San Mateo County (Southeast)--Menlo Park, East Palo Alto Cities & Atherton Town",4725,0.0401 
"06","08106","U","CA","San Mateo County (Southeast)--Menlo Park, East Palo Alto Cities & Atherton Town",112982,0.9599 
"06","08301","R","CA","Santa Barbara County (Northwest)--Santa Maria City & Orcutt",345,0.0026 
"06","08301","U","CA","Santa Barbara County (Northwest)--Santa Maria City & Orcutt",133712,0.9974 
"06","08302","R","CA","Santa Barbara County (North)--Lompoc, Guadalupe, Solvang & Buellton Cities",19155,0.1769 
"06","08302","U","CA","Santa Barbara County (North)--Lompoc, Guadalupe, Solvang & Buellton Cities",89105,0.8231 
"06","08303","R","CA","Santa Barbara County--South Coast Region",5464,0.0265 
"06","08303","U","CA","Santa Barbara County--South Coast Region",200448,0.9735 
"06","08505","R","CA","Santa Clara County (North Central)--San Jose City (East Central) & Alum Rock",1825,0.0167 
"06","08505","U","CA","Santa Clara County (North Central)--San Jose City (East Central) & Alum Rock",107493,0.9833 
"06","08506","R","CA","Santa Clara County (East)--Gilroy, Morgan Hill & San Jose (South) Cities",13568,0.1056 
"06","08506","U","CA","Santa Clara County (East)--Gilroy, Morgan Hill & San Jose (South) Cities",114918,0.8944 
"06","08507","R","CA","Santa Clara County (Southwest)--Cupertino, Saratoga Cities & Los Gatos Town",5575,0.0389 
"06","08507","U","CA","Santa Clara County (Southwest)--Cupertino, Saratoga Cities & Los Gatos Town",137690,0.9611 
"06","08508","U","CA","Santa Clara County (Central)--San Jose (West Central) & Campbell Cities",140927,1 
"06","08510","U","CA","Santa Clara County (Central)--San Jose City (Central)",160284,1 
"06","08511","U","CA","Santa Clara County (Central)--San Jose City (South Central/Branham) & Cambrian Park P",108867,1 
"06","08512","R","CA","Santa Clara County (Central)--San Jose City (Southwest/Almaden Valley)",1341,0.0118 
"06","08512","U","CA","Santa Clara County (Central)--San Jose City (Southwest/Almaden Valley)",111909,0.9882 
"06","08515","R","CA","Santa Clara County (Northwest)--Palo Alto City & Los Altos Hills Town",1235,0.012 
"06","08515","U","CA","Santa Clara County (Northwest)--Palo Alto City & Los Altos Hills Town",101594,0.988 
"06","08516","U","CA","Santa Clara County (Northwest)--Sunnyvale City",160703,1 
"06","08517","U","CA","Santa Clara County (Northwest)--Santa Clara City",126117,1 
"06","08518","R","CA","Santa Clara County (Northwest)--San Jose (Berryessa) & Milpitas Cities",308,0.0028 
"06","08518","U","CA","Santa Clara County (Northwest)--San Jose (Berryessa) & Milpitas Cities",107863,0.9972 
"06","08519","R","CA","Santa Clara County (Central)--San Jose City (North)",38,0.0002 
"06","08519","U","CA","Santa Clara County (Central)--San Jose City (North)",167670,0.9998 
"06","08520","R","CA","Santa Clara County (Central)--San Jose City (Southeast/Evergreen)",1611,0.0137 
"06","08520","U","CA","Santa Clara County (Central)--San Jose City (Southeast/Evergreen)",115635,0.9863 
"06","08521","U","CA","Santa Clara County (North)--San Jose City (North Valley/East San Jose)",133325,1 
"06","08522","R","CA","Santa Clara County (Northwest)--Mountain View & Los Altos Cities",36,0.0003 
"06","08522","U","CA","Santa Clara County (Northwest)--Mountain View & Los Altos Cities",115727,0.9997 
"06","08701","R","CA","Santa Cruz County (North)--Watsonville & Scotts Valley Cities",34520,0.225 
"06","08701","U","CA","Santa Cruz County (North)--Watsonville & Scotts Valley Cities",118892,0.775 
"06","08702","R","CA","Santa Cruz County (South & Coastal)--Santa Cruz City",1486,0.0127 
"06","08702","U","CA","Santa Cruz County (South & Coastal)--Santa Cruz City",115963,0.9873 
"06","08900","R","CA","Shasta County--Redding City",61553,0.3379 
"06","08900","U","CA","Shasta County--Redding City",120602,0.6621 
"06","09501","R","CA","Solano County (Southwest)--Vallejo & Benicia Cities",1296,0.0084 
"06","09501","U","CA","Solano County (Southwest)--Vallejo & Benicia Cities",153315,0.9916 
"06","09502","R","CA","Solano County (Central)--Fairfield & Suisun City Cities",5631,0.0362 
"06","09502","U","CA","Solano County (Central)--Fairfield & Suisun City Cities",150122,0.9638 
"06","09503","R","CA","Solano County (Northeast)--Vacaville & Dixon Cities",13282,0.0928 
"06","09503","U","CA","Solano County (Northeast)--Vacaville & Dixon Cities",129845,0.9072 
"06","09702","R","CA","Sonoma County (South)--Petaluma, Rohnert Park & Cotati Cities",4416,0.035 
"06","09702","U","CA","Sonoma County (South)--Petaluma, Rohnert Park & Cotati Cities",121928,0.965 
"06","09704","R","CA","Sonoma County (North)--Windsor Town, Healdsburg & Cloverdale Cities",46008,0.3778 
"06","09704","U","CA","Sonoma County (North)--Windsor Town, Healdsburg & Cloverdale Cities",75760,0.6222 
"06","09705","R","CA","Sonoma County (Central)--Santa Rosa City (West)",4989,0.0492 
"06","09705","U","CA","Sonoma County (Central)--Santa Rosa City (West)",96334,0.9508 
"06","09706","R","CA","Sonoma County (East)--Santa Rosa City (East)",11230,0.0805 
"06","09706","U","CA","Sonoma County (East)--Santa Rosa City (East)",128198,0.9195 
"06","09901","R","CA","Stanislaus County (Southwest)--Ceres, Patterson & Newman Cities",16683,0.135 
"06","09901","U","CA","Stanislaus County (Southwest)--Ceres, Patterson & Newman Cities",106884,0.865 
"06","09902","R","CA","Stanislaus County (Central)--Modesto City (West)",989,0.0079 
"06","09902","U","CA","Stanislaus County (Central)--Modesto City (West)",124766,0.9921 
"06","09903","R","CA","Stanislaus County (Northeast)--Turlock, Riverbank, Oakdale & Waterford Cities",27413,0.1464 
"06","09903","U","CA","Stanislaus County (Northeast)--Turlock, Riverbank, Oakdale & Waterford Cities",159836,0.8536 
"06","09904","R","CA","Stanislaus County (Central)--Modesto City (East)",88,0.0008 
"06","09904","U","CA","Stanislaus County (Central)--Modesto City (East)",116219,0.9992 
"06","10100","R","CA","Sutter & Yuba Counties--Yuba City & Marysville Cities",39085,0.2157 
"06","10100","U","CA","Sutter & Yuba Counties--Yuba City & Marysville Cities",142123,0.7843 
"06","10701","R","CA","Tulare County (Northwest)--Visalia City",4822,0.0313 
"06","10701","U","CA","Tulare County (Northwest)--Visalia City",149226,0.9687 
"06","10702","R","CA","Tulare County (West Central)--Tulare & Porterville Cities",21935,0.135 
"06","10702","U","CA","Tulare County (West Central)--Tulare & Porterville Cities",140490,0.865 
"06","10703","R","CA","Tulare County (Outside Visalia, Tulare & Porterville Cities)",68132,0.4349 
"06","10703","U","CA","Tulare County (Outside Visalia, Tulare & Porterville Cities)",88512,0.5651 
"06","11102","R","CA","Ventura County (Southeast)--Thousand Oaks City",2335,0.0155 
"06","11102","U","CA","Ventura County (Southeast)--Thousand Oaks City",148235,0.9845 
"06","11103","R","CA","Ventura County (Southwest)--Oxnard & Port Hueneme Cities",2,0 
"06","11103","U","CA","Ventura County (Southwest)--Oxnard & Port Hueneme Cities",194939,1 
"06","11104","R","CA","Ventura County (Southwest)--San Buenaventura (Ventura) City",279,0.0022 
"06","11104","U","CA","Ventura County (Southwest)--San Buenaventura (Ventura) City",127444,0.9978 
"06","11107","R","CA","Ventura County (North)--Santa Paula, Fillmore & Ojai Cities",17406,0.1569 
"06","11107","U","CA","Ventura County (North)--Santa Paula, Fillmore & Ojai Cities",93544,0.8431 
"06","11108","R","CA","Ventura County (Southeast)--Simi Valley City",1698,0.0132 
"06","11108","U","CA","Ventura County (Southeast)--Simi Valley City",127392,0.9868 
"06","11109","R","CA","Ventura County (South Central)--Camarillo City & Moorpark City (Southwest)",6691,0.0512 
"06","11109","U","CA","Ventura County (South Central)--Camarillo City & Moorpark City (Southwest)",123878,0.9488 
"06","11301","R","CA","Yolo County (North)--Woodland & Winters Cities, UC Davis & Rural",15778,0.1559 
"06","11301","U","CA","Yolo County (North)--Woodland & Winters Cities, UC Davis & Rural",85434,0.8441 
"06","11302","R","CA","Yolo County (South)--Davis & West Sacramento Cities",1638,0.0142 
"06","11302","U","CA","Yolo County (South)--Davis & West Sacramento Cities",113553,0.9858 
"08","00100","R","CO","Northwest Colorado",40356,0.3795 
"08","00100","U","CO","Northwest Colorado",65979,0.6205 
"08","00200","R","CO","Mid Mountain",33155,0.2735 
"08","00200","U","CO","Mid Mountain",88085,0.7265 
"08","00301","R","CO","Larimer",25829,0.247 
"08","00301","U","CO","Larimer",78741,0.753 
"08","00302","R","CO","Fort Collins",4651,0.0317 
"08","00302","U","CO","Fort Collins",141951,0.9683 
"08","00303","R","CO","Loveland",6303,0.0584 
"08","00303","U","CO","Loveland",101591,0.9416 
"08","00401","R","CO","Foothills",70659,0.6503 
"08","00401","U","CO","Foothills",37992,0.3497 
"08","00501","R","CO","East Boulder",9779,0.0783 
"08","00501","U","CO","East Boulder",115180,0.9217 
"08","00502","R","CO","Boulder",4459,0.0352 
"08","00502","U","CO","Boulder",122134,0.9648 
"08","00601","R","CO","Broomfield",1050,0.0063 
"08","00601","U","CO","Broomfield",165206,0.9937 
"08","00701","R","CO","Wheat Ridge",464,0.0036 
"08","00701","U","CO","Wheat Ridge",126680,0.9964 
"08","00702","U","CO","Lakewood",122279,1 
"08","00703","R","CO","South Jefferson",392,0.0026 
"08","00703","U","CO","South Jefferson",149299,0.9974 
"08","00801","R","CO","Highlands Ranch",2374,0.0176 
"08","00801","U","CO","Highlands Ranch",132793,0.9824 
"08","00901","R","CO","Castle Rock",20721,0.1609 
"08","00901","U","CO","Castle Rock",108051,0.8391 
"08","00902","R","CO","Parker",10639,0.0851 
"08","00902","U","CO","Parker",114433,0.9149 
"08","01001","R","CO","Weld Rural",32588,0.3216 
"08","01001","U","CO","Weld Rural",68733,0.6784 
"08","01002","R","CO","Greeley",587,0.0047 
"08","01002","U","CO","Greeley",123520,0.9953 
"08","01003","R","CO","South Weld",32666,0.3155 
"08","01003","U","CO","South Weld",70887,0.6845 
"08","01101","U","CO","Thornton",182360,1 
"08","01201","R","CO","Brighton",6385,0.0544 
"08","01201","U","CO","Brighton",111065,0.9456 
"08","01202","R","CO","Commerce City",3444,0.0191 
"08","01202","U","CO","Commerce City",176634,0.9809 
"08","01301","U","CO","North Aurora",134210,1 
"08","01401","R","CO","Adams Arapahoe",24518,0.2249 
"08","01401","U","CO","Adams Arapahoe",84509,0.7751 
"08","01501","U","CO","Englewood",111369,1 
"08","01601","R","CO","South Aurora",38,0.0003 
"08","01601","U","CO","South Aurora",112791,0.9997 
"08","01602","R","CO","South Metro",13,0.0001 
"08","01602","U","CO","South Metro",122355,0.9999 
"08","01603","R","CO","Southeast Aurora",116,0.001 
"08","01603","U","CO","Southeast Aurora",121046,0.999 
"08","01701","U","CO","Downtown Denver",149926,1 
"08","01702","R","CO","Northeast Denver",55,0.0003 
"08","01702","U","CO","Northeast Denver",177260,0.9997 
"08","01703","U","CO","Southwest Denver",122319,1 
"08","01704","U","CO","South Denver",119956,1 
"08","01705","R","CO","Glendale",49,0.0003 
"08","01705","U","CO","Glendale",176125,0.9997 
"08","01800","R","CO","Northeast Colorado",88999,0.7397 
"08","01800","U","CO","Northeast Colorado",31319,0.2603 
"08","01900","R","CO","Southeast Colorado",65926,0.6559 
"08","01900","U","CO","Southeast Colorado",34582,0.3441 
"08","02001","R","CO","El Paso Teller",59529,0.5382 
"08","02001","U","CO","El Paso Teller",51081,0.4618 
"08","02002","R","CO","North El Paso",25295,0.1685 
"08","02002","U","CO","North El Paso",124802,0.8315 
"08","02003","R","CO","West Colorado Springs",1462,0.013 
"08","02003","U","CO","West Colorado Springs",110873,0.987 
"08","02004","U","CO","Central Colorado Springs",108430,1 
"08","02005","R","CO","Northeast Colorado Springs",1987,0.015 
"08","02005","U","CO","Northeast Colorado Springs",130468,0.985 
"08","02006","R","CO","South Colorado Springs",1442,0.0102 
"08","02006","U","CO","South Colorado Springs",139736,0.9898 
"08","02101","R","CO","Central Mountain",75382,0.6458 
"08","02101","U","CO","Central Mountain",41343,0.3542 
"08","02200","R","CO","Southwest Colorado",74981,0.6487 
"08","02200","U","CO","Southwest Colorado",40602,0.3513 
"08","02301","R","CO","Pueblo",11224,0.0719 
"08","02301","U","CO","Pueblo",144978,0.9281 
"08","02401","R","CO","West Central Colorado",64743,0.6274 
"08","02401","U","CO","West Central Colorado",38446,0.3726 
"08","02501","R","CO","Mesa",4518,0.0324 
"08","02501","U","CO","Mesa",134817,0.9676 
"09","20100","R","CT","Northwest Hills",67529,0.6002 
"09","20100","U","CT","Northwest Hills",44974,0.3998 
"09","20201","U","CT","Hartford Town",121138,1 
"09","20202","R","CT","Connecticut River North",10050,0.063 
"09","20202","U","CT","Connecticut River North",149591,0.937 
"09","20203","R","CT","Capitol East",73698,0.6494 
"09","20203","U","CT","Capitol East",39785,0.3506 
"09","20204","R","CT","East Hartford, Manchester & Vernon Towns",1175,0.0083 
"09","20204","U","CT","East Hartford, Manchester & Vernon Towns",139798,0.9917 
"09","20205","R","CT","Glastonbury, Wethersfield, Rocky Hill & Newington Towns",5093,0.0447 
"09","20205","U","CT","Glastonbury, Wethersfield, Rocky Hill & Newington Towns",108745,0.9553 
"09","20206","R","CT","New Britain, Southington, Berlin & Plainville Towns",3998,0.0257 
"09","20206","U","CT","New Britain, Southington, Berlin & Plainville Towns",151338,0.9743 
"09","20207","R","CT","Capitol West",16585,0.1033 
"09","20207","U","CT","Capitol West",143928,0.8967 
"09","20301","R","CT","Northeastern Planning Region & Stafford Town",65866,0.6166 
"09","20301","U","CT","Northeastern Planning Region & Stafford Town",40954,0.3834 
"09","20401","R","CT","Shoreline Southeastern",8675,0.0709 
"09","20401","U","CT","Shoreline Southeastern",113710,0.9291 
"09","20402","R","CT","Inland Southeastern",64664,0.4078 
"09","20402","U","CT","Inland Southeastern",93897,0.5922 
"09","20500","R","CT","Lower Connecticut River Valley",54607,0.3134 
"09","20500","U","CT","Lower Connecticut River Valley",119618,0.6866 
"09","20601","R","CT","New Haven Town",318,0.0024 
"09","20601","U","CT","New Haven Town",133705,0.9976 
"09","20602","R","CT","South Central West",8746,0.0642 
"09","20602","U","CT","South Central West",127546,0.9358 
"09","20603","R","CT","South Central North",3404,0.0204 
"09","20603","U","CT","South Central North",163223,0.9796 
"09","20604","R","CT","South Central East",8226,0.0614 
"09","20604","U","CT","South Central East",125645,0.9386 
"09","20701","R","CT","Waterbury Town",267,0.0023 
"09","20701","U","CT","Waterbury Town",114136,0.9977 
"09","20702","R","CT","Naugatuck Valley North",24649,0.137 
"09","20702","U","CT","Naugatuck Valley North",155299,0.863 
"09","20703","R","CT","Naugatuck Valley South",16932,0.1063 
"09","20703","U","CT","Naugatuck Valley South",142423,0.8937 
"09","20801","U","CT","Bridgeport Town",148654,1 
"09","20802","R","CT","Bridgeport Suburban",9311,0.0526 
"09","20802","U","CT","Bridgeport Suburban",167813,0.9474 
"09","20901","R","CT","Stamford & Greenwich Towns",6345,0.0319 
"09","20901","U","CT","Stamford & Greenwich Towns",192643,0.9681 
"09","20902","R","CT","Western Central",16332,0.1559 
"09","20902","U","CT","Western Central",88444,0.8441 
"09","20903","R","CT","Norwalk & Westport Towns",9,0.0001 
"09","20903","U","CT","Norwalk & Westport Towns",118316,0.9999 
"09","20904","R","CT","Western North",29826,0.1503 
"09","20904","U","CT","Western North",168634,0.8497 
"10","00101","R","DE","Brandywine/Piedmont",4178,0.033 
"10","00101","U","DE","Brandywine/Piedmont",122578,0.967 
"10","00102","U","DE","Greater Wilmington",123340,1 
"10","00103","R","DE","Churchmans/New Castle",48,0.0005 
"10","00103","U","DE","Churchmans/New Castle",105979,0.9995 
"10","00104","R","DE","Greater Newark",245,0.0022 
"10","00104","U","DE","Greater Newark",108952,0.9978 
"10","00105","R","DE","South Glasgow/Middletown",30310,0.2876 
"10","00105","U","DE","South Glasgow/Middletown",75089,0.7124 
"10","00200","R","DE","Kent",48139,0.2647 
"10","00200","U","DE","Kent",133712,0.7353 
"10","00301","R","DE","Sussex East",31959,0.2703 
"10","00301","U","DE","Sussex East",86298,0.7297 
"10","00302","R","DE","Sussex West",57252,0.4806 
"10","00302","U","DE","Sussex West",61869,0.5194 
"11","00101","U","DC","District of Columbia (West)",110761,1 
"11","00102","U","DC","District of Columbia (North)",109790,1 
"11","00103","U","DC","District of Columbia (Northeast)",109870,1 
"11","00104","U","DC","District of Columbia (East)",138727,1 
"11","00105","U","DC","District of Columbia (Central)",113382,1 
"11","00106","U","DC","District of Columbia (South Central)",107015,1 
"12","00101","R","FL","Alachua County (Central)--Gainesville City (Central)",4001,0.0255 
"12","00101","U","FL","Alachua County (Central)--Gainesville City (Central)",153106,0.9745 
"12","00102","R","FL","Alachua County (Outer)",60719,0.5003 
"12","00102","U","FL","Alachua County (Outer)",60642,0.4997 
"12","00398","R","FL","Baker & Nassau Counties",56925,0.4799 
"12","00398","U","FL","Baker & Nassau Counties",61686,0.5201 
"12","00500","R","FL","Bay County",24897,0.1421 
"12","00500","U","FL","Bay County",150319,0.8579 
"12","00798","R","FL","Bradford, Columbia, Dixie, Gilchrist, Levy, & Union Counties",158073,0.8246 
"12","00798","U","FL","Bradford, Columbia, Dixie, Gilchrist, Levy, & Union Counties",33613,0.1754 
"12","00901","R","FL","Brevard County (Northwest)--Titusville",10543,0.1022 
"12","00901","U","FL","Brevard County (Northwest)--Titusville",92640,0.8978 
"12","00902","R","FL","Brevard County (East)--Beaches & Merritt Island",2643,0.0215 
"12","00902","U","FL","Brevard County (East)--Beaches & Merritt Island",120103,0.9785 
"12","00903","R","FL","Brevard County (Southwest)--Melbourne & West Melbourne Cities",1851,0.0142 
"12","00903","U","FL","Brevard County (Southwest)--Melbourne & West Melbourne Cities",128707,0.9858 
"12","00904","R","FL","Brevard County (Southeast)--Palm Bay City, Grant-Valkaria & Malabar Towns",7397,0.0504 
"12","00904","U","FL","Brevard County (Southeast)--Palm Bay City, Grant-Valkaria & Malabar Towns",139470,0.9496 
"12","00905","R","FL","Brevard County (West)--Rockledge & Cocoa Cities",1105,0.0107 
"12","00905","U","FL","Brevard County (West)--Rockledge & Cocoa Cities",102153,0.9893 
"12","01101","U","FL","Broward County (NNW)--Coral Springs (North), Parkland, & Coconut Creek (North) Cities",102449,1 
"12","01102","U","FL","Broward County (N Central)--Margate, Coconut Creek (South), & North Lauderdale Cities",102696,1 
"12","01103","U","FL","Broward County (NE)--Deerfield Beach, Pompano Beach (North) & Lighthouse Point Cities",101555,1 
"12","01104","U","FL","Broward County (NE)--Pompano Beach (South) City",105136,1 
"12","01105","U","FL","Broward County (West Central)--Tamarac, & North Lauderdale, & Sunrise (North) Cities",105775,1 
"12","01106","U","FL","Broward County (West Central)--Plantation & Sunrise Cities",185568,1 
"12","01107","U","FL","Broward County (Central)--Lauderhill & Lauderdale Lakes Cities",105368,1 
"12","01108","U","FL","Broward County (East Central)--Fort Lauderdale City (Central)",131097,1 
"12","01109","U","FL","Broward County (Southeast)--Hollywood (North) & Dania Beach Cities",115621,1 
"12","01110","U","FL","Broward County (Central)--Davie Town & Cooper City",116150,1 
"12","01111","U","FL","Broward County (Southwest)--Pembroke Pines (West) City",117083,1 
"12","01112","U","FL","Broward County (SSW)--Miramar (West) & Pembroke Pines (Southwest) Cities",102007,1 
"12","01113","U","FL","Broward County (Southeast)--Hollywood (South) & Pembroke Pines (East) Cities",126103,1 
"12","01114","U","FL","Broward County (SSE)--Miramar (East), Hallandale Beach & West Park Cities",100735,1 
"12","01115","R","FL","Broward County (Northwest) Coral Springs City",3,0 
"12","01115","U","FL","Broward County (Northwest) Coral Springs City",103780,1 
"12","01116","U","FL","Broward County (East Central)--Wilton Manors, Fort Lauderdale (North), Oakland Park P",120176,1 
"12","01117","R","FL","Broward County (West) Weston, Sunrise (S), Davie (W) Cities & Southwest Ranches Town",149,0.0014 
"12","01117","U","FL","Broward County (West) Weston, Sunrise (S), Davie (W) Cities & Southwest Ranches Town",102924,0.9986 
"12","01398","R","FL","Calhoun, Franklin, Gadsden, Gulf, Jackson, Jefferson, Liberty, & Wakulla Counties PUM",163459,0.8709 
"12","01398","U","FL","Calhoun, Franklin, Gadsden, Gulf, Jackson, Jefferson, Liberty, & Wakulla Counties PUM",24225,0.1291 
"12","01500","R","FL","Charlotte County",12145,0.065 
"12","01500","U","FL","Charlotte County",174702,0.935 
"12","01700","R","FL","Citrus County",38421,0.2497 
"12","01700","U","FL","Citrus County",115422,0.7503 
"12","01901","R","FL","Clay County (North, Central, & South)",31452,0.2972 
"12","01901","U","FL","Clay County (North, Central, & South)",74388,0.7028 
"12","01902","R","FL","Clay County (Northeast)",31,0.0003 
"12","01902","U","FL","Clay County (Northeast)",112374,0.9997 
"12","02101","U","FL","Collier County (Northwest)",120770,1 
"12","02102","R","FL","Collier County (Southwest)",1060,0.0092 
"12","02102","U","FL","Collier County (Southwest)",113932,0.9908 
"12","02103","R","FL","Collier County (East)",42613,0.3044 
"12","02103","U","FL","Collier County (East)",97377,0.6956 
"12","02799","R","FL","Southwest Heartland--DeSoto, Hardee, & Highlands (Northwest) Counties",45154,0.3018 
"12","02799","U","FL","Southwest Heartland--DeSoto, Hardee, & Highlands (Northwest) Counties",104450,0.6982 
"12","03101","R","FL","Duval County (Outer)--Jacksonville City (North & West)",23546,0.1582 
"12","03101","U","FL","Duval County (Outer)--Jacksonville City (North & West)",125297,0.8418 
"12","03102","R","FL","Duval County (Northwest Central)--Jacksonville City (Northwest)",408,0.0033 
"12","03102","U","FL","Duval County (Northwest Central)--Jacksonville City (Northwest)",124250,0.9967 
"12","03103","U","FL","Duval County (Southwest Central)--Jacksonville City (Southwest)",169543,1 
"12","03104","R","FL","Duval County (North Central)--Jacksonville City (Arlington)",75,0.0006 
"12","03104","U","FL","Duval County (North Central)--Jacksonville City (Arlington)",116572,0.9994 
"12","03105","R","FL","Duval County (East)--Jacksonville City (Beaches)",430,0.0029 
"12","03105","U","FL","Duval County (East)--Jacksonville City (Beaches)",145772,0.9971 
"12","03106","R","FL","Duval County (Southeast)--Jacksonville City (Southeast)",1911,0.0121 
"12","03106","U","FL","Duval County (Southeast)--Jacksonville City (Southeast)",155641,0.9879 
"12","03107","R","FL","Duval County (South Central)--Jacksonville City (Southeast River)",20,0.0002 
"12","03107","U","FL","Duval County (South Central)--Jacksonville City (Southeast River)",132102,0.9998 
"12","03301","R","FL","Escambia County (North)",21749,0.2128 
"12","03301","U","FL","Escambia County (North)",80447,0.7872 
"12","03302","R","FL","Escambia County (Southeast)",8,0.0001 
"12","03302","U","FL","Escambia County (Southeast)",116841,0.9999 
"12","03303","R","FL","Escambia County (Southwest)",2792,0.0271 
"12","03303","U","FL","Escambia County (Southwest)",100068,0.9729 
"12","03500","R","FL","Flagler County",8830,0.0765 
"12","03500","U","FL","Flagler County",106548,0.9235 
"12","04798","R","FL","Hamilton, Lafayette, Madison, Suwannee, & Taylor Counties",92269,0.8749 
"12","04798","U","FL","Hamilton, Lafayette, Madison, Suwannee, & Taylor Counties",13199,0.1251 
"12","05199","R","FL","Southeast Heartland--Hendry, Highlands (South & East), Glades, & Okeechobee Counties",45878,0.4484 
"12","05199","U","FL","Southeast Heartland--Hendry, Highlands (South & East), Glades, & Okeechobee Counties",56445,0.5516 
"12","05300","R","FL","Hernando County",39016,0.2006 
"12","05300","U","FL","Hernando County",155499,0.7994 
"12","05701","U","FL","Hillsborough County (Central)--Tampa City (Central)",151369,1 
"12","05702","R","FL","Hillsborough County (Southwest)--Tampa City (South Central)",10,0.0001 
"12","05702","U","FL","Hillsborough County (Southwest)--Tampa City (South Central)",102382,0.9999 
"12","05703","R","FL","Hillsborough County (Northwest)",3441,0.0208 
"12","05703","U","FL","Hillsborough County (Northwest)",161878,0.9792 
"12","05704","R","FL","Hillsborough County (North Central)",1468,0.0116 
"12","05704","U","FL","Hillsborough County (North Central)",125217,0.9884 
"12","05705","R","FL","Hillsborough County (North Central)--Tampa City (North)",3144,0.0176 
"12","05705","U","FL","Hillsborough County (North Central)--Tampa City (North)",175101,0.9824 
"12","05706","R","FL","Hillsborough County (Northeast)",22523,0.1662 
"12","05706","U","FL","Hillsborough County (Northeast)",112988,0.8338 
"12","05707","U","FL","Hillsborough County (Central)",148909,1 
"12","05708","R","FL","Hillsborough County (Southwest)",7124,0.0643 
"12","05708","U","FL","Hillsborough County (Southwest)",103588,0.9357 
"12","05709","R","FL","Hillsborough County (Southeast)",14998,0.146 
"12","05709","U","FL","Hillsborough County (Southeast)",87756,0.854 
"12","05710","R","FL","Hillsborough County (Southwest)--Tampa City (South)",257,0.0021 
"12","05710","U","FL","Hillsborough County (Southwest)--Tampa City (South)",119769,0.9979 
"12","05711","R","FL","Hillsborough County (Central)--Progress Village, Gibsonton, Riverview",642,0.0054 
"12","05711","U","FL","Hillsborough County (Central)--Progress Village, Gibsonton, Riverview",117198,0.9946 
"12","05998","R","FL","Holmes, Walton, & Washington Counties",87253,0.7254 
"12","05998","U","FL","Holmes, Walton, & Washington Counties",33023,0.2746 
"12","06100","R","FL","Indian River County",11573,0.0724 
"12","06100","U","FL","Indian River County",148215,0.9276 
"12","06901","R","FL","Lake County (Northeast)",28801,0.277 
"12","06901","U","FL","Lake County (Northeast)",75166,0.723 
"12","06902","R","FL","Lake County (Northwest)",23330,0.1768 
"12","06902","U","FL","Lake County (Northwest)",108590,0.8232 
"12","06903","R","FL","Lake County (South)",16719,0.1129 
"12","06903","U","FL","Lake County (South)",131350,0.8871 
"12","07101","R","FL","Lee County (South & West)--Barrier Islands Region",6901,0.0556 
"12","07101","U","FL","Lee County (South & West)--Barrier Islands Region",117126,0.9444 
"12","07102","U","FL","Lee County (North)--Cape Coral City (South)",104362,1 
"12","07103","R","FL","Lee County (Northeast)--Lehigh Acres & North Fort Myers",16174,0.0923 
"12","07103","U","FL","Lee County (Northeast)--Lehigh Acres & North Fort Myers",159012,0.9077 
"12","07104","R","FL","Lee County (Central)--Greater Fort Myers City",2472,0.0203 
"12","07104","U","FL","Lee County (Central)--Greater Fort Myers City",119478,0.9797 
"12","07105","R","FL","Lee County (Southeast)--Bonita Springs City & Estero (East)",3421,0.0262 
"12","07105","U","FL","Lee County (Southeast)--Bonita Springs City & Estero (East)",127241,0.9738 
"12","07106","R","FL","Lee County (North)--Cape Coral City (North)",917,0.0088 
"12","07106","U","FL","Lee County (North)--Cape Coral City (North)",103718,0.9912 
"12","07301","R","FL","Leon County (Outer)",39135,0.2679 
"12","07301","U","FL","Leon County (Outer)",106966,0.7321 
"12","07302","R","FL","Leon County (Central)--Tallahassee City (Central)",129,0.0009 
"12","07302","U","FL","Leon County (Central)--Tallahassee City (Central)",145968,0.9991 
"12","08101","R","FL","Manatee County (North)",8833,0.0618 
"12","08101","U","FL","Manatee County (North)",134070,0.9382 
"12","08102","R","FL","Manatee County (West Central)",925,0.0076 
"12","08102","U","FL","Manatee County (West Central)",121111,0.9924 
"12","08103","R","FL","Manatee County (South)",8994,0.0667 
"12","08103","U","FL","Manatee County (South)",125777,0.9333 
"12","08301","R","FL","Marion County (North)",77818,0.7073 
"12","08301","U","FL","Marion County (North)",32200,0.2927 
"12","08302","R","FL","Marion County (Central)--Ocala City",9155,0.0793 
"12","08302","U","FL","Marion County (Central)--Ocala City",106304,0.9207 
"12","08303","R","FL","Marion County (South Central)",23338,0.1551 
"12","08303","U","FL","Marion County (South Central)",127093,0.8449 
"12","08500","R","FL","Martin County",11601,0.0732 
"12","08500","U","FL","Martin County",146830,0.9268 
"12","08601","R","FL","Miami-Dade County (North Central)--Greater Miami Lakes Town",206,0.0019 
"12","08601","U","FL","Miami-Dade County (North Central)--Greater Miami Lakes Town",111119,0.9981 
"12","08602","U","FL","Miami-Dade County (North Central)--Miami Gardens City",116815,1 
"12","08603","U","FL","Miami-Dade County (Northeast)--Greater North Miami Beach City (West)",101228,1 
"12","08604","U","FL","Miami-Dade County (NE)--Aventura, Sunny Isles Beach, North Miami Beach (East) Cities",104627,1 
"12","08605","U","FL","Miami-Dade County--North Miami City & Miami Shores & Biscayne Park Villages",103056,1 
"12","08606","U","FL","Miami-Dade County (Northeast)--Opa-Locka City, West Little River & Brownsville",121749,1 
"12","08607","U","FL","Miami-Dade County (Northeast)--Greater Hialeah City (North)",111152,1 
"12","08608","R","FL","Miami-Dade County (North Central)--Sweetwater City & Fontainebleau",1491,0.0147 
"12","08608","U","FL","Miami-Dade County (North Central)--Sweetwater City & Fontainebleau",99874,0.9853 
"12","08609","U","FL","Miami-Dade County (Northeast)--Hialeah City (South)",122213,1 
"12","08610","U","FL","Miami-Dade County (Central)--MIA, Miami Springs & Doral Cities",100917,1 
"12","08611","U","FL","Miami-Dade County (Northeast Central)--Miami City (North)",110581,1 
"12","08612","U","FL","Miami-Dade County (Northeast)--Miami Beach City, Surfside & Bay Harbor Islands Towns",105071,1 
"12","08613","U","FL","Miami-Dade County (Northeast Central)--Miami City (Downtown)",120640,1 
"12","08614","R","FL","Miami-Dade County (East)--Miami City (South) & Key Biscayne Village",36,0.0003 
"12","08614","U","FL","Miami-Dade County (East)--Miami City (South) & Key Biscayne Village",118830,0.9997 
"12","08615","U","FL","Miami-Dade County (East Central)--Miami City (West)",103437,1 
"12","08616","U","FL","Miami-Dade County (East)--Coral Gables City, Pinecrest Village & Kendall (South)",107216,1 
"12","08617","U","FL","Miami-Dade County (East Central)--South Miami City, Westchester & Coral Terrace",104379,1 
"12","08618","R","FL","Miami-Dade County (North Central)--Tamiami Trail Region (South), Tamiami",2900,0.0268 
"12","08618","U","FL","Miami-Dade County (North Central)--Tamiami Trail Region (South), Tamiami",105323,0.9732 
"12","08619","R","FL","Miami-Dade County (Central)--Kendale Lakes (Southwest) & Kendall West (South)",34,0.0003 
"12","08619","U","FL","Miami-Dade County (Central)--Kendale Lakes (Southwest) & Kendall West (South)",104128,0.9997 
"12","08620","U","FL","Miami-Dade County (East Central)--Kendall (North), Sunset & Westwood Lakes",102738,1 
"12","08621","R","FL","Miami-Dade County (Central)--The Hammocks (West), Richmond West (West) & Country Walk",933,0.0066 
"12","08621","U","FL","Miami-Dade County (Central)--The Hammocks (West), Richmond West (West) & Country Walk",140683,0.9934 
"12","08622","R","FL","Miami-Dade County (Southwest)--South Miami Heights",9360,0.0718 
"12","08622","U","FL","Miami-Dade County (Southwest)--South Miami Heights",121066,0.9282 
"12","08623","R","FL","Miami-Dade County (Southeast)--Cutler Bay Town & Palmetto Bay Village",426,0.0039 
"12","08623","U","FL","Miami-Dade County (Southeast)--Cutler Bay Town & Palmetto Bay Village",109544,0.9961 
"12","08624","R","FL","Miami-Dade County (South)--Homestead City (North) & Florida City (North)",795,0.0076 
"12","08624","U","FL","Miami-Dade County (South)--Homestead City (North) & Florida City (North)",103207,0.9924 
"12","08625","R","FL","Miami-Dade (South/Outside Urban Development Boundary) & Monroe Counties",18017,0.1516 
"12","08625","U","FL","Miami-Dade (South/Outside Urban Development Boundary) & Monroe Counties",100850,0.8484 
"12","09101","R","FL","Okaloosa County (North)",22466,0.2037 
"12","09101","U","FL","Okaloosa County (North)",87824,0.7963 
"12","09102","R","FL","Okaloosa County (South)",58,0.0006 
"12","09102","U","FL","Okaloosa County (South)",101320,0.9994 
"12","09501","R","FL","Orange County (Northwest)",4877,0.0323 
"12","09501","U","FL","Orange County (Northwest)",146036,0.9677 
"12","09502","R","FL","Orange County (West Central)--Winter Garden, Ocoee Cities & Oakland Town",172,0.0012 
"12","09502","U","FL","Orange County (West Central)--Winter Garden, Ocoee Cities & Oakland Town",144100,0.9988 
"12","09503","R","FL","Orange County (Southwest)--Disney-International Drive Region",3831,0.0222 
"12","09503","U","FL","Orange County (Southwest)--Disney-International Drive Region",168692,0.9778 
"12","09504","R","FL","Orange County (South Central)--Orlando City (South Central), Conway & Pine Castle PUM",736,0.0042 
"12","09504","U","FL","Orange County (South Central)--Orlando City (South Central), Conway & Pine Castle PUM",173076,0.9958 
"12","09505","U","FL","Orange County (Central)--Orlando City (East Downtown) & Azalea Park",127169,1 
"12","09506","U","FL","Orange County (Central)--Orlando City (West Downtown) & Pine Hills (Southeast)",117554,1 
"12","09507","U","FL","Orange County (North Central)--Orlando (North), Winter Park & Maitland Cities",121871,1 
"12","09508","R","FL","Orange County (North Central)--Orlando City (Univ. of Central Florida) & Union Park P",58,0.0004 
"12","09508","U","FL","Orange County (North Central)--Orlando City (Univ. of Central Florida) & Union Park P",130141,0.9996 
"12","09509","R","FL","Orange County (Southeast)",4581,0.0301 
"12","09509","U","FL","Orange County (Southeast)",147388,0.9699 
"12","09510","R","FL","Orange County (Northeast)",19315,0.1383 
"12","09510","U","FL","Orange County (Northeast)",120311,0.8617 
"12","09701","R","FL","Osceola County (West)",5467,0.0531 
"12","09701","U","FL","Osceola County (West)",97440,0.9469 
"12","09702","R","FL","Osceola County (East)",18393,0.1813 
"12","09702","U","FL","Osceola County (East)",83076,0.8187 
"12","09703","R","FL","Osceola County (West)--Kissimmee",647,0.0035 
"12","09703","U","FL","Osceola County (West)--Kissimmee",183633,0.9965 
"12","09901","R","FL","Palm Beach County (Northeast)",2089,0.0182 
"12","09901","U","FL","Palm Beach County (Northeast)",112747,0.9818 
"12","09902","R","FL","Palm Beach County (Northeast)--Palm Beach Gardens & Riviera Beach Cities",543,0.0042 
"12","09902","U","FL","Palm Beach County (Northeast)--Palm Beach Gardens & Riviera Beach Cities",127897,0.9958 
"12","09903","U","FL","Palm Beach County (East)--West Palm Beach City (Southeast) & Palm Beach Town",164912,1 
"12","09904","U","FL","Palm Beach County (East)--Greenacres City (North) & Palm Springs Village (North)",141123,1 
"12","09905","U","FL","Palm Beach County (East Central)--Lake Worth City, Lantana Town & Atlantis City",140214,1 
"12","09906","U","FL","Palm Beach County (East Central)--Greater Boynton Beach City (North)",167950,1 
"12","09907","U","FL","Palm Beach County (Southeast)--Greater Delray Beach City",128355,1 
"12","09908","U","FL","Palm Beach County (Southeast)--Boca Raton City & Highland Beach Town",122789,1 
"12","09909","R","FL","Palm Beach County (West of Boca Raton City)",43,0.0004 
"12","09909","U","FL","Palm Beach County (West of Boca Raton City)",113568,0.9996 
"12","09910","R","FL","Palm Beach County (Central)--Wellington Village & Agricultural Reserve",1618,0.0131 
"12","09910","U","FL","Palm Beach County (Central)--Wellington Village & Agricultural Reserve",122214,0.9869 
"12","09911","R","FL","Palm Beach County (West)--Glades & Western Communities",8373,0.0573 
"12","09911","U","FL","Palm Beach County (West)--Glades & Western Communities",137756,0.9427 
"12","10101","R","FL","Pasco County (East Central)",27781,0.1963 
"12","10101","U","FL","Pasco County (East Central)",113731,0.8037 
"12","10102","R","FL","Pasco County (West Central)",8390,0.067 
"12","10102","U","FL","Pasco County (West Central)",116850,0.933 
"12","10103","R","FL","Pasco County (Gulf Coast)",274,0.0019 
"12","10103","U","FL","Pasco County (Gulf Coast)",140870,0.9981 
"12","10104","R","FL","Pasco County (South)",4263,0.0277 
"12","10104","U","FL","Pasco County (South)",149732,0.9723 
"12","10301","R","FL","Pinellas County (North)",1741,0.014 
"12","10301","U","FL","Pinellas County (North)",122495,0.986 
"12","10302","U","FL","Pinellas County (North Central)",111090,1 
"12","10303","U","FL","Pinellas County (Central)--Clearwater City (South & Central)",112563,1 
"12","10304","R","FL","Pinellas County (Central)--Greater Largo City",5,0 
"12","10304","U","FL","Pinellas County (Central)--Greater Largo City",109949,1 
"12","10305","U","FL","Pinellas County (West Central)--Greater Seminole City",110420,1 
"12","10306","R","FL","Pinellas County (Central)--Greater Pinellas Park City",33,0.0003 
"12","10306","U","FL","Pinellas County (Central)--Greater Pinellas Park City",116671,0.9997 
"12","10307","R","FL","Pinellas County (Southeast)--St. Petersburg City (East)",45,0.0003 
"12","10307","U","FL","Pinellas County (Southeast)--St. Petersburg City (East)",161261,0.9997 
"12","10308","R","FL","Pinellas County (South Central)--St. Petersburg City (West)",3,0 
"12","10308","U","FL","Pinellas County (South Central)--St. Petersburg City (West)",112831,1 
"12","10501","R","FL","Polk County (Northwest)",292,0.0027 
"12","10501","U","FL","Polk County (Northwest)",106386,0.9973 
"12","10502","R","FL","Polk County (Northeast)",8086,0.0446 
"12","10502","U","FL","Polk County (Northeast)",173290,0.9554 
"12","10503","R","FL","Polk County (Central)",6927,0.0456 
"12","10503","U","FL","Polk County (Central)",145083,0.9544 
"12","10504","R","FL","Polk County (South)",49199,0.3085 
"12","10504","U","FL","Polk County (South)",110299,0.6915 
"12","10505","R","FL","Polk County (North)",14415,0.1149 
"12","10505","U","FL","Polk County (North)",111069,0.8851 
"12","10799","R","FL","Putnam & St. Johns (South) Counties",67963,0.639 
"12","10799","U","FL","Putnam & St. Johns (South) Counties",38399,0.361 
"12","10902","R","FL","St. Johns County (Northwest)",16016,0.1563 
"12","10902","U","FL","St. Johns County (Northwest)",86459,0.8437 
"12","10903","R","FL","St. Johns County (Northeast)",9758,0.0708 
"12","10903","U","FL","St. Johns County (Northeast)",128151,0.9292 
"12","11101","R","FL","St. Lucie County (North)",7538,0.0715 
"12","11101","U","FL","St. Lucie County (North)",97922,0.9285 
"12","11102","R","FL","St. Lucie County (Southeast)",3286,0.0316 
"12","11102","U","FL","St. Lucie County (Southeast)",100830,0.9684 
"12","11103","R","FL","St. Lucie County (Southwest)",823,0.0069 
"12","11103","U","FL","St. Lucie County (Southwest)",118827,0.9931 
"12","11300","R","FL","Santa Rosa County",37417,0.199 
"12","11300","U","FL","Santa Rosa County",150583,0.801 
"12","11501","R","FL","Sarasota County (North)",126,0.001 
"12","11501","U","FL","Sarasota County (North)",130453,0.999 
"12","11502","R","FL","Sarasota County (Central & Gulf Coast)",442,0.003 
"12","11502","U","FL","Sarasota County (Central & Gulf Coast)",145379,0.997 
"12","11503","R","FL","Sarasota County (East)",9894,0.0628 
"12","11503","U","FL","Sarasota County (East)",147712,0.9372 
"12","11701","R","FL","Seminole County (West)",1526,0.0126 
"12","11701","U","FL","Seminole County (West)",119365,0.9874 
"12","11702","R","FL","Seminole County (North Central)",35,0.0003 
"12","11702","U","FL","Seminole County (North Central)",114453,0.9997 
"12","11703","R","FL","Seminole County (South Central)",4,0 
"12","11703","U","FL","Seminole County (South Central)",113463,1 
"12","11704","R","FL","Seminole County (East)",13712,0.1124 
"12","11704","U","FL","Seminole County (East)",108298,0.8876 
"12","11900","R","FL","Sumter County",27997,0.2158 
"12","11900","U","FL","Sumter County",101755,0.7842 
"12","12701","R","FL","Volusia County (Central & Northwest)--DeLand, DeBary Cities & Pierson Town",15874,0.1239 
"12","12701","U","FL","Volusia County (Central & Northwest)--DeLand, DeBary Cities & Pierson Town",112287,0.8761 
"12","12702","R","FL","Volusia County (Northeast)--Daytona Beach, Ormond Beach & Holly Hill Cities",8254,0.0553 
"12","12702","U","FL","Volusia County (Northeast)--Daytona Beach, Ormond Beach & Holly Hill Cities",141029,0.9447 
"12","12703","R","FL","Volusia County--Port Orange, Edgewater, New Smyrna Beach (East) & Oak Hill Cities PUM",9059,0.0642 
"12","12703","U","FL","Volusia County--Port Orange, Edgewater, New Smyrna Beach (East) & Oak Hill Cities PUM",132008,0.9358 
"12","12704","R","FL","Volusia County (Southwest Central)--Deltona & Lake Helen Cities",14069,0.1042 
"12","12704","U","FL","Volusia County (Southwest Central)--Deltona & Lake Helen Cities",120963,0.8958 
"13","00100","R","GA","Northwest Georgia Regional Commission--Walker, Catoosa, Chattooga & Dade Counties PUM",80725,0.4567 
"13","00100","U","GA","Northwest Georgia Regional Commission--Walker, Catoosa, Chattooga & Dade Counties PUM",96017,0.5433 
"13","00200","R","GA","Northwest Georgia Regional Commission (North Central)--Whitfield County",35892,0.3489 
"13","00200","U","GA","Northwest Georgia Regional Commission (North Central)--Whitfield County",66972,0.6511 
"13","00300","R","GA","Northwest Georgia Regional Commission (Northeast)",138409,0.7386 
"13","00300","U","GA","Northwest Georgia Regional Commission (Northeast)",48996,0.2614 
"13","00400","R","GA","Georgia Mountains Regional Commission (North & Northwest)",127589,0.8966 
"13","00400","U","GA","Georgia Mountains Regional Commission (North & Northwest)",14708,0.1034 
"13","00500","R","GA","Georgia Mountains Regional Commission (Southeast)",102816,0.7339 
"13","00500","U","GA","Georgia Mountains Regional Commission (Southeast)",37286,0.2661 
"13","00601","R","GA","Georgia Mountains Regional Commission--Hall County (West)--Flowery Branch City",23827,0.2327 
"13","00601","U","GA","Georgia Mountains Regional Commission--Hall County (West)--Flowery Branch City",78567,0.7673 
"13","00602","R","GA","Georgia Mountains Regional Commission--Hall County (East)--Gainesville City",28883,0.2867 
"13","00602","U","GA","Georgia Mountains Regional Commission--Hall County (East)--Gainesville City",71859,0.7133 
"13","00701","R","GA","Atlanta Regional Commission (Northeast)--Forsyth County (North)",19116,0.185 
"13","00701","U","GA","Atlanta Regional Commission (Northeast)--Forsyth County (North)",84202,0.815 
"13","00702","R","GA","Atlanta Regional Commision (Northeast)--Forsyth County (South)--Cumming City",330,0.0022 
"13","00702","U","GA","Atlanta Regional Commision (Northeast)--Forsyth County (South)--Cumming City",147635,0.9978 
"13","00801","R","GA","Atlanta Regional Commission (Northwest)--Cherokee County--Ball Ground City",41735,0.3796 
"13","00801","U","GA","Atlanta Regional Commission (Northwest)--Cherokee County--Ball Ground City",68215,0.6204 
"13","00802","R","GA","Atlanta Regional Commission (Northwest)--Cherokee County--Woodstock & Canton Cities P",7051,0.045 
"13","00802","U","GA","Atlanta Regional Commission (Northwest)--Cherokee County--Woodstock & Canton Cities P",149619,0.955 
"13","00900","R","GA","Northwest Georgia Regional Commission (East Central)--Bartow County",42941,0.3943 
"13","00900","U","GA","Northwest Georgia Regional Commission (East Central)--Bartow County",65960,0.6057 
"13","01000","R","GA","Northwest Georgia Regional Commission (Southwest)--Floyd, Polk & Haralson Counties PU",83095,0.4849 
"13","01000","U","GA","Northwest Georgia Regional Commission (Southwest)--Floyd, Polk & Haralson Counties PU",88261,0.5151 
"13","01100","R","GA","Northwest Georgia Regional Commission (Southeast)--Paulding County",34541,0.2048 
"13","01100","U","GA","Northwest Georgia Regional Commission (Southeast)--Paulding County",134120,0.7952 
"13","01200","R","GA","Atlanta Regional Commission (Southwest)--Douglas County",22322,0.1548 
"13","01200","U","GA","Atlanta Regional Commission (Southwest)--Douglas County",121915,0.8452 
"13","01301","R","GA","Atlanta Regional Commission--Cobb County (Northwest)--Kennesaw & Acworth Cities",40,0.0003 
"13","01301","U","GA","Atlanta Regional Commission--Cobb County (Northwest)--Kennesaw & Acworth Cities",136869,0.9997 
"13","01302","U","GA","Atlanta Regional Commission (Northwest)--Cobb County (Northeast)",158362,1 
"13","01303","U","GA","Atlanta Regional Commission (Northwest)--Cobb County (Central)--Marietta City",153060,1 
"13","01304","U","GA","Atlanta Regional Commission (Northwest)--Cobb County (Southwest)--Powder Springs City",142096,1 
"13","01305","U","GA","Atlanta Regional Commission (Northwest)--Cobb County (Southeast)--Smyrna City",175722,1 
"13","01401","R","GA","Atlanta Regional Commission (Central)--Fulton County (Northwest)--Roswell & Milton PU",763,0.0054 
"13","01401","U","GA","Atlanta Regional Commission (Central)--Fulton County (Northwest)--Roswell & Milton PU",141120,0.9946 
"13","01402","U","GA","Atlanta Regional Commission--Fulton County (Northeast)--Johns Creek & Alpharetta",141088,1 
"13","01403","U","GA","Atlanta Regional Commission (Central)--Fulton County (Central)--Sandy Springs City PU",108321,1 
"13","01404","U","GA","Atlanta Regional Commission--Fulton County (Central)--Atlanta City (North)",160790,1 
"13","01405","U","GA","Atlanta Regional Commission (Central)--Fulton County (East)--Atlanta City (South) PUM",144940,1 
"13","01406","U","GA","Atlanta Regional Commission--Fulton County (Central)--Atlanta City (Southwest)",152642,1 
"13","01407","R","GA","Atlanta Regional Commission (Central)--Fulton County (South)--East Point & Union City",20,0.0002 
"13","01407","U","GA","Atlanta Regional Commission (Central)--Fulton County (South)--East Point & Union City",108170,0.9998 
"13","01408","R","GA","Atlanta Regional Commission (Central)--Fulton County (South)--South Fulton & Fairburn",5962,0.0548 
"13","01408","U","GA","Atlanta Regional Commission (Central)--Fulton County (South)--South Fulton & Fairburn",102894,0.9452 
"13","01501","U","GA","Atlanta Regional Commission--DeKalb County (North)--Brookhaven & Dunwoody Cities",151649,1 
"13","01502","U","GA","Atlanta Regional Commission (Central)--DeKalb County (East)--Tucker, Clarkston Cities",129176,1 
"13","01503","U","GA","Atlanta Regional Commission (Central)--DeKalb County (Central)",124368,1 
"13","01504","U","GA","Atlanta Regional Commission (Central)--DeKalb County (West)--Atlanta & Decatur Cities",112094,1 
"13","01505","U","GA","Atlanta Regional Commission (Central)--DeKalb County (Southwest)",118224,1 
"13","01506","R","GA","Atlanta Regional Commission (Central)--DeKalb County (Southeast)--Stonecrest City PUM",1207,0.0094 
"13","01506","U","GA","Atlanta Regional Commission (Central)--DeKalb County (Southeast)--Stonecrest City PUM",127664,0.9906 
"13","01601","U","GA","Atlanta Regional Commission (Northeast)--Gwinnett County (West Central)--Duluth City",156916,1 
"13","01602","U","GA","Atlanta Regional Commission (Northeast)--Gwinnett County (North)--Sugar Hill City PUM",140114,1 
"13","01603","R","GA","Atlanta Regional Commission (Northeast)--Gwinnett County (East)--Dacula, Grayson",4525,0.0342 
"13","01603","U","GA","Atlanta Regional Commission (Northeast)--Gwinnett County (East)--Dacula, Grayson",127653,0.9658 
"13","01604","U","GA","Atlanta Regional Commission (Northeast)--Gwinnett County (Central)--Lawrenceville PUM",123694,1 
"13","01605","U","GA","Atlanta Regional Commission (Northeast)--Gwinnett County (Central)",135524,1 
"13","01606","U","GA","Atlanta Regional Commission (Northeast)--Gwinnett County (West Central)--Lilburn City",132124,1 
"13","01607","U","GA","Atlanta Regional Commission (Northeast)--Gwinnett County (South)--Snellville City PUM",136512,1 
"13","01700","R","GA","Northeast Georgia Regional Commission (Northwest)--Barrow & Jackson Counties",75212,0.4718 
"13","01700","U","GA","Northeast Georgia Regional Commission (Northwest)--Barrow & Jackson Counties",84200,0.5282 
"13","01800","R","GA","Northeast Georgia Regional Commission (Central)--Clarke County--Athens City",7623,0.0592 
"13","01800","U","GA","Northeast Georgia Regional Commission (Central)--Clarke County--Athens City",121048,0.9408 
"13","01900","R","GA","Northeast Georgia Regional Commission (East)",97590,0.7789 
"13","01900","U","GA","Northeast Georgia Regional Commission (East)",27706,0.2211 
"13","02000","R","GA","Northeast Georgia Regional Commission (Southwest)--Walton, Morgan & Jasper Counties P",86105,0.6555 
"13","02000","U","GA","Northeast Georgia Regional Commission (Southwest)--Walton, Morgan & Jasper Counties P",45253,0.3445 
"13","02100","R","GA","Atlanta & Northeast Georgia Regional Commissions--Newton & Rockdale Counties",51047,0.2477 
"13","02100","U","GA","Atlanta & Northeast Georgia Regional Commissions--Newton & Rockdale Counties",155006,0.7523 
"13","02201","R","GA","Atlanta Regional Commission (Southeast)--Henry County (North)--Stockbridge City",12855,0.1102 
"13","02201","U","GA","Atlanta Regional Commission (Southeast)--Henry County (North)--Stockbridge City",103747,0.8898 
"13","02202","R","GA","Atlanta Regional Commission (Southeast)--Henry County (South)--McDonough City",32449,0.2615 
"13","02202","U","GA","Atlanta Regional Commission (Southeast)--Henry County (South)--McDonough City",91661,0.7385 
"13","02301","U","GA","Atlanta Regional Commission (South Central)--Clayton County (Northwest)--Forest Park",155520,1 
"13","02302","R","GA","Atlanta Regional Commission (South Central)--Clayton County (South, East)--Jonesboro",1562,0.011 
"13","02302","U","GA","Atlanta Regional Commission (South Central)--Clayton County (South, East)--Jonesboro",140513,0.989 
"13","02400","R","GA","Atlanta Regional Commission (South Central)--Fayette County",21612,0.1813 
"13","02400","U","GA","Atlanta Regional Commission (South Central)--Fayette County",97582,0.8187 
"13","02500","R","GA","Three Rivers Regional Commission (North Central)--Coweta County",65614,0.4489 
"13","02500","U","GA","Three Rivers Regional Commission (North Central)--Coweta County",80544,0.5511 
"13","02600","R","GA","Three Rivers Regional Commission (Northwest)--Carroll County",64796,0.5438 
"13","02600","U","GA","Three Rivers Regional Commission (Northwest)--Carroll County",54352,0.4562 
"13","02700","R","GA","Three Rivers Regional Commission (Southwest)--Troup, Meriwether & Heard Counties",63519,0.6261 
"13","02700","U","GA","Three Rivers Regional Commission (Southwest)--Troup, Meriwether & Heard Counties",37932,0.3739 
"13","02800","R","GA","Three Rivers Regional Commission (East)",90545,0.5737 
"13","02800","U","GA","Three Rivers Regional Commission (East)",67284,0.4263 
"13","02900","R","GA","Middle Georgia Regional Commission (North & Outside Bibb County)",130162,0.7265 
"13","02900","U","GA","Middle Georgia Regional Commission (North & Outside Bibb County)",48998,0.2735 
"13","03000","R","GA","Middle Georgia Regional Commission (Central)--Bibb County--Macon City",22163,0.1409 
"13","03000","U","GA","Middle Georgia Regional Commission (Central)--Bibb County--Macon City",135183,0.8591 
"13","03100","R","GA","Central Savannah River Area Regional Commission (West & Outside Richmond & Columbia)",104259,0.8258 
"13","03100","U","GA","Central Savannah River Area Regional Commission (West & Outside Richmond & Columbia)",21988,0.1742 
"13","03200","R","GA","Central Savannah River Area Regional Commission (East Central)--Columbia County",23319,0.1495 
"13","03200","U","GA","Central Savannah River Area Regional Commission (East Central)--Columbia County",132691,0.8505 
"13","03301","R","GA","Central Savannah River Area Regional Commission--Richmond County (Northeast)--Augusta",140,0.0014 
"13","03301","U","GA","Central Savannah River Area Regional Commission--Richmond County (Northeast)--Augusta",101263,0.9986 
"13","03302","R","GA","Central Savannah River Area Regional Commission--Richmond County (Southwest)--Augusta",17077,0.1623 
"13","03302","U","GA","Central Savannah River Area Regional Commission--Richmond County (Southwest)--Augusta",88127,0.8377 
"13","03400","R","GA","Coastal Regional Commission (North)--Bulloch, Effingham & Screven Counties",98744,0.6174 
"13","03400","U","GA","Coastal Regional Commission (North)--Bulloch, Effingham & Screven Counties",61191,0.3826 
"13","03500","R","GA","Heart of Georgia Altamaha Regional Commission (North & West)",99716,0.7113 
"13","03500","U","GA","Heart of Georgia Altamaha Regional Commission (North & West)",40472,0.2887 
"13","03600","R","GA","Middle Georgia Regional Commission (South)--Houston & Pulaski Counties",24545,0.1415 
"13","03600","U","GA","Middle Georgia Regional Commission (South)--Houston & Pulaski Counties",148943,0.8585 
"13","03700","R","GA","River Valley Regional Commission (Outside Muscogee & Chattahoochee Counties)",122566,0.8039 
"13","03700","U","GA","River Valley Regional Commission (Outside Muscogee & Chattahoochee Counties)",29900,0.1961 
"13","03800","R","GA","River Valley Regional Commission (West Central)--Muscogee & Chattahoochee Counties PU",11607,0.0536 
"13","03800","U","GA","River Valley Regional Commission (West Central)--Muscogee & Chattahoochee Counties PU",204880,0.9464 
"13","03900","R","GA","Southwest Georgia Regional Commission (West & Central)",91520,0.7564 
"13","03900","U","GA","Southwest Georgia Regional Commission (West & Central)",29473,0.2436 
"13","04000","R","GA","Southwest Georgia Regional Commission (North Central)--Dougherty & Lee Counties",32993,0.2774 
"13","04000","U","GA","Southwest Georgia Regional Commission (North Central)--Dougherty & Lee Counties",85960,0.7226 
"13","04100","R","GA","Southwest Georgia Regional Commission (East)--Colquitt, Thomas & Worth Counties",61886,0.5502 
"13","04100","U","GA","Southwest Georgia Regional Commission (East)--Colquitt, Thomas & Worth Counties",50594,0.4498 
"13","04200","R","GA","Southern Georgia Regional Commission (West)",76423,0.5929 
"13","04200","U","GA","Southern Georgia Regional Commission (West)",52477,0.4071 
"13","04300","R","GA","Southern Georgia Regional Commission (South Central)--Lowndes County--Valdosta City P",41482,0.3508 
"13","04300","U","GA","Southern Georgia Regional Commission (South Central)--Lowndes County--Valdosta City P",76769,0.6492 
"13","04400","R","GA","Southern Georgia Regional Commission (East & Central)",130104,0.7683 
"13","04400","U","GA","Southern Georgia Regional Commission (East & Central)",39243,0.2317 
"13","04500","R","GA","Heart of Georgia Altamaha Regional Commission (Southeast)",115819,0.7591 
"13","04500","U","GA","Heart of Georgia Altamaha Regional Commission (Southeast)",36752,0.2409 
"13","04600","R","GA","Coastal Regional Commission (West)--Liberty, Bryan & Long Counties",49246,0.3903 
"13","04600","U","GA","Coastal Regional Commission (West)--Liberty, Bryan & Long Counties",76916,0.6097 
"13","04701","R","GA","Coastal Regional Commission (East)--Chatham County (West Central)--Savannah City",3478,0.0205 
"13","04701","U","GA","Coastal Regional Commission (East)--Chatham County (West Central)--Savannah City",166015,0.9795 
"13","04702","R","GA","Coastal Regional Commission (East)--Chatham County (East & Outside Savannah City) PUM",5430,0.0432 
"13","04702","U","GA","Coastal Regional Commission (East)--Chatham County (East & Outside Savannah City) PUM",120368,0.9568 
"13","04800","R","GA","Coastal Regional Commission (South)--Glynn Camden & McIntosh Counties",42925,0.2857 
"13","04800","U","GA","Coastal Regional Commission (South)--Glynn Camden & McIntosh Counties",107317,0.7143 
"15","00100","R","HI","Maui, Kalawao & Kauai Counties",66283,0.2783 
"15","00100","U","HI","Maui, Kalawao & Kauai Counties",171851,0.7217 
"15","00200","R","HI","Hawaii County",119371,0.595 
"15","00200","U","HI","Hawaii County",81258,0.405 
"15","00301","R","HI","Honolulu County--Rural Oahu",8787,0.0839 
"15","00301","U","HI","Honolulu County--Rural Oahu",95968,0.9161 
"15","00302","R","HI","Honolulu County--Koolaupoko",3183,0.0262 
"15","00302","U","HI","Honolulu County--Koolaupoko",118092,0.9738 
"15","00303","R","HI","Honolulu County--East Honolulu to Kapahulu",700,0.0063 
"15","00303","U","HI","Honolulu County--East Honolulu to Kapahulu",109877,0.9937 
"15","00304","U","HI","Honolulu County--Tantalus to Waikiki",127223,1 
"15","00305","R","HI","Honolulu County--Nuuanu to Kalihi",1276,0.0108 
"15","00305","U","HI","Honolulu County--Nuuanu to Kalihi",117214,0.9892 
"15","00306","R","HI","Honolulu County--Moanalua to Pearl City",1098,0.0075 
"15","00306","U","HI","Honolulu County--Moanalua to Pearl City",146273,0.9925 
"15","00307","R","HI","Honolulu County--Central Oahu",800,0.0052 
"15","00307","U","HI","Honolulu County--Central Oahu",152478,0.9948 
"15","00308","R","HI","Honolulu County--Ewa",1323,0.0099 
"15","00308","U","HI","Honolulu County--Ewa",132216,0.9901 
"16","00100","R","ID","Bonner, Latah, Shoshone, Boundary, Benewah & Kootenai (Southeast) Counties",88251,0.6949 
"16","00100","U","ID","Bonner, Latah, Shoshone, Boundary, Benewah & Kootenai (Southeast) Counties",38738,0.305 
"16","00200","R","ID","Kootenai County (Northeast)--Coeur dAlene, Post Falls & Hayden Cities",34683,0.2092 
"16","00200","U","ID","Kootenai County (Northeast)--Coeur dAlene, Post Falls & Hayden Cities",131072,0.7908 
"16","00300","R","ID","Central Idaho--Lewiston City & Nez Perce Reservation",72420,0.6569 
"16","00300","U","ID","Central Idaho--Lewiston City & Nez Perce Reservation",37826,0.3431 
"16","00400","R","ID","Ada (North), Payette, Canyon (North), Gem & Washington Counties--Eagle City",57835,0.429 
"16","00400","U","ID","Ada (North), Payette, Canyon (North), Gem & Washington Counties--Eagle City",76974,0.571 
"16","00500","R","ID","Canyon (South) & Owyhee Counties--Caldwell & Nampa (South & West) Cities",29211,0.2183 
"16","00500","U","ID","Canyon (South) & Owyhee Counties--Caldwell & Nampa (South & West) Cities",104579,0.7817 
"16","00600","R","ID","Canyon (East) & Ada (West) Counties--Nampa (Central & East) & Meridian (West) Cities",6920,0.0458 
"16","00600","U","ID","Canyon (East) & Ada (West) Counties--Nampa (Central & East) & Meridian (West) Cities",144097,0.9542 
"16","00701","R","ID","Ada County (Central)--Meridian (Northeast) & Boise (Far West) Cities",384,0.0029 
"16","00701","U","ID","Ada County (Central)--Meridian (Northeast) & Boise (Far West) Cities",132777,0.9971 
"16","00702","R","ID","Ada County (Northeast)--Boise (North & West) & Garden City Cities",405,0.0036 
"16","00702","U","ID","Ada County (Northeast)--Boise (North & West) & Garden City Cities",110931,0.9964 
"16","00800","R","ID","Ada County (South)--Boise (South) & Kuna Cities",12402,0.0962 
"16","00800","U","ID","Ada County (South)--Boise (South) & Kuna Cities",116479,0.9038 
"16","00900","R","ID","Twin Falls & Cassia Counties--Twin Falls City",43643,0.3805 
"16","00900","U","ID","Twin Falls & Cassia Counties--Twin Falls City",71058,0.6195 
"16","01000","R","ID","Elmore, Jerome, Blaine, Minidoka, Gooding, Lincoln & Camas Counties",59980,0.4974 
"16","01000","U","ID","Elmore, Jerome, Blaine, Minidoka, Gooding, Lincoln & Camas Counties",60610,0.5026 
"16","01100","R","ID","Bingham (Outside Fort Hall AIR), Madison, Jefferson, Fremont & Teton Counties",82852,0.5387 
"16","01100","U","ID","Bingham (Outside Fort Hall AIR), Madison, Jefferson, Fremont & Teton Counties",70953,0.4613 
"16","01200","R","ID","Bonneville County--Idaho Falls City",18832,0.1519 
"16","01200","U","ID","Bonneville County--Idaho Falls City",105132,0.8481 
"16","01300","R","ID","Southeast Idaho--Pocatello, Chubbuck Cities & Fort Hall Reservation",57851,0.4448 
"16","01300","U","ID","Southeast Idaho--Pocatello, Chubbuck Cities & Fort Hall Reservation",72211,0.5552 
"17","00100","R","IL","Adams, Fulton, Pike, Mason, Schuyler & Brown Counties",83713,0.5966 
"17","00100","U","IL","Adams, Fulton, Pike, Mason, Schuyler & Brown Counties",56604,0.4034 
"17","00701","R","IL","Winnebago (Northeast) & Boone Counties",22525,0.1573 
"17","00701","U","IL","Winnebago (Northeast) & Boone Counties",120636,0.8427 
"17","01901","R","IL","Champaign County (Southwest)--Champaign & Urbana Cities",13045,0.0757 
"17","01901","U","IL","Champaign County (Southwest)--Champaign & Urbana Cities",159374,0.9243 
"17","01902","R","IL","Champaign (North & East), Vermilion, Iroquois & Ford Counties",80536,0.5433 
"17","01902","U","IL","Champaign (North & East), Vermilion, Iroquois & Ford Counties",67709,0.4567 
"17","02900","R","IL","Coles, Douglas, Crawford, Edgar, Clark & Cumberland Counties",74135,0.5789 
"17","02900","U","IL","Coles, Douglas, Crawford, Edgar, Clark & Cumberland Counties",53918,0.4211 
"17","03101","R","IL","Cook County (Northwest)--Palatine & Barrington Townships",1901,0.0147 
"17","03101","U","IL","Cook County (Northwest)--Palatine & Barrington Townships",127079,0.9853 
"17","03102","R","IL","Cook County (Northwest)--Hanover & Schaumburg (Northwest) Townships",58,0.0005 
"17","03102","U","IL","Cook County (Northwest)--Hanover & Schaumburg (Northwest) Townships",122291,0.9995 
"17","03103","U","IL","Cook County (Northwest)--Schaumburg Township (South & East)",112552,1 
"17","03104","U","IL","Cook County (Northwest)--Elk Grove & Wheeling (Southwest) Townships",125661,1 
"17","03105","U","IL","Cook County (North)--Wheeling Township (North & East)",129271,1 
"17","03106","U","IL","Cook County (Northeast)--Northfield & New Trier Townships",148936,1 
"17","03107","U","IL","Cook County (Northeast)--Evanston & Niles (East) Townships",158648,1 
"17","03108","U","IL","Cook County (North)--Maine & Niles (West) Townships",172153,1 
"17","03109","U","IL","Cook County (West)--Leyden & Norwood Park Townships",121402,1 
"17","03110","U","IL","Cook County (West)--Proviso Township (North & West)",113130,1 
"17","03111","U","IL","Cook County (West)--Oak Park, Riverside, River Forest & Proviso (Southeast) Townships",121043,1 
"17","03112","U","IL","Cook County (Central)--Cicero & Berwyn Townships",142518,1 
"17","03113","U","IL","Cook County (West)--Lyons & Stickney Townships",156619,1 
"17","03114","U","IL","Cook County (South Central)--Worth & Calumet Townships",171552,1 
"17","03115","R","IL","Cook County (Southwest)--Palos, Lemont & Orland (North & West) Townships",496,0.0037 
"17","03115","U","IL","Cook County (Southwest)--Palos, Lemont & Orland (North & West) Townships",135209,0.9963 
"17","03116","R","IL","Cook County (South Central)--Bremen & Orland (East) Townships",85,0.0006 
"17","03116","U","IL","Cook County (South Central)--Bremen & Orland (East) Townships",149065,0.9994 
"17","03117","U","IL","Cook County (Southeast)--Thornton Township",157865,1 
"17","03118","R","IL","Cook County (South)--Bloom & Rich Townships",350,0.0022 
"17","03118","U","IL","Cook County (South)--Bloom & Rich Townships",161827,0.9978 
"17","03151","U","IL","Chicago City (Northwest)--Albany Park, Norwood Park, Forest Glen, North Park & OHare",148248,1 
"17","03152","U","IL","Chicago City (North)--West Ridge, Lincoln Square & North Center",152730,1 
"17","03153","U","IL","Chicago City (North)--Uptown, Edgewater & Rogers Park",169106,1 
"17","03154","U","IL","Chicago City (North)--Lake View & Lincoln Park",173542,1 
"17","03155","U","IL","Chicago City (Northwest)--Logan Square, Irving Park & Avondale",160976,1 
"17","03156","U","IL","Chicago City (Northwest)--Portage Park, Dunning & Jefferson Park",132383,1 
"17","03157","U","IL","Chicago City (West)--Belmont Cragin, Humboldt Park, Hermosa & Montclare",170752,1 
"17","03158","U","IL","Chicago City (West)--Austin, North Lawndale & East/West Garfield Park",168776,1 
"17","03159","U","IL","Chicago City (West)--West Town & Near West Side",154540,1 
"17","03160","U","IL","Chicago City (Central)--Near North Side, Loop & Near South Side",176574,1 
"17","03161","U","IL","Chicago City (South)--Hyde Park, Grand Boulevard, Woodlawn, Douglas & Kenwood",142116,1 
"17","03162","U","IL","Chicago City (Southwest)--New City, Lower West Side, Bridgeport & McKinley Park",140979,1 
"17","03163","U","IL","Chicago City (Southwest)--South Lawndale, Brighton Park & Gage Park",155992,1 
"17","03164","U","IL","Chicago City (Southwest)--Ashburn, Garfield Ridge, West Lawn, Clearing & West Elsdon",167262,1 
"17","03165","U","IL","Chicago City (South)--Chicago Lawn, Greater Grand Crossing & West Englewood/Englewood",141418,1 
"17","03166","U","IL","Chicago City (Southwest)--Auburn Gresham, Washington Heights, Morgan Park & Beverly P",129775,1 
"17","03167","U","IL","Chicago City (South)--Roseland, Chatham, West Pullman, Calumet Heights & Avalon Park",135785,1 
"17","03168","U","IL","Chicago City (South)--South Shore, South Chicago, East Side & South Deering",124876,1 
"17","03700","R","IL","DeKalb & Ogle Counties",56998,0.3745 
"17","03700","U","IL","DeKalb & Ogle Counties",95210,0.6255 
"17","04301","R","IL","DuPage County (Northwest)--Wayne, Bloomingdale (South) & Winfield (North) Townships P",602,0.0034 
"17","04301","U","IL","DuPage County (Northwest)--Wayne, Bloomingdale (South) & Winfield (North) Townships P",173975,0.9966 
"17","04302","U","IL","DuPage County (Northeast)--Addison & Bloomingdale (North) Townships",116589,1 
"17","04303","U","IL","DuPage County (East Central)--York Township",128425,1 
"17","04304","R","IL","DuPage County (Central)--Milton Township",85,0.0007 
"17","04304","U","IL","DuPage County (Central)--Milton Township",120096,0.9993 
"17","04305","R","IL","DuPage County (Southwest)--Naperville & Winfield (South) Townships",765,0.0062 
"17","04305","U","IL","DuPage County (Southwest)--Naperville & Winfield (South) Townships",123379,0.9938 
"17","04306","R","IL","DuPage County (South Central)--Lisle Township",133,0.0011 
"17","04306","U","IL","DuPage County (South Central)--Lisle Township",118907,0.9989 
"17","04307","R","IL","DuPage County (Southeast)--Downers Grove Township",167,0.0011 
"17","04307","U","IL","DuPage County (Southeast)--Downers Grove Township",149754,0.9989 
"17","04900","R","IL","Effingham, Fayette, Wayne, Richland, Lawrence, Clay & Jasper Counties",81070,0.6434 
"17","04900","U","IL","Effingham, Fayette, Wayne, Richland, Lawrence, Clay & Jasper Counties",44933,0.3566 
"17","07300","R","IL","Henry, McDonough, Hancock, Warren, Mercer & Henderson Counties",80630,0.606 
"17","07300","U","IL","Henry, McDonough, Hancock, Warren, Mercer & Henderson Counties",52433,0.394 
"17","08901","R","IL","Kane County (West)",19382,0.1458 
"17","08901","U","IL","Kane County (West)",113573,0.8542 
"17","08902","R","IL","Kane County (Northeast)--Dundee & Elgin (North & Central) Townships",428,0.0031 
"17","08902","U","IL","Kane County (Northeast)--Dundee & Elgin (North & Central) Townships",138144,0.9969 
"17","08903","R","IL","Kane County (East)--St. Charles, Batavia (East) & Geneva (East) Townships",967,0.0082 
"17","08903","U","IL","Kane County (East)--St. Charles, Batavia (East) & Geneva (East) Townships",117099,0.9918 
"17","08904","U","IL","Kane County (Southeast)--Aurora Township",126929,1 
"17","09100","R","IL","Kankakee & Grundy Counties",43683,0.273 
"17","09100","U","IL","Kankakee & Grundy Counties",116352,0.727 
"17","09300","R","IL","Kendall County",14994,0.1137 
"17","09300","U","IL","Kendall County",116875,0.8863 
"17","09500","R","IL","Knox, Woodford, Bureau, Marshall, Putnam & Stark Counties",84167,0.5826 
"17","09500","U","IL","Knox, Woodford, Bureau, Marshall, Putnam & Stark Counties",60290,0.4174 
"17","09701","R","IL","Lake County (Northwest)--Avon, Lake Villa, Grant & Antioch Townships",2129,0.0134 
"17","09701","U","IL","Lake County (Northwest)--Avon, Lake Villa, Grant & Antioch Townships",156973,0.9866 
"17","09702","R","IL","Lake County (Northeast)--Waukegan, Zion, Benton & Newport Townships",2036,0.0144 
"17","09702","U","IL","Lake County (Northeast)--Waukegan, Zion, Benton & Newport Townships",138918,0.9856 
"17","09703","R","IL","Lake County (East Central)--Warren, Shields & Libertyville (North & West) Townships P",1656,0.0106 
"17","09703","U","IL","Lake County (East Central)--Warren, Shields & Libertyville (North & West) Townships P",154396,0.9894 
"17","09704","R","IL","Lake County (Southwest)--Ela, Fremont, Wauconda & Cuba Townships",3772,0.0315 
"17","09704","U","IL","Lake County (Southwest)--Ela, Fremont, Wauconda & Cuba Townships",115857,0.9685 
"17","09705","R","IL","Lake County (Southeast)--Vernon, Moraine & West Deerfield Townships",517,0.0037 
"17","09705","U","IL","Lake County (Southeast)--Vernon, Moraine & West Deerfield Townships",138088,0.9963 
"17","09900","R","IL","LaSalle & Livingston Counties",57786,0.3972 
"17","09900","U","IL","LaSalle & Livingston Counties",87687,0.6028 
"17","11101","R","IL","McHenry County (North, West & Central)",34657,0.2512 
"17","11101","U","IL","McHenry County (North, West & Central)",103327,0.7488 
"17","11102","R","IL","McHenry County (Southeast)--Algonquin, McHenry & Nunda Townships",9053,0.0526 
"17","11102","U","IL","McHenry County (Southeast)--Algonquin, McHenry & Nunda Townships",163192,0.9474 
"17","11300","R","IL","McLean County--Bloomington City & Normal Town",36854,0.2156 
"17","11300","U","IL","McLean County--Bloomington City & Normal Town",134100,0.7844 
"17","11500","R","IL","Macon & Christian Counties--Decatur City",34961,0.2533 
"17","11500","U","IL","Macon & Christian Counties--Decatur City",103069,0.7467 
"17","11700","R","IL","Macoupin, Morgan, Jersey, Cass, Greene, Scott & Calhoun Counties",82306,0.6151 
"17","11700","U","IL","Macoupin, Morgan, Jersey, Cass, Greene, Scott & Calhoun Counties",51501,0.3849 
"17","11901","R","IL","Madison County (West)",14151,0.1015 
"17","11901","U","IL","Madison County (West)",125290,0.8985 
"17","11902","R","IL","Madison County (East)",29554,0.2338 
"17","11902","U","IL","Madison County (East)",96864,0.7662 
"17","12100","R","IL","Marion, Jefferson, Clinton, Randolph, Bond & Washington Counties",116908,0.6782 
"17","12100","U","IL","Marion, Jefferson, Clinton, Randolph, Bond & Washington Counties",55482,0.3218 
"17","13500","R","IL","Montgomery, Logan, Shelby, Piatt, De Witt, Moultrie & Menard Counties",86411,0.6341 
"17","13500","U","IL","Montgomery, Logan, Shelby, Piatt, De Witt, Moultrie & Menard Counties",49866,0.3659 
"17","14300","R","IL","Peoria County--Peoria City",30807,0.1694 
"17","14300","U","IL","Peoria County--Peoria City",151023,0.8306 
"17","16100","R","IL","Rock Island County",16701,0.1154 
"17","16100","U","IL","Rock Island County",127971,0.8846 
"17","16301","R","IL","St. Clair County (Northwest)",1345,0.0081 
"17","16301","U","IL","St. Clair County (Northwest)",164868,0.9919 
"17","16302","R","IL","St. Clair (South & East) & Monroe Counties",49601,0.3932 
"17","16302","U","IL","St. Clair (South & East) & Monroe Counties",76548,0.6068 
"17","16500","R","IL","South & Southeast Illinois--Saline, Union & Massac Counties",97539,0.746 
"17","16500","U","IL","South & Southeast Illinois--Saline, Union & Massac Counties",33217,0.254 
"17","16700","R","IL","Sangamon County--Springfield City",37078,0.1888 
"17","16700","U","IL","Sangamon County--Springfield City",159265,0.8112 
"17","17900","R","IL","Tazewell County",28662,0.2182 
"17","17900","U","IL","Tazewell County",102681,0.7818 
"17","19500","R","IL","Whiteside, Stephenson, Lee, Jo Daviess & Carroll Counties",98086,0.5696 
"17","19500","U","IL","Whiteside, Stephenson, Lee, Jo Daviess & Carroll Counties",74117,0.4304 
"17","19701","R","IL","Will County (Northwest)--Wheatland & DuPage Townships",262,0.0015 
"17","19701","U","IL","Will County (Northwest)--Wheatland & DuPage Townships",175980,0.9985 
"17","19702","R","IL","Will County (Northwest)--Plainfield & Lockport Townships",565,0.004 
"17","19702","U","IL","Will County (Northwest)--Plainfield & Lockport Townships",140515,0.996 
"17","19703","R","IL","Will County (West Central)--Joliet & Troy Townships",618,0.0046 
"17","19703","U","IL","Will County (West Central)--Joliet & Troy Townships",134288,0.9954 
"17","19704","R","IL","Will County (Northeast)--Frankfort, Homer & New Lenox (North) Townships",1582,0.0123 
"17","19704","U","IL","Will County (Northeast)--Frankfort, Homer & New Lenox (North) Townships",127205,0.9877 
"17","19705","R","IL","Will County (South)",30919,0.2681 
"17","19705","U","IL","Will County (South)",84421,0.7319 
"17","19900","R","IL","Williamson, Jackson, Franklin & Perry Counties",86638,0.4843 
"17","19900","U","IL","Williamson, Jackson, Franklin & Perry Counties",92238,0.5157 
"17","20101","R","IL","Winnebago County (Southeast & West)--Rockford City",20849,0.1066 
"17","20101","U","IL","Winnebago County (Southeast & West)--Rockford City",174788,0.8934 
"18","00101","U","IN","Lake County (Northwest)--Hammond & East Chicago Cities",108808,1 
"18","00102","R","IN","Lake County (Northeast)--Gary City & Griffith Town",81,0.0007 
"18","00102","U","IN","Lake County (Northeast)--Gary City & Griffith Town",118989,0.9993 
"18","00103","R","IN","Lake County (Central)",2657,0.0219 
"18","00103","U","IN","Lake County (Central)",118884,0.9781 
"18","00104","R","IN","Lake County (South)",19887,0.1332 
"18","00104","U","IN","Lake County (South)",129394,0.8668 
"18","00200","R","IN","Porter County",40843,0.2358 
"18","00200","U","IN","Porter County",132372,0.7642 
"18","00300","R","IN","LaPorte County",41056,0.3652 
"18","00300","U","IN","LaPorte County",71361,0.6348 
"18","00401","R","IN","St. Joseph County (North)--South Bend City",20,0.0002 
"18","00401","U","IN","St. Joseph County (North)--South Bend City",117372,0.9998 
"18","00402","R","IN","St. Joseph County (Outside South Bend City)--Mishawaka City",27324,0.1757 
"18","00402","U","IN","St. Joseph County (Outside South Bend City)--Mishawaka City",128196,0.8243 
"18","00501","R","IN","Elkhart County--Elkhart City",4814,0.045 
"18","00501","U","IN","Elkhart County--Elkhart City",102189,0.955 
"18","00502","R","IN","Elkhart County (Outside Elkhart City)--Goshen City",43340,0.4332 
"18","00502","U","IN","Elkhart County (Outside Elkhart City)--Goshen City",56704,0.5668 
"18","00600","R","IN","Noble, DeKalb, LaGrange & Steuben Counties",121984,0.7366 
"18","00600","U","IN","Noble, DeKalb, LaGrange & Steuben Counties",43619,0.2634 
"18","00700","R","IN","Jasper, Starke, Fulton, Newton & Pulaski Counties",90271,0.8755 
"18","00700","U","IN","Jasper, Starke, Fulton, Newton & Pulaski Counties",12842,0.1245 
"18","00800","R","IN","Kosciusko & Marshall Counties",72623,0.5748 
"18","00800","U","IN","Kosciusko & Marshall Counties",53712,0.4252 
"18","00900","R","IN","Huntington, Whitley, Adams & Wells Counties",85930,0.6373 
"18","00900","U","IN","Huntington, Whitley, Adams & Wells Counties",48912,0.3627 
"18","01001","R","IN","Allen County (Central)--Fort Wayne City (South)",454,0.0034 
"18","01001","U","IN","Allen County (Central)--Fort Wayne City (South)",134017,0.9966 
"18","01002","R","IN","Allen County (Central)--Fort Wayne City (North)",1139,0.009 
"18","01002","U","IN","Allen County (Central)--Fort Wayne City (North)",125160,0.991 
"18","01003","R","IN","Allen County (Outside Fort Wayne City)",48197,0.3867 
"18","01003","U","IN","Allen County (Outside Fort Wayne City)",76443,0.6133 
"18","01100","R","IN","Montgomery, Clinton, White, Carroll & Benton Counties",79566,0.6373 
"18","01100","U","IN","Montgomery, Clinton, White, Carroll & Benton Counties",45273,0.3627 
"18","01200","R","IN","Tippecanoe County--Lafayette & West Lafayette Cities",29151,0.1565 
"18","01200","U","IN","Tippecanoe County--Lafayette & West Lafayette Cities",157100,0.8435 
"18","01300","R","IN","Howard, Cass & Tipton Counties--Kokomo City",48415,0.3537 
"18","01300","U","IN","Howard, Cass & Tipton Counties--Kokomo City",88472,0.6463 
"18","01400","R","IN","Grant, Miami & Wabash Counties",57631,0.4313 
"18","01400","U","IN","Grant, Miami & Wabash Counties",75981,0.5687 
"18","01500","R","IN","Henry, Randolph, Jay & Blackford Counties",66760,0.6298 
"18","01500","U","IN","Henry, Randolph, Jay & Blackford Counties",39246,0.3702 
"18","01600","R","IN","Clay, Sullivan, Parke, Fountain, Vermillion & Warren Counties",81852,0.7886 
"18","01600","U","IN","Clay, Sullivan, Parke, Fountain, Vermillion & Warren Counties",21945,0.2114 
"18","01700","R","IN","Vigo County--Terre Haute City",26291,0.2477 
"18","01700","U","IN","Vigo County--Terre Haute City",79862,0.7523 
"18","01801","R","IN","Boone & Hamilton (Northwest) Counties",31356,0.2195 
"18","01801","U","IN","Boone & Hamilton (Northwest) Counties",111527,0.7805 
"18","01901","R","IN","Hamilton County (Central)--Carmel City & Fishers Town (West)",104,0.0008 
"18","01901","U","IN","Hamilton County (Central)--Carmel City & Fishers Town (West)",133712,0.9992 
"18","01902","R","IN","Hamilton County (East)--Noblesville City & Fishers Town (East)",7742,0.0547 
"18","01902","U","IN","Hamilton County (East)--Noblesville City & Fishers Town (East)",133838,0.9453 
"18","02000","R","IN","Madison County--Anderson City",32041,0.2462 
"18","02000","U","IN","Madison County--Anderson City",98088,0.7538 
"18","02100","R","IN","Delaware County--Muncie City",25804,0.2306 
"18","02100","U","IN","Delaware County--Muncie City",86099,0.7694 
"18","02200","R","IN","Morgan, Putnam & Brown Counties",80844,0.6521 
"18","02200","U","IN","Morgan, Putnam & Brown Counties",43137,0.3479 
"18","02300","R","IN","Hendricks County",26639,0.1524 
"18","02300","U","IN","Hendricks County",148149,0.8476 
"18","02401","R","IN","Marion County--Pike & Washington (Northwest) Townships & Indianapolis City (Northwest",1504,0.0137 
"18","02401","U","IN","Marion County--Pike & Washington (Northwest) Townships & Indianapolis City (Northwest",108078,0.9863 
"18","02402","U","IN","Marion County--Washington Township (South & East) & Indianapolis City (North)",112126,1 
"18","02403","U","IN","Marion County--Lawrence Township, Indianapolis (Northeast) & Lawrence Cities",122321,1 
"18","02404","U","IN","Marion County--Wayne & Decatur (Northwest) Townships & Indianapolis City (West)",153342,1 
"18","02405","U","IN","Marion County--Center Township & Indianapolis City (Central)",153549,1 
"18","02406","R","IN","Marion County--Warren & Franklin Townships & Indianapolis City (East & Southeast) PUM",5213,0.0302 
"18","02406","U","IN","Marion County--Warren & Franklin Townships & Indianapolis City (East & Southeast) PUM",167249,0.9698 
"18","02407","R","IN","Marion County--Perry & Decatur (South & East) Townships & Indianapolis City (South) P",1877,0.0122 
"18","02407","U","IN","Marion County--Perry & Decatur (South & East) Townships & Indianapolis City (South) P",151944,0.9878 
"18","02500","R","IN","Johnson County--Greenwood City",20600,0.1273 
"18","02500","U","IN","Johnson County--Greenwood City",141165,0.8727 
"18","02600","R","IN","Hancock & Shelby Counties",45791,0.3666 
"18","02600","U","IN","Hancock & Shelby Counties",79104,0.6334 
"18","02700","R","IN","Wayne, Fayette, Rush & Union Counties",51457,0.4522 
"18","02700","U","IN","Wayne, Fayette, Rush & Union Counties",62333,0.5478 
"18","02800","R","IN","Greene, Daviess, Owen, Orange & Martin Counties",127545,0.7962 
"18","02800","U","IN","Greene, Daviess, Owen, Orange & Martin Counties",32650,0.2038 
"18","02900","R","IN","Monroe County--Bloomington City",29615,0.212 
"18","02900","U","IN","Monroe County--Bloomington City",110103,0.788 
"18","03000","R","IN","Bartholomew & Jackson Counties--Columbus City",47414,0.3686 
"18","03000","U","IN","Bartholomew & Jackson Counties--Columbus City",81222,0.6314 
"18","03100","R","IN","Jefferson, Jennings, Decatur & Scott Counties",67126,0.6014 
"18","03100","U","IN","Jefferson, Jennings, Decatur & Scott Counties",44490,0.3986 
"18","03200","R","IN","Dearborn, Franklin, Ripley, Switzerland & Ohio Counties",90030,0.7621 
"18","03200","U","IN","Dearborn, Franklin, Ripley, Switzerland & Ohio Counties",28106,0.2379 
"18","03300","R","IN","Warrick, Gibson & Posey Counties",59514,0.4873 
"18","03300","U","IN","Warrick, Gibson & Posey Counties",62617,0.5127 
"18","03400","R","IN","Vanderburgh County--Evansville City",14333,0.0796 
"18","03400","U","IN","Vanderburgh County--Evansville City",165803,0.9204 
"18","03500","R","IN","Dubois, Knox, Spencer, Perry, Pike & Crawford Counties",90248,0.637 
"18","03500","U","IN","Dubois, Knox, Spencer, Perry, Pike & Crawford Counties",51427,0.363 
"18","03600","R","IN","Floyd, Harrison & Washington Counties",82929,0.5591 
"18","03600","U","IN","Floyd, Harrison & Washington Counties",65391,0.4409 
"18","03700","R","IN","Clark County--Jeffersonville City",25830,0.2133 
"18","03700","U","IN","Clark County--Jeffersonville City",95263,0.7867 
"19","00100","R","IA","Sioux, Clay, Dickinson, OBrien, Lyon, Emmet, Palo Alto & Osceola Counties",70258,0.5823 
"19","00100","U","IA","Sioux, Clay, Dickinson, OBrien, Lyon, Emmet, Palo Alto & Osceola Counties",50393,0.4177 
"19","00200","R","IA","Cerro Gordo, Floyd, Kossuth, Hancock, Winnebago, Mitchell & Worth Counties",66006,0.5838 
"19","00200","U","IA","Cerro Gordo, Floyd, Kossuth, Hancock, Winnebago, Mitchell & Worth Counties",47058,0.4162 
"19","00301","R","IA","Linn County outside Cedar Rapids City",29886,0.2724 
"19","00301","U","IA","Linn County outside Cedar Rapids City",79820,0.7276 
"19","00302","R","IA","Cedar Rapids City",1646,0.0136 
"19","00302","U","IA","Cedar Rapids City",118947,0.9864 
"19","00400","R","IA","Bremer, Winneshiek, Fayette, Clayton, Allamakee, Chickasaw & Howard Counties",93971,0.8021 
"19","00400","U","IA","Bremer, Winneshiek, Fayette, Clayton, Allamakee, Chickasaw & Howard Counties",23181,0.1979 
"19","00500","R","IA","Black Hawk County--Waterloo & Cedar Falls Cities",17005,0.1297 
"19","00500","U","IA","Black Hawk County--Waterloo & Cedar Falls Cities",114139,0.8703 
"19","00600","R","IA","Webster, Hardin, Hamilton, Butler, Wright, Grundy, Franklin & Humboldt Counties",85436,0.6667 
"19","00600","U","IA","Webster, Hardin, Hamilton, Butler, Wright, Grundy, Franklin & Humboldt Counties",42702,0.3333 
"19","00700","R","IA","Dubuque, Buchanan, Jackson & Delaware Counties--Dubuque City",71248,0.4544 
"19","00700","U","IA","Dubuque, Buchanan, Jackson & Delaware Counties--Dubuque City",85556,0.5456 
"19","00800","R","IA","Clinton, Muscatine, Jones & Cedar Counties",65838,0.511 
"19","00800","U","IA","Clinton, Muscatine, Jones & Cedar Counties",63008,0.489 
"19","00900","R","IA","Scott County--Davenport City",23192,0.1328 
"19","00900","U","IA","Scott County--Davenport City",151477,0.8672 
"19","01100","R","IA","Johnson County--Iowa City",25458,0.1666 
"19","01100","U","IA","Johnson County--Iowa City",127396,0.8334 
"19","01200","R","IA","Marshall, Benton, Poweshiek, Tama & Iowa Counties",71229,0.6029 
"19","01200","U","IA","Marshall, Benton, Poweshiek, Tama & Iowa Counties",46910,0.3971 
"19","01300","R","IA","Story & Boone Counties",39672,0.3167 
"19","01300","U","IA","Story & Boone Counties",85580,0.6833 
"19","01400","R","IA","Jasper, Marion, Warren Counties",62231,0.5034 
"19","01400","U","IA","Jasper, Marion, Warren Counties",61399,0.4966 
"19","01501","R","IA","Polk County (West)",4582,0.0276 
"19","01501","U","IA","Polk County (West)",161178,0.9724 
"19","01502","R","IA","Polk County (East)--Ankeny & Altoona Cities",17346,0.1259 
"19","01502","U","IA","Polk County (East)--Ankeny & Altoona Cities",120448,0.8741 
"19","01503","R","IA","Des Moines City",99,0.0005 
"19","01503","U","IA","Des Moines City",188748,0.9995 
"19","01600","R","IA","Dallas, Madison Counties",32751,0.2818 
"19","01600","U","IA","Dallas, Madison Counties",83475,0.7182 
"19","01800","R","IA","Southern Iowa",77305,0.6967 
"19","01800","U","IA","Southern Iowa",33660,0.3033 
"19","01900","R","IA","Northwest Central Iowa--Storm Lake, Denison & Cherokee Region",86255,0.7122 
"19","01900","U","IA","Northwest Central Iowa--Storm Lake, Denison & Cherokee Region",34857,0.2878 
"19","02000","R","IA","Woodbury & Plymouth Counties--Sioux City",32646,0.248 
"19","02000","U","IA","Woodbury & Plymouth Counties--Sioux City",98993,0.752 
"19","02100","R","IA","Southwest Iowa--Council Bluffs City",86622,0.5054 
"19","02100","U","IA","Southwest Iowa--Council Bluffs City",84777,0.4946 
"19","02200","R","IA","Wapello, Mahaska, Washington, Jefferson, Keokuk, Davis & Van Buren Counties",68584,0.5612 
"19","02200","U","IA","Wapello, Mahaska, Washington, Jefferson, Keokuk, Davis & Van Buren Counties",53617,0.4388 
"19","02300","R","IA","Des Moines, Lee, Henry & Louisa Counties",46272,0.4458 
"19","02300","U","IA","Des Moines, Lee, Henry & Louisa Counties",57512,0.5542 
"20","00100","R","KS","Northwest Kansas",71510,0.6661 
"20","00100","U","KS","Northwest Kansas",35852,0.3339 
"20","00200","R","KS","North Central Kansas--Salina City",81833,0.5677 
"20","00200","U","KS","North Central Kansas--Salina City",62314,0.4323 
"20","00300","R","KS","Riley, Geary & Pottawatomie Counties--Manhattan City",27970,0.2087 
"20","00300","U","KS","Riley, Geary & Pottawatomie Counties--Manhattan City",106076,0.7913 
"20","00400","R","KS","Wyandotte County--Kansas City",8951,0.0529 
"20","00400","U","KS","Wyandotte County--Kansas City",160294,0.9471 
"20","00501","R","KS","Shawnee County (Central)--Topeka City",2807,0.0213 
"20","00501","U","KS","Shawnee County (Central)--Topeka City",129181,0.9787 
"20","00601","R","KS","Shawnee (Outside Topeka City) & Northeast Kansas",101721,0.7561 
"20","00601","U","KS","Shawnee (Outside Topeka City) & Northeast Kansas",32809,0.2439 
"20","00700","R","KS","Douglas County--Lawrence City",17387,0.1464 
"20","00700","U","KS","Douglas County--Lawrence City",101398,0.8536 
"20","00801","R","KS","Johnson County (Northwest)--Shawnee, Lenexa & De Soto Cities",10315,0.0822 
"20","00801","U","KS","Johnson County (Northwest)--Shawnee, Lenexa & De Soto Cities",115231,0.9178 
"20","00802","U","KS","Johnson County (Northeast)--Overland Park (North), Prairie Village & Merriam",154945,1 
"20","00803","R","KS","Johnson County (Southeast)--Blue Valley Region",6227,0.0393 
"20","00803","U","KS","Johnson County (Southeast)--Blue Valley Region",152028,0.9607 
"20","00804","R","KS","Johnson County (Southwest)--Olathe, Gardner, Spring Hill & Edgerton Cities",8080,0.0472 
"20","00804","U","KS","Johnson County (Southwest)--Olathe, Gardner, Spring Hill & Edgerton Cities",163037,0.9528 
"20","00900","R","KS","Leavenworth, Miami & Linn County",62548,0.4977 
"20","00900","U","KS","Leavenworth, Miami & Linn County",63115,0.5023 
"20","01000","R","KS","Southeast Kansas",88132,0.5681 
"20","01000","U","KS","Southeast Kansas",67008,0.4319 
"20","01101","R","KS","Flint Hills Region--Emporia City",82227,0.6086 
"20","01101","U","KS","Flint Hills Region--Emporia City",52892,0.3914 
"20","01201","R","KS","Sedgwick (Northeast) & Butler (North & East) Counties--Wichita City (Northeast)",21873,0.1298 
"20","01201","U","KS","Sedgwick (Northeast) & Butler (North & East) Counties--Wichita City (Northeast)",146681,0.8702 
"20","01301","R","KS","Sedgwick (Northwest) & Harvey Counties--Wichita (Northwest) & Newton Cities",27962,0.1663 
"20","01301","U","KS","Sedgwick (Northwest) & Harvey Counties--Wichita (Northwest) & Newton Cities",140222,0.8337 
"20","01401","U","KS","Sedgwick County (Central)--Wichita City (Central)",120404,1 
"20","01501","R","KS","Sedgwick (South) & Butler (Southwest) Counties--Wichita (South) & Derby Cities",33741,0.2007 
"20","01501","U","KS","Sedgwick (South) & Butler (Southwest) Counties--Wichita (South) & Derby Cities",134345,0.7993 
"20","01600","R","KS","Central Kansas--Hutchinson City",45034,0.4435 
"20","01600","U","KS","Central Kansas--Hutchinson City",56514,0.5565 
"20","01701","R","KS","South Central Kansas",64078,0.5857 
"20","01701","U","KS","South Central Kansas",45327,0.4143 
"20","01800","R","KS","Southwest Kansas--Dodge City, Garden City & Liberal City",51425,0.3787 
"20","01800","U","KS","Southwest Kansas--Dodge City, Garden City & Liberal City",84386,0.6213 
"21","00100","R","KY","Purchase Area Development District",108970,0.5535 
"21","00100","U","KY","Purchase Area Development District",87906,0.4465 
"21","00200","R","KY","Pennyrile Area Development District (North)",67795,0.6343 
"21","00200","U","KY","Pennyrile Area Development District (North)",39083,0.3657 
"21","00300","R","KY","Pennyrile Area Development District (South)",56134,0.5211 
"21","00300","U","KY","Pennyrile Area Development District (South)",51598,0.4789 
"21","00400","R","KY","Barren River Area Development District (Outer)",135481,0.7632 
"21","00400","U","KY","Barren River Area Development District (Outer)",42027,0.2368 
"21","00500","R","KY","Barren River Area Development District (Central)--Warren County",36740,0.2731 
"21","00500","U","KY","Barren River Area Development District (Central)--Warren County",97814,0.7269 
"21","00600","R","KY","Lake Cumberland Area Development District (West)",87299,0.8306 
"21","00600","U","KY","Lake Cumberland Area Development District (West)",17807,0.1694 
"21","00700","R","KY","Lake Cumberland Area Development District (East)",63964,0.6303 
"21","00700","U","KY","Lake Cumberland Area Development District (East)",37513,0.3697 
"21","00800","R","KY","Cumberland Valley Area Development District (North)",87526,0.7818 
"21","00800","U","KY","Cumberland Valley Area Development District (North)",24424,0.2182 
"21","00900","R","KY","Cumberland Valley Area Development District (South)",77071,0.6541 
"21","00900","U","KY","Cumberland Valley Area Development District (South)",40762,0.3459 
"21","01000","R","KY","Kentucky River Area Development District",98703,0.9267 
"21","01000","U","KY","Kentucky River Area Development District",7808,0.0733 
"21","01100","R","KY","Big Sandy Area Development District",117517,0.8381 
"21","01100","U","KY","Big Sandy Area Development District",22698,0.1619 
"21","01200","R","KY","Lincoln Trail Area Development District (East/West)",136868,0.8048 
"21","01200","U","KY","Lincoln Trail Area Development District (East/West)",33200,0.1952 
"21","01300","R","KY","Lincoln Trail Area Development District (Central)--Hardin County",37082,0.335 
"21","01300","U","KY","Lincoln Trail Area Development District (Central)--Hardin County",73620,0.665 
"21","01400","R","KY","Green River Area Development District (Outer)",78629,0.6928 
"21","01400","U","KY","Green River Area Development District (Outer)",34868,0.3072 
"21","01500","R","KY","Green River Area Development District (Central)--Daviess County",26879,0.2602 
"21","01500","U","KY","Green River Area Development District (Central)--Daviess County",76433,0.7398 
"21","01600","R","KY","KIPDA Area Development District (South)",43705,0.4297 
"21","01600","U","KY","KIPDA Area Development District (South)",58002,0.5703 
"21","01701","U","KY","KIPDA Area Development District (Central)--Louisville/Jefferson Co (Northwest)",139656,1 
"21","01702","U","KY","KIPDA Area Development District (Central)--Louisville/Jefferson Co (North Central)",102528,1 
"21","01703","R","KY","KIPDA Area Development District (Central)--Louisville/Jefferson Co (Northeast)",2615,0.0221 
"21","01703","U","KY","KIPDA Area Development District (Central)--Louisville/Jefferson Co (Northeast)",115547,0.9779 
"21","01704","R","KY","KIPDA Area Development District (Central)--Louisville/Jefferson Co (Southeast)",6050,0.0433 
"21","01704","U","KY","KIPDA Area Development District (Central)--Louisville/Jefferson Co (Southeast)",133816,0.9567 
"21","01705","R","KY","KIPDA Area Development District (Central)--Louisville/Jefferson Co (South Central)",1330,0.0099 
"21","01705","U","KY","KIPDA Area Development District (Central)--Louisville/Jefferson Co (South Central)",133517,0.9901 
"21","01706","R","KY","KIPDA Area Development District (Central)--Louisville/Jefferson Co (Southwest)",2789,0.0189 
"21","01706","U","KY","KIPDA Area Development District (Central)--Louisville/Jefferson Co (Southwest)",145121,0.9811 
"21","01800","R","KY","KIPDA Area Development District (Northeast)",66044,0.4723 
"21","01800","U","KY","KIPDA Area Development District (Northeast)",73780,0.5277 
"21","01901","U","KY","Bluegrass Area Development District (Central)--Lexington-Fayette County (Central)",113590,1 
"21","01902","R","KY","Bluegrass Area Development District (Central)--Lexington-Fayette County (North)",7042,0.0655 
"21","01902","U","KY","Bluegrass Area Development District (Central)--Lexington-Fayette County (North)",100420,0.9345 
"21","01903","R","KY","Bluegrass Area Development District (Central)--Lexington-Fayette County (South)",2401,0.0237 
"21","01903","U","KY","Bluegrass Area Development District (Central)--Lexington-Fayette County (South)",99117,0.9763 
"21","02000","R","KY","Bluegrass Area Development District (West)",46872,0.3753 
"21","02000","U","KY","Bluegrass Area Development District (West)",78033,0.6247 
"21","02100","R","KY","Bluegrass Area Development District (South)",65134,0.5218 
"21","02100","U","KY","Bluegrass Area Development District (South)",59699,0.4782 
"21","02200","R","KY","Bluegrass Area Development District (Southeast)",56807,0.4734 
"21","02200","U","KY","Bluegrass Area Development District (Southeast)",63186,0.5266 
"21","02300","R","KY","Bluegrass Area Development District (Northeast)",58001,0.4125 
"21","02300","U","KY","Bluegrass Area Development District (Northeast)",82607,0.5875 
"21","02400","R","KY","Northern Kentucky Area Development District (North Central)--Kenton County",11361,0.0672 
"21","02400","U","KY","Northern Kentucky Area Development District (North Central)--Kenton County",157703,0.9328 
"21","02500","R","KY","Northern Kentucky Area Development District (Northwest)--Boone County",15590,0.1147 
"21","02500","U","KY","Northern Kentucky Area Development District (Northwest)--Boone County",120378,0.8853 
"21","02600","R","KY","Northern Kentucky Area Development District (Outer)",80818,0.4945 
"21","02600","U","KY","Northern Kentucky Area Development District (Outer)",82621,0.5055 
"21","02700","R","KY","Buffalo Trace & Gateway Area Development Districts",109982,0.7787 
"21","02700","U","KY","Buffalo Trace & Gateway Area Development Districts",31258,0.2213 
"21","02800","R","KY","FIVCO Area Development District",67781,0.504 
"21","02800","U","KY","FIVCO Area Development District",66716,0.496 
"22","00101","R","LA","Coordinating & Development Corporation 1--Shreveport City (North)",20969,0.1799 
"22","00101","U","LA","Coordinating & Development Corporation 1--Shreveport City (North)",95574,0.8201 
"22","00102","R","LA","Coordinating & Development Corporation 2--Shreveport City (South)",17005,0.1402 
"22","00102","U","LA","Coordinating & Development Corporation 2--Shreveport City (South)",104300,0.8598 
"22","00200","R","LA","Coordinating & Development Corporation 3--Bossier & Webster Parishes",53354,0.322 
"22","00200","U","LA","Coordinating & Development Corporation 3--Bossier & Webster Parishes",112359,0.678 
"22","00300","R","LA","Coordinating & Development Corporation 4--Northwest Louisiana",116273,0.6854 
"22","00300","U","LA","Coordinating & Development Corporation 4--Northwest Louisiana",53376,0.3146 
"22","00400","R","LA","North Delta Regional Planning & Development District 1--Ouachita Parish",40404,0.2519 
"22","00400","U","LA","North Delta Regional Planning & Development District 1--Ouachita Parish",119964,0.7481 
"22","00500","R","LA","North Delta Regional Planning & Development District 2--Northeast Louisiana",112453,0.7886 
"22","00500","U","LA","North Delta Regional Planning & Development District 2--Northeast Louisiana",30150,0.2114 
"22","00600","R","LA","Kisatchie Delta Regional Planning & Development District 1",94340,0.7995 
"22","00600","U","LA","Kisatchie Delta Regional Planning & Development District 1",23661,0.2005 
"22","00700","R","LA","Kisatchie Delta Regional Planning & Development District 2--Rapides & Vernon Parishes P",79910,0.447 
"22","00700","U","LA","Kisatchie Delta Regional Planning & Development District 2--Rapides & Vernon Parishes P",98863,0.553 
"22","00801","R","LA","Imperial Calcasieu Regional Planning & Development District 1 (North)",76888,0.516 
"22","00801","U","LA","Imperial Calcasieu Regional Planning & Development District 1 (North)",72110,0.484 
"22","00901","R","LA","Imperial Calcasieu Regional Planning & Development District 2 (South)",48605,0.2947 
"22","00901","U","LA","Imperial Calcasieu Regional Planning & Development District 2 (South)",116348,0.7053 
"22","01000","R","LA","Acadiana Regional Development District 1--St. Landry & Evangeline Parishes",73113,0.6364 
"22","01000","U","LA","Acadiana Regional Development District 1--St. Landry & Evangeline Parishes",41777,0.3636 
"22","01100","R","LA","Acadiana Regional Development District 2--Acadia & Vermilion Parishes",67600,0.5882 
"22","01100","U","LA","Acadiana Regional Development District 2--Acadia & Vermilion Parishes",47335,0.4118 
"22","01201","R","LA","Acadiana Regional Development District 3--Lafayette Parish (North)",18442,0.1581 
"22","01201","U","LA","Acadiana Regional Development District 3--Lafayette Parish (North)",98222,0.8419 
"22","01202","R","LA","Acadiana Regional Development District 4--Lafayette Parish (South)",3509,0.0281 
"22","01202","U","LA","Acadiana Regional Development District 4--Lafayette Parish (South)",121580,0.9719 
"22","01300","R","LA","Acadiana Regional Development District 5--Iberia & St. Martin Parishes",49710,0.4085 
"22","01300","U","LA","Acadiana Regional Development District 5--Iberia & St. Martin Parishes",71986,0.5915 
"22","01400","R","LA","Capital Region Planning Commission 1--Baton Rouge Metropolitan Area (West)",73595,0.651 
"22","01400","U","LA","Capital Region Planning Commission 1--Baton Rouge Metropolitan Area (West)",39452,0.349 
"22","01501","R","LA","Capital Region Planning Commission 4--East Baton Rouge Parish (North)",27731,0.2627 
"22","01501","U","LA","Capital Region Planning Commission 4--East Baton Rouge Parish (North)",77842,0.7373 
"22","01502","R","LA","Capital Region Planning Commission 3--Baton Rouge City (North)",162,0.0016 
"22","01502","U","LA","Capital Region Planning Commission 3--Baton Rouge City (North)",104146,0.9984 
"22","01503","R","LA","Capital Region Planning Commission 8--Baton Rouge City (South)",579,0.0041 
"22","01503","U","LA","Capital Region Planning Commission 8--Baton Rouge City (South)",139966,0.9959 
"22","01504","R","LA","Capital Region Planning Commission 2--East Baton Rouge Parish (South)",2855,0.0268 
"22","01504","U","LA","Capital Region Planning Commission 2--East Baton Rouge Parish (South)",103500,0.9732 
"22","01600","R","LA","Capital Region Planning Commission 5--Ascension Parish",13708,0.1084 
"22","01600","U","LA","Capital Region Planning Commission 5--Ascension Parish",112792,0.8916 
"22","01700","R","LA","Capital Region Planning Commission 6--Livingston & St. Helena Parishes",66064,0.4312 
"22","01700","U","LA","Capital Region Planning Commission 6--Livingston & St. Helena Parishes",87138,0.5688 
"22","01800","R","LA","Capital Region Planning Commission 7--Tangipahoa & Washington Parishes",95679,0.5357 
"22","01800","U","LA","Capital Region Planning Commission 7--Tangipahoa & Washington Parishes",82941,0.4643 
"22","01900","R","LA","South Central Planning & Development Commission 1--River Parishes",24336,0.2112 
"22","01900","U","LA","South Central Planning & Development Commission 1--River Parishes",90882,0.7888 
"22","02000","R","LA","South Central Planning & Development Commission 2--Lafourche & Assumption Parishes",36367,0.3066 
"22","02000","U","LA","South Central Planning & Development Commission 2--Lafourche & Assumption Parishes",82229,0.6934 
"22","02100","R","LA","South Central Planning & Development Commission 3--Terrebonne & St. Mary Parishes",32329,0.2033 
"22","02100","U","LA","South Central Planning & Development Commission 3--Terrebonne & St. Mary Parishes",126657,0.7967 
"22","02201","R","LA","Regional Planning Commission 1--St. Tammany Parish (Northwest)",39816,0.2769 
"22","02201","U","LA","Regional Planning Commission 1--St. Tammany Parish (Northwest)",103987,0.7231 
"22","02202","R","LA","Regional Planning Commission 2--St. Tammany Parish (Southeast)",20988,0.1738 
"22","02202","U","LA","Regional Planning Commission 2--St. Tammany Parish (Southeast)",99779,0.8262 
"22","02301","U","LA","Regional Planning Commission 3--Jefferson Parish (North)",105437,1 
"22","02302","U","LA","Regional Planning Commission 4--Jefferson Parish (Central)",143507,1 
"22","02303","R","LA","Regional Planning Commission 5--Jefferson Parish (West Bank)",941,0.0069 
"22","02303","U","LA","Regional Planning Commission 5--Jefferson Parish (West Bank)",135578,0.9931 
"22","02401","R","LA","Regional Planning Commission 6--New Orleans City (Northeast)",925,0.0063 
"22","02401","U","LA","Regional Planning Commission 6--New Orleans City (Northeast)",146250,0.9937 
"22","02402","U","LA","Regional Planning Commission 7--New Orleans City (Central)",118167,1 
"22","02403","R","LA","Regional Planning Commission 8--New Orleans City (South)",728,0.0061 
"22","02403","U","LA","Regional Planning Commission 8--New Orleans City (South)",117927,0.9939 
"22","02501","R","LA","Regional Planning Commission 9--St. Bernard, Jefferson (South) & Plaquemines Parishes P",16142,0.1317 
"22","02501","U","LA","Regional Planning Commission 9--St. Bernard, Jefferson (South) & Plaquemines Parishes P",106455,0.8683 
"23","00100","R","ME","Northeast Maine--Aroostook, Washington & Northern Penobscot Counties",105634,0.887 
"23","00100","U","ME","Northeast Maine--Aroostook, Washington & Northern Penobscot Counties",13454,0.113 
"23","00200","R","ME","Northwest Maine--Oxford, Somerset, Franklin & Somerset Counties",136921,0.8862 
"23","00200","U","ME","Northwest Maine--Oxford, Somerset, Franklin & Somerset Counties",17589,0.1138 
"23","00300","R","ME","Southern Penobscot County",69772,0.5313 
"23","00300","U","ME","Southern Penobscot County",61539,0.4687 
"23","00400","R","ME","Kennebec County",76946,0.6223 
"23","00400","U","ME","Kennebec County",46696,0.3777 
"23","00500","R","ME","Coastal Maine Region--Hancock, Knox, Waldo & Lincoln Counties",149580,0.8751 
"23","00500","U","ME","Coastal Maine Region--Hancock, Knox, Waldo & Lincoln Counties",21349,0.1249 
"23","00600","R","ME","Androscoggin County",50396,0.4534 
"23","00600","U","ME","Androscoggin County",60743,0.5465 
"23","00700","R","ME","Sagadahoc County & Northern Cumberland County",69876,0.6412 
"23","00700","U","ME","Sagadahoc County & Northern Cumberland County",39102,0.3588 
"23","00800","R","ME","Southern Maine--York (West) & Cumberland (West)",127090,0.6848 
"23","00800","U","ME","Southern Maine--York (West) & Cumberland (West)",58486,0.3152 
"23","00900","R","ME","Cumberland (Outside Portland) & York (East) Counties--Biddeford & Saco Cities",47750,0.3371 
"23","00900","U","ME","Cumberland (Outside Portland) & York (East) Counties--Biddeford & Saco Cities",93896,0.6629 
"23","01000","R","ME","Cumberland County (Southeast)--Portland, South Portland & Westbrook Cities",2085,0.018 
"23","01000","U","ME","Cumberland County (Southeast)--Portland, South Portland & Westbrook Cities",113455,0.982 
"24","00101","R","MD","Allegany, Garrett & West Washington Counties--Hancock & Clear Spring",61068,0.5498 
"24","00101","U","MD","Allegany, Garrett & West Washington Counties--Hancock & Clear Spring",50004,0.4502 
"24","00201","R","MD","Central Washington County--Hagerstown City",36874,0.2624 
"24","00201","U","MD","Central Washington County--Hagerstown City",103671,0.7376 
"24","00301","R","MD","Central Frederick County--Frederick City",6255,0.0456 
"24","00301","U","MD","Central Frederick County--Frederick City",130791,0.9544 
"24","00302","R","MD","Outer Frederick County",68579,0.5092 
"24","00302","U","MD","Outer Frederick County",66092,0.4908 
"24","00400","R","MD","Carroll County--Westminster City",73027,0.4224 
"24","00400","U","MD","Carroll County--Westminster City",99864,0.5776 
"24","00501","R","MD","Outer Baltimore County",58416,0.5426 
"24","00501","U","MD","Outer Baltimore County",49239,0.4574 
"24","00502","R","MD","Inner West Baltimore County--Randallstown, Owings Mills & Milford Mill",683,0.0043 
"24","00502","U","MD","Inner West Baltimore County--Randallstown, Owings Mills & Milford Mill",159538,0.9957 
"24","00503","R","MD","West Central Baltimore County--Pikesville, Towson & Cockeysville",84,0.0008 
"24","00503","U","MD","West Central Baltimore County--Pikesville, Towson & Cockeysville",111055,0.9992 
"24","00504","R","MD","East Central Baltimore County--Towson, Parkville & Carney",197,0.0018 
"24","00504","U","MD","East Central Baltimore County--Towson, Parkville & Carney",107654,0.9982 
"24","00505","R","MD","Inner East Baltimore County--Middle River, Rosedale & White Marsh",245,0.0023 
"24","00505","U","MD","Inner East Baltimore County--Middle River, Rosedale & White Marsh",106549,0.9977 
"24","00506","R","MD","Southeast Baltimore County--Dundalk, Essex, Edgemere",1062,0.0077 
"24","00506","U","MD","Southeast Baltimore County--Dundalk, Essex, Edgemere",137739,0.9923 
"24","00507","R","MD","Southwest Baltimore County--Catonsville, Woodlawn & Arbutus",234,0.0019 
"24","00507","U","MD","Southwest Baltimore County--Catonsville, Woodlawn & Arbutus",121840,0.9981 
"24","00601","R","MD","North Harford County--Bel Air Town, Fallston & Jarrettsville",51513,0.3636 
"24","00601","U","MD","North Harford County--Bel Air Town, Fallston & Jarrettsville",90174,0.6364 
"24","00602","R","MD","South Harford County--Aberdeen, Havre de Grace Cities",3095,0.026 
"24","00602","U","MD","South Harford County--Aberdeen, Havre de Grace Cities",116142,0.974 
"24","00700","R","MD","Cecil County--Elkton",50149,0.4835 
"24","00700","U","MD","Cecil County--Elkton",53576,0.5165 
"24","00801","U","MD","Northwest Baltimore City--Sandtown, Winchester, Ashburton & Mount Washington",132471,1 
"24","00802","U","MD","North Central Baltimore City--Guilford, Roland Park & Druid Lake",115604,1 
"24","00803","U","MD","Northeast Baltimore City--Frankford, Belair-Edison & Loch Raven",116697,1 
"24","00804","U","MD","East Baltimore City--Inner Harbor, Canton & Bayview",106489,1 
"24","00805","U","MD","Southwest Baltimore City--Irvington, Ten Hills & Cherry Hill",114447,1 
"24","00901","R","MD","West Howard County--Ellicott City (North & West), Fulton & Highland",38712,0.3146 
"24","00901","U","MD","West Howard County--Ellicott City (North & West), Fulton & Highland",84343,0.6854 
"24","00902","U","MD","Central Howard County--Columbia",104102,1 
"24","00903","R","MD","East Howard County--Ellicott City (Southeast), North Laurel & Elkridge",759,0.0072 
"24","00903","U","MD","East Howard County--Ellicott City (Southeast), North Laurel & Elkridge",104401,0.9928 
"24","01001","R","MD","North Montgomery County--Olney, Damascus & Darnestown",24404,0.2185 
"24","01001","U","MD","North Montgomery County--Olney, Damascus & Darnestown",87289,0.7815 
"24","01002","R","MD","North Central Montgomery County--Germantown, Clarksburg & Montgomery Village",677,0.004 
"24","01002","U","MD","North Central Montgomery County--Germantown, Clarksburg & Montgomery Village",169025,0.996 
"24","01003","U","MD","Central Montgomery County--Gaithersburg & Rockville",167322,1 
"24","01004","R","MD","Southwest Montgomery County--North Bethesda & Potomac",2122,0.0171 
"24","01004","U","MD","Southwest Montgomery County--North Bethesda & Potomac",122145,0.9829 
"24","01005","U","MD","East Central Montgomery County--Wheaton, Aspen Hill & Glenmont",145818,1 
"24","01006","R","MD","East Montgomery County--Fairland, Colesville & White Oak",1254,0.0104 
"24","01006","U","MD","East Montgomery County--Fairland, Colesville & White Oak",119642,0.9896 
"24","01007","U","MD","Southeast Montgomery County--Takoma Park City & Silver Spring",118754,1 
"24","01008","U","MD","South Montgomery County--South Bethesda & Chevy Chase",103609,1 
"24","01101","U","MD","Inner Northwest Prince Georges County--College Park City & Langley Park",129416,1 
"24","01102","R","MD","North Prince Georges County--Laurel, Greenbelt & Beltsville",1735,0.0116 
"24","01102","U","MD","North Prince Georges County--Laurel, Greenbelt & Beltsville",147885,0.9884 
"24","01103","U","MD","Inner Northeast Prince Georges County--New Carrollton & Hyattsville",119450,1 
"24","01104","U","MD","Central Prince Georges County--Seat Pleasant City, Capitol Heights Town & Landover PUM",120691,1 
"24","01105","R","MD","East Prince Georges County--Bowie City, Kettering & Largo",3949,0.0203 
"24","01105","U","MD","East Prince Georges County--Bowie City, Kettering & Largo",190601,0.9797 
"24","01106","R","MD","South Prince Georges County--Clinton, Fort Washington & Rosaryville",17863,0.1363 
"24","01106","U","MD","South Prince Georges County--Clinton, Fort Washington & Rosaryville",113198,0.8637 
"24","01107","U","MD","Southwest Prince Georges County--Oxon Hill, Hillcrest Heights & Temple Hills",122413,1 
"24","01201","R","MD","Northwest Anne Arundel County--Severn, Odenton & Crofton",2418,0.0195 
"24","01201","U","MD","Northwest Anne Arundel County--Severn, Odenton & Crofton",121872,0.9805 
"24","01202","U","MD","North Anne Arundel County--Glen Burnie, Pasadena, Ferndale & Brooklyn Park",122564,1 
"24","01203","R","MD","East Anne Arundel County--Severna Park, Arnold & Lake Shore",848,0.0076 
"24","01203","U","MD","East Anne Arundel County--Severna Park, Arnold & Lake Shore",110233,0.9924 
"24","01204","R","MD","Central Anne Arundel County",8136,0.0715 
"24","01204","U","MD","Central Anne Arundel County",105631,0.9285 
"24","01205","R","MD","Southeast Anne Arundel County--Annapolis City, Parole & Annapolis Neck",32614,0.2798 
"24","01205","U","MD","Southeast Anne Arundel County--Annapolis City, Parole & Annapolis Neck",83945,0.7202 
"24","01300","R","MD","Queen Annes, Talbot, Caroline, Dorchester & Kent Counties",108136,0.6272 
"24","01300","U","MD","Queen Annes, Talbot, Caroline, Dorchester & Kent Counties",64286,0.3728 
"24","01400","R","MD","Wicomico, Worcester & Somerset Counties--Salisbury City",64026,0.3544 
"24","01400","U","MD","Wicomico, Worcester & Somerset Counties--Salisbury City",116642,0.6456 
"24","01501","R","MD","Calvert & Southeast St. Marys Counties--Chesapeake Beach & California",58978,0.5677 
"24","01501","U","MD","Calvert & Southeast St. Marys Counties--Chesapeake Beach & California",44920,0.4323 
"24","01601","R","MD","Central St. Marys County--Lexington Park City & Leonardtown",63008,0.6137 
"24","01601","U","MD","Central St. Marys County--Lexington Park City & Leonardtown",39654,0.3863 
"24","01700","R","MD","Charles County--La Plata Town & Waldorf City",47344,0.2841 
"24","01700","U","MD","Charles County--La Plata Town & Waldorf City",119273,0.7159 
"25","00100","R","MA","Berkshire County--Pittsfield",44755,0.3469 
"25","00100","U","MA","Berkshire County--Pittsfield",84271,0.6531 
"25","00201","R","MA","Franklin & Hampshire (West, North, East) Counties",71776,0.6046 
"25","00201","U","MA","Franklin & Hampshire (West, North, East) Counties",46931,0.3954 
"25","00301","R","MA","Hampshire County (South)--Northampton",13520,0.1179 
"25","00301","U","MA","Hampshire County (South)--Northampton",101110,0.8821 
"25","00401","R","MA","Hampden County (West)--Westfield & Holyoke",16632,0.1089 
"25","00401","U","MA","Hampden County (West)--Westfield & Holyoke",136113,0.8911 
"25","00402","R","MA","Hampden County (Central)--Springfield",11,0.0001 
"25","00402","U","MA","Hampden County (Central)--Springfield",155918,0.9999 
"25","00403","R","MA","Hampden County (East)--Chicopee",27738,0.1765 
"25","00403","U","MA","Hampden County (East)--Chicopee",129413,0.8235 
"25","00501","R","MA","Worcester County (Northwest)--Gardner",55720,0.5026 
"25","00501","U","MA","Worcester County (Northwest)--Gardner",55152,0.4974 
"25","00502","R","MA","Worcester County (Northeast)--Fitchburg, Leominster & Lunenburg",21224,0.1792 
"25","00502","U","MA","Worcester County (Northeast)--Fitchburg, Leominster & Lunenburg",97243,0.8208 
"25","00503","R","MA","Worcester County (East Central)--Outside Worcester City",11571,0.0761 
"25","00503","U","MA","Worcester County (East Central)--Outside Worcester City",140562,0.9239 
"25","00504","U","MA","Worcester City (East)",105624,1 
"25","00505","R","MA","Worcester City (West)",22,0.0002 
"25","00505","U","MA","Worcester City (West)",100872,0.9998 
"25","00506","R","MA","Worcester County (West Central)--Outside Worcester City",45928,0.3936 
"25","00506","U","MA","Worcester County (West Central)--Outside Worcester City",70763,0.6064 
"25","00507","R","MA","Worcester County (South)",48094,0.3055 
"25","00507","U","MA","Worcester County (South)",109336,0.6945 
"25","00601","R","MA","Middlesex County (Northwest)--Outside Lowell",31777,0.2484 
"25","00601","U","MA","Middlesex County (Northwest)--Outside Lowell",96145,0.7516 
"25","00602","U","MA","Middlesex County--Lowell",115554,1 
"25","00603","R","MA","Middlesex County (Northeast)--Billerica, Tewksbury & Dracut",1393,0.0131 
"25","00603","U","MA","Middlesex County (Northeast)--Billerica, Tewksbury & Dracut",104685,0.9869 
"25","00604","R","MA","Middlesex County (West Central)",12931,0.1075 
"25","00604","U","MA","Middlesex County (West Central)",107411,0.8925 
"25","00605","R","MA","Middlesex County--Framingham & Marlborough",1139,0.01 
"25","00605","U","MA","Middlesex County--Framingham & Marlborough",113016,0.99 
"25","00606","R","MA","Middlesex County (Southwest)",8491,0.0787 
"25","00606","U","MA","Middlesex County (Southwest)",99445,0.9213 
"25","00607","R","MA","Middlesex County--Lexington, Burlington & Wilmington",2005,0.0143 
"25","00607","U","MA","Middlesex County--Lexington, Burlington & Wilmington",138393,0.9857 
"25","00608","U","MA","Middlesex County--Woburn, Melrose & Reading",162099,1 
"25","00609","U","MA","Middlesex County (East)--Malden & Medford",125922,1 
"25","00610","U","MA","Middlesex County (East)--Somerville & Everett",130120,1 
"25","00611","U","MA","Middlesex County (East)--Cambridge",118403,1 
"25","00612","U","MA","Middlesex County--Watertown, Arlington & Belmont",108932,1 
"25","00613","U","MA","Middlesex County--Newton & Waltham",154141,1 
"25","00701","R","MA","Essex County (Northwest)--Haverhill & Methuen",1224,0.0101 
"25","00701","U","MA","Essex County (Northwest)--Haverhill & Methuen",119622,0.9899 
"25","00702","R","MA","Essex County (West)--Lawrence & Andover",81,0.0006 
"25","00702","U","MA","Essex County (West)--Lawrence & Andover",125631,0.9994 
"25","00703","R","MA","Essex County (North)--Newburyport, Amesbury & North Andover",22059,0.1789 
"25","00703","U","MA","Essex County (North)--Newburyport, Amesbury & North Andover",101272,0.8211 
"25","00704","R","MA","Essex County (Central)--Peabody, Danvers & Saugus",13344,0.0782 
"25","00704","U","MA","Essex County (Central)--Peabody, Danvers & Saugus",157191,0.9218 
"25","00705","U","MA","Essex County--Lynn & Nahant",104587,1 
"25","00706","R","MA","Essex County (South Coastline)--Salem, Beverly & Gloucester",5035,0.0305 
"25","00706","U","MA","Essex County (South Coastline)--Salem, Beverly & Gloucester",159783,0.9695 
"25","00801","U","MA","Boston City--Allston, Brighton & Fenway",123912,1 
"25","00802","U","MA","Boston City--Back Bay, Beacon Hill, Charlestown, East Boston, Central & South End",161333,1 
"25","00803","R","MA","Boston City--Dorchester & South Boston",18,0.0001 
"25","00803","U","MA","Boston City--Dorchester & South Boston",123185,0.9999 
"25","00804","U","MA","Boston City--Mattapan & Roxbury",139046,1 
"25","00805","U","MA","Boston City--Hyde Park, Jamaica Plain, Roslindale & West Roxbury",128160,1 
"25","00806","R","MA","Suffolk County (North)--Revere, Chelsea & Winthrop",18,0.0001 
"25","00806","U","MA","Suffolk County (North)--Revere, Chelsea & Winthrop",122264,0.9999 
"25","00901","R","MA","Norfolk County (Northwest)--Needham, Wellesley & Westwood",4934,0.0417 
"25","00901","U","MA","Norfolk County (Northwest)--Needham, Wellesley & Westwood",113270,0.9583 
"25","00902","R","MA","Norfolk County--Brookline, Milton & Dedham",467,0.004 
"25","00902","U","MA","Norfolk County--Brookline, Milton & Dedham",116739,0.996 
"25","00903","R","MA","Norfolk County--Quincy",72,0.0007 
"25","00903","U","MA","Norfolk County--Quincy",101543,0.9993 
"25","00904","R","MA","Norfolk County (Northeast)--Weymouth, Braintree, Randolph & Cohasset",381,0.0027 
"25","00904","U","MA","Norfolk County (Northeast)--Weymouth, Braintree, Randolph & Cohasset",139564,0.9973 
"25","00905","R","MA","Norfolk County (Central)--Norwood, Stoughton & Canton",3496,0.0291 
"25","00905","U","MA","Norfolk County (Central)--Norwood, Stoughton & Canton",116523,0.9709 
"25","00906","R","MA","Norfolk County (Southwest)--Franklin, Walpole & Foxborough",5331,0.0413 
"25","00906","U","MA","Norfolk County (Southwest)--Franklin, Walpole & Foxborough",123661,0.9587 
"25","01001","R","MA","Bristol County--Attleboro, North Attleborough & Swansea",15455,0.1262 
"25","01001","U","MA","Bristol County--Attleboro, North Attleborough & Swansea",107017,0.8738 
"25","01002","R","MA","Bristol County--Taunton, Easton & Mansfield",17398,0.1104 
"25","01002","U","MA","Bristol County--Taunton, Easton & Mansfield",140137,0.8896 
"25","01003","R","MA","Bristol County (Central)--Fall River, Somerset & Acushnet",9940,0.0753 
"25","01003","U","MA","Bristol County (Central)--Fall River, Somerset & Acushnet",122128,0.9247 
"25","01004","R","MA","Bristol County (South)--New Bedford, Dartmouth & Westport",17698,0.1059 
"25","01004","U","MA","Bristol County (South)--New Bedford, Dartmouth & Westport",149427,0.8941 
"25","01101","U","MA","Plymouth County--Brockton",105643,1 
"25","01102","R","MA","Plymouth County (West)--Bridgewater, Abington & Whitman",10947,0.0824 
"25","01102","U","MA","Plymouth County (West)--Bridgewater, Abington & Whitman",121875,0.9176 
"25","01103","R","MA","Plymouth County (North)--Marshfield, Hingham & Scituate",11775,0.0824 
"25","01103","U","MA","Plymouth County (North)--Marshfield, Hingham & Scituate",131074,0.9176 
"25","01104","R","MA","Plymouth County (South)--Plymouth Town, Middleborough & Wareham",43445,0.2906 
"25","01104","U","MA","Plymouth County (South)--Plymouth Town, Middleborough & Wareham",106060,0.7094 
"25","01201","R","MA","Barnstable County (West)--Inner Cape Cod Towns & Barnstable Town City",4865,0.0355 
"25","01201","U","MA","Barnstable County (West)--Inner Cape Cod Towns & Barnstable Town City",132339,0.9645 
"25","01301","R","MA","Barnstable (East), Dukes & Nantucket Counties--Outer Cape Cod Towns",10312,0.0814 
"25","01301","U","MA","Barnstable (East), Dukes & Nantucket Counties--Outer Cape Cod Towns",116335,0.9186 
"26","00100","R","MI","Western Upper Peninsula",92940,0.5424 
"26","00100","U","MI","Western Upper Peninsula",78416,0.4576 
"26","00200","R","MI","Eastern Upper Peninsula",79716,0.612 
"26","00200","U","MI","Eastern Upper Peninsula",50536,0.388 
"26","00300","R","MI","Northeast Lower Peninsula",103033,0.7742 
"26","00300","U","MI","Northeast Lower Peninsula",30053,0.2258 
"26","00400","R","MI","Northwest Lower Peninsula (East)",117608,0.7827 
"26","00400","U","MI","Northwest Lower Peninsula (East)",32653,0.2173 
"26","00500","R","MI","Northwest Lower Peninsula (West)",92955,0.579 
"26","00500","U","MI","Northwest Lower Peninsula (West)",67586,0.421 
"26","00600","R","MI","Newaygo, Mason, Oceana & Lake Counties",100737,0.8553 
"26","00600","U","MI","Newaygo, Mason, Oceana & Lake Counties",17048,0.1447 
"26","00700","R","MI","Muskegon County",45738,0.2601 
"26","00700","U","MI","Muskegon County",130086,0.7399 
"26","00801","R","MI","Ottawa County (West)",24299,0.1609 
"26","00801","U","MI","Ottawa County (West)",126695,0.8391 
"26","00802","R","MI","Ottawa County (East)",38492,0.2651 
"26","00802","U","MI","Ottawa County (East)",106714,0.7349 
"26","00900","R","MI","Allegan County",81433,0.6758 
"26","00900","U","MI","Allegan County",39069,0.3242 
"26","01001","R","MI","Kent County (Southwest)",5394,0.0353 
"26","01001","U","MI","Kent County (Southwest)",147495,0.9647 
"26","01002","U","MI","Kent County (Central)--Grand Rapids City Area",199156,1 
"26","01003","R","MI","Kent County (Southeast)",33414,0.1861 
"26","01003","U","MI","Kent County (Southeast)",146126,0.8139 
"26","01004","R","MI","Kent County (North)",67709,0.5357 
"26","01004","U","MI","Kent County (North)",58680,0.4643 
"26","01100","R","MI","Ionia, Montcalm, Mecosta & Osceola Counties",149580,0.7631 
"26","01100","U","MI","Ionia, Montcalm, Mecosta & Osceola Counties",46443,0.2369 
"26","01200","R","MI","Isabella, Gratiot & Clare Counties",85060,0.6208 
"26","01200","U","MI","Isabella, Gratiot & Clare Counties",51951,0.3792 
"26","01300","R","MI","Iosco, Gladwin, Roscommon, Ogemaw & Arenac Counties",82137,0.7477 
"26","01300","U","MI","Iosco, Gladwin, Roscommon, Ogemaw & Arenac Counties",27717,0.2523 
"26","01400","R","MI","Bay & Midland Counties",66138,0.353 
"26","01400","U","MI","Bay & Midland Counties",121212,0.647 
"26","01500","R","MI","Saginaw County",62009,0.3262 
"26","01500","U","MI","Saginaw County",128115,0.6738 
"26","01600","R","MI","Tuscola, Sanilac & Huron Counties",117377,0.9365 
"26","01600","U","MI","Tuscola, Sanilac & Huron Counties",7964,0.0635 
"26","01701","R","MI","Genesee (East, excluding Grand Blanc area) & Lapeer Counties",102463,0.7184 
"26","01701","U","MI","Genesee (East, excluding Grand Blanc area) & Lapeer Counties",40163,0.2816 
"26","01702","R","MI","Genesee County (Central)--Outside Flint City, including Grand Blanc area",3205,0.0247 
"26","01702","U","MI","Genesee County (Central)--Outside Flint City, including Grand Blanc area",126499,0.9753 
"26","01703","R","MI","Genesee County (Central)--Flint City and Mount Morris City Area",3802,0.0364 
"26","01703","U","MI","Genesee County (Central)--Flint City and Mount Morris City Area",100606,0.9636 
"26","01704","R","MI","Genesee (West) & Shiawassee Counties",81334,0.4368 
"26","01704","U","MI","Genesee (West) & Shiawassee Counties",104852,0.5632 
"26","01801","R","MI","Ingham County (South & East)",41503,0.2385 
"26","01801","U","MI","Ingham County (South & East)",132525,0.7615 
"26","01802","U","MI","Ingham County (Northwest)",110872,1 
"26","01900","R","MI","Eaton & Clinton Counties",82078,0.4359 
"26","01900","U","MI","Eaton & Clinton Counties",106225,0.5641 
"26","02000","R","MI","Calhoun & Barry Counties",97821,0.4972 
"26","02000","U","MI","Calhoun & Barry Counties",98912,0.5028 
"26","02101","R","MI","Kalamazoo County (Outer)",56353,0.4067 
"26","02101","U","MI","Kalamazoo County (Outer)",82221,0.5933 
"26","02102","R","MI","Kalamazoo County (Central)--Kalamazoo & Portage Cities Area",269,0.0022 
"26","02102","U","MI","Kalamazoo County (Central)--Kalamazoo & Portage Cities Area",122827,0.9978 
"26","02200","R","MI","St. Joseph & Branch Counties",69971,0.6613 
"26","02200","U","MI","St. Joseph & Branch Counties",35830,0.3387 
"26","02300","R","MI","Van Buren & Cass Counties",97226,0.7645 
"26","02300","U","MI","Van Buren & Cass Counties",29950,0.2355 
"26","02400","R","MI","Berrien County",46444,0.301 
"26","02400","U","MI","Berrien County",107872,0.699 
"26","02500","R","MI","Lenawee & Hillsdale Counties",91637,0.6312 
"26","02500","U","MI","Lenawee & Hillsdale Counties",53532,0.3688 
"26","02600","R","MI","Jackson County",75828,0.4728 
"26","02600","U","MI","Jackson County",84538,0.5272 
"26","02701","R","MI","Washtenaw County (West, Northeast & Southeast)",57350,0.4971 
"26","02701","U","MI","Washtenaw County (West, Northeast & Southeast)",58017,0.5029 
"26","02702","U","MI","Washtenaw County (East Central)--Ann Arbor City Area",124972,1 
"26","02703","R","MI","Washtenaw County (East Central)--Outside Ann Arbor City",6659,0.0505 
"26","02703","U","MI","Washtenaw County (East Central)--Outside Ann Arbor City",125260,0.9495 
"26","02800","R","MI","Livingston County",76602,0.3951 
"26","02800","U","MI","Livingston County",117264,0.6049 
"26","02901","R","MI","Oakland County (West)",35722,0.2532 
"26","02901","U","MI","Oakland County (West)",105352,0.7468 
"26","02902","R","MI","Oakland County (Northeast)",34215,0.2445 
"26","02902","U","MI","Oakland County (Northeast)",105731,0.7555 
"26","02903","U","MI","Oakland County (East Central)--Troy & Rochester Area",176267,1 
"26","02904","R","MI","Oakland County (Central)",76,0.0005 
"26","02904","U","MI","Oakland County (Central)",157104,0.9995 
"26","02905","R","MI","Oakland County (Southwest)",617,0.0045 
"26","02905","U","MI","Oakland County (Southwest)",136611,0.9955 
"26","02906","U","MI","Oakland County (Central)--Birmingham & Bloomfield Area",158027,1 
"26","02907","U","MI","Oakland County (South Central)--Farmington & Southfield Area",176289,1 
"26","02908","U","MI","Oakland County (Southeast)",188384,1 
"26","03001","R","MI","Macomb County (North)",26841,0.2124 
"26","03001","U","MI","Macomb County (North)",99546,0.7876 
"26","03002","R","MI","Macomb County (Central)",1440,0.0082 
"26","03002","U","MI","Macomb County (Central)",174876,0.9918 
"26","03003","U","MI","Macomb County (Southwest)--Sterling Heights City",134346,1 
"26","03004","R","MI","Macomb County (Southeast)--Mount Clemens & Fraser Area",6,0 
"26","03004","U","MI","Macomb County (Southeast)--Mount Clemens & Fraser Area",155244,1 
"26","03005","U","MI","Macomb County (Southeast)--St. Clair Shores, Roseville & Eastpointe Area",140979,1 
"26","03006","U","MI","Macomb County (Southwest)--Warren & Center Line Cities",147939,1 
"26","03100","R","MI","St. Clair County",63361,0.3951 
"26","03100","U","MI","St. Clair County",97022,0.6049 
"26","03201","R","MI","Wayne County (Northwest)",2009,0.0098 
"26","03201","U","MI","Wayne County (Northwest)",202892,0.9902 
"26","03202","U","MI","Wayne County (North Central)--Livonia City & Redford Charter Township",145039,1 
"26","03203","U","MI","Wayne County (Central)--Dearborn & Dearborn Heights Cities",173268,1 
"26","03204","U","MI","Wayne County (Central)--Westland, Garden City, Inkster & Wayne Cities",156601,1 
"26","03205","R","MI","Wayne County (Southwest)",13675,0.1187 
"26","03205","U","MI","Wayne County (Southwest)",101516,0.8813 
"26","03206","R","MI","Wayne County (Southeast)--Downriver Area (South)",401,0.0029 
"26","03206","U","MI","Wayne County (Southeast)--Downriver Area (South)",136348,0.9971 
"26","03207","U","MI","Wayne County (Southeast)--Downriver Area (North)",123321,1 
"26","03208","U","MI","Detroit City (Northwest)",154586,1 
"26","03209","U","MI","Detroit City (North Central)",126448,1 
"26","03210","U","MI","Detroit City (Northeast)",108909,1 
"26","03211","U","MI","Detroit City (South Central & Southeast)",122822,1 
"26","03212","U","MI","Detroit City (Southwest)",106725,1 
"26","03213","U","MI","Wayne County (Northeast)--I-94 Corridor",119001,1 
"26","03300","R","MI","Monroe County",58396,0.3772 
"26","03300","U","MI","Monroe County",96413,0.6228 
"27","00101","R","MN","Northwest Minnesota",111358,0.7567 
"27","00101","U","MN","Northwest Minnesota",35803,0.2433 
"27","00201","R","MN","North Central Minnesota",112800,0.7802 
"27","00201","U","MN","North Central Minnesota",31772,0.2198 
"27","00301","R","MN","Cook, Lake & St. Louis (North) Counties",74009,0.7119 
"27","00301","U","MN","Cook, Lake & St. Louis (North) Counties",29948,0.2881 
"27","00401","R","MN","St. Louis County (Southeast)--Duluth, Hermantown & Proctor Cities",10902,0.1063 
"27","00401","U","MN","St. Louis County (Southeast)--Duluth, Hermantown & Proctor Cities",91617,0.8937 
"27","00501","R","MN","Aitkin, Carlton, Kanabec, Pine & St. Louis (Southwest) Counties",93859,0.8766 
"27","00501","U","MN","Aitkin, Carlton, Kanabec, Pine & St. Louis (Southwest) Counties",13213,0.1234 
"27","00600","R","MN","Crow Wing, Morrison, Todd & Wadena Counties",105256,0.7547 
"27","00600","U","MN","Crow Wing, Morrison, Todd & Wadena Counties",34204,0.2453 
"27","00700","R","MN","Clay, Otter Tail & Wilkin Counties",66782,0.5063 
"27","00700","U","MN","Clay, Otter Tail & Wilkin Counties",65123,0.4937 
"27","00800","R","MN","West Central Minnesota",79688,0.7035 
"27","00800","U","MN","West Central Minnesota",33580,0.2965 
"27","00901","R","MN","Benton (Northwest) & Stearns (West) Counties",76868,0.7307 
"27","00901","U","MN","Benton (Northwest) & Stearns (West) Counties",28325,0.2693 
"27","01001","R","MN","Benton (Southwest), Sherburne (Northwest) & Stearns (East) Counties--St. Cloud City PUM",5946,0.0566 
"27","01001","U","MN","Benton (Southwest), Sherburne (Northwest) & Stearns (East) Counties--St. Cloud City PUM",99115,0.9434 
"27","01101","R","MN","Sherburne (East) & Wright (North) Counties",46522,0.4525 
"27","01101","U","MN","Sherburne (East) & Wright (North) Counties",56295,0.5475 
"27","01200","R","MN","Chisago, Isanti & Mille Lacs Counties",83217,0.6699 
"27","01200","U","MN","Chisago, Isanti & Mille Lacs Counties",40998,0.3301 
"27","01301","R","MN","Anoka County (North)--Andover, Ramsey, Ham Lake & East Bethel Cities",55985,0.4663 
"27","01301","U","MN","Anoka County (North)--Andover, Ramsey, Ham Lake & East Bethel Cities",64088,0.5337 
"27","01302","U","MN","Anoka County (Southwest)--Coon Rapids, Fridley, Columbia Heights & Anoka Cities",141024,1 
"27","01303","R","MN","Anoka County (Southeast)--Blaine & Lino Lakes Cities",1882,0.0183 
"27","01303","U","MN","Anoka County (Southeast)--Blaine & Lino Lakes Cities",100908,0.9817 
"27","01401","R","MN","Washington County (North)--Oakdale, Forest Lake, Stillwater & Hugo Cities",28926,0.213 
"27","01401","U","MN","Washington County (North)--Oakdale, Forest Lake, Stillwater & Hugo Cities",106874,0.787 
"27","01402","R","MN","Washington County (South)--Woodbury & Cottage Grove Cities",6838,0.0519 
"27","01402","U","MN","Washington County (South)--Woodbury & Cottage Grove Cities",124930,0.9481 
"27","01501","R","MN","Ramsey County (North)--Shoreview, White Bear Lake & New Brighton Cities",75,0.0006 
"27","01501","U","MN","Ramsey County (North)--Shoreview, White Bear Lake & New Brighton Cities",131941,0.9994 
"27","01502","U","MN","Ramsey County (Central & Far Southeast)--Maplewood, Roseville & North St. Paul Cities P",108809,1 
"27","01503","U","MN","Ramsey County--St. Paul City (Northwest)",102290,1 
"27","01504","R","MN","Ramsey County--St. Paul City (Southwest)",36,0.0003 
"27","01504","U","MN","Ramsey County--St. Paul City (Southwest)",102967,0.9997 
"27","01505","U","MN","Ramsey County--St. Paul City (East)",106234,1 
"27","01601","R","MN","Hennepin County (West)--Champlin, Rogers Cities & Lake Minnetonka",29911,0.2473 
"27","01601","U","MN","Hennepin County (West)--Champlin, Rogers Cities & Lake Minnetonka",91027,0.7527 
"27","01602","R","MN","Hennepin County--Plymouth, Maple Grove (West) & Medicine Lake Cities",43,0.0004 
"27","01602","U","MN","Hennepin County--Plymouth, Maple Grove (West) & Medicine Lake Cities",118213,0.9996 
"27","01603","R","MN","Hennepin County--Brooklyn Park, Maple Grove (East) & Osseo Cities",186,0.0015 
"27","01603","U","MN","Hennepin County--Brooklyn Park, Maple Grove (East) & Osseo Cities",122340,0.9985 
"27","01604","U","MN","Hennepin County--Brooklyn Center, Crystal, Golden Valley, New Hope & Robbinsdale",116296,1 
"27","01605","R","MN","Hennepin County--Eden Prairie & Minnetonka Cities",73,0.0006 
"27","01605","U","MN","Hennepin County--Eden Prairie & Minnetonka Cities",117906,0.9994 
"27","01606","U","MN","Hennepin County--Edina, St. Louis Park & Hopkins Cities",122583,1 
"27","01607","R","MN","Hennepin County--Bloomington & Richfield Cities",392,0.0031 
"27","01607","U","MN","Hennepin County--Bloomington & Richfield Cities",127029,0.9969 
"27","01608","U","MN","Hennepin County--Minneapolis (North) & St. Anthony Cities",112796,1 
"27","01609","U","MN","Hennepin County--Minneapolis City (East)",111865,1 
"27","01610","U","MN","Hennepin County--Minneapolis City (Southwest)",106733,1 
"27","01611","U","MN","Hennepin County--Minneapolis City (Central)",104172,1 
"27","01701","R","MN","Dakota County (Northwest)--Eagan, West St. Paul & Mendota Heights Cities",619,0.0061 
"27","01701","U","MN","Dakota County (Northwest)--Eagan, West St. Paul & Mendota Heights Cities",101587,0.9939 
"27","01702","R","MN","Dakota County (Northeast)--Inver Grove Heights, Rosemount, Hastings & South St. Paul PU",9069,0.0827 
"27","01702","U","MN","Dakota County (Northeast)--Inver Grove Heights, Rosemount, Hastings & South St. Paul PU",100548,0.9173 
"27","01703","U","MN","Dakota County (West)--Burnsville & Apple Valley Cities",120691,1 
"27","01704","R","MN","Dakota County (South)--Lakeville & Farmington Cities",12223,0.1138 
"27","01704","U","MN","Dakota County (South)--Lakeville & Farmington Cities",95145,0.8862 
"27","01800","R","MN","Scott County",27321,0.181 
"27","01800","U","MN","Scott County",123607,0.819 
"27","01900","R","MN","Carver County",26357,0.2465 
"27","01900","U","MN","Carver County",80565,0.7535 
"27","02001","R","MN","Wright (South) County",54285,0.4339 
"27","02001","U","MN","Wright (South) County",70835,0.5661 
"27","02100","R","MN","Kandiyohi, McLeod, Meeker, Renville & Sibley Counties",81541,0.611 
"27","02100","U","MN","Kandiyohi, McLeod, Meeker, Renville & Sibley Counties",51921,0.389 
"27","02200","R","MN","Southwest Minnesota",80713,0.6873 
"27","02200","U","MN","Southwest Minnesota",36724,0.3127 
"27","02300","R","MN","Brown, Martin, Faribault, Freeborn & Watonwan Counties",62192,0.6097 
"27","02300","U","MN","Brown, Martin, Faribault, Freeborn & Watonwan Counties",39814,0.3903 
"27","02400","R","MN","Blue Earth & Nicollet Counties--Mankato City",31889,0.3079 
"27","02400","U","MN","Blue Earth & Nicollet Counties--Mankato City",71677,0.6921 
"27","02500","R","MN","Le Sueur, Rice, Steele & Waseca Counties",67077,0.4409 
"27","02500","U","MN","Le Sueur, Rice, Steele & Waseca Counties",85068,0.5591 
"27","02600","R","MN","Goodhue, Wabasha & Winona Counties",69238,0.5836 
"27","02600","U","MN","Goodhue, Wabasha & Winona Counties",49402,0.4164 
"27","02700","R","MN","Olmsted County--Rochester City",28284,0.1737 
"27","02700","U","MN","Olmsted County--Rochester City",134563,0.8263 
"27","02800","R","MN","Dodge, Fillmore, Houston & Mower Counties",62378,0.6178 
"27","02800","U","MN","Dodge, Fillmore, Houston & Mower Counties",38589,0.3822 
"28","00100","R","MS","North Delta Region--DeSoto County--Southaven City",40586,0.219 
"28","00100","U","MS","North Delta Region--DeSoto County--Southaven City",144728,0.781 
"28","00200","R","MS","Northeast Region--Alcorn, Benton, Marshall, Prentiss, Tippah & Tishomingo Counties",117350,0.8275 
"28","00200","U","MS","Northeast Region--Alcorn, Benton, Marshall, Prentiss, Tippah & Tishomingo Counties",24461,0.1725 
"28","00300","R","MS","North Delta Region",83837,0.753 
"28","00300","U","MS","North Delta Region",27498,0.247 
"28","00400","R","MS","Three Rivers Region--Calhoun, Chickasaw, Itawamba, Lafayette & Monroe Counties",104733,0.7262 
"28","00400","U","MS","Three Rivers Region--Calhoun, Chickasaw, Itawamba, Lafayette & Monroe Counties",39495,0.2738 
"28","00500","R","MS","Three Rivers Region--Lee, Pontotoc, Union Counties & Tupelo City",95308,0.6697 
"28","00500","U","MS","Three Rivers Region--Lee, Pontotoc, Union Counties & Tupelo City",46996,0.3303 
"28","00600","R","MS","Golden Triangle Region--Columbus, Starkville, & West Point Cities",107633,0.6134 
"28","00600","U","MS","Golden Triangle Region--Columbus, Starkville, & West Point Cities",67841,0.3866 
"28","00700","R","MS","North Central Region",80691,0.6887 
"28","00700","U","MS","North Central Region",36467,0.3113 
"28","00800","R","MS","South Delta Region",61847,0.5387 
"28","00800","U","MS","South Delta Region",52954,0.4613 
"28","00900","R","MS","Central Region--Madison & Rankin Counties",39796,0.2929 
"28","00900","U","MS","Central Region--Madison & Rankin Counties",96092,0.7071 
"28","01001","R","MS","Central Region--Byram, Terry, Utica & Vicksburg City",78167,0.6116 
"28","01001","U","MS","Central Region--Byram, Terry, Utica & Vicksburg City",49639,0.3884 
"28","01101","R","MS","Central Region--Jackson and Clinton Cities",4186,0.0242 
"28","01101","U","MS","Central Region--Jackson and Clinton Cities",168840,0.9758 
"28","01300","R","MS","Central Region--Rankin & Simpson Counties",77767,0.425 
"28","01300","U","MS","Central Region--Rankin & Simpson Counties",105213,0.575 
"28","01400","R","MS","East Central Region--Jasper, Leake, Kemper, Neshoba, Scott & Smith Counties",110802,0.9397 
"28","01400","U","MS","East Central Region--Jasper, Leake, Kemper, Neshoba, Scott & Smith Counties",7114,0.0603 
"28","01500","R","MS","East Central Region--Clarke, Lauderdale & Newton Counties--Meridian City",76081,0.6923 
"28","01500","U","MS","East Central Region--Clarke, Lauderdale & Newton Counties--Meridian City",33809,0.3077 
"28","01600","R","MS","Southwest Region",131804,0.7487 
"28","01600","U","MS","Southwest Region",44242,0.2513 
"28","01700","R","MS","South Region--Covington, Greene, Jefferson Davis, Jones & Wayne Counties",105015,0.8065 
"28","01700","U","MS","South Region--Covington, Greene, Jefferson Davis, Jones & Wayne Counties",25201,0.1935 
"28","01800","R","MS","South Region--Forrest, Lamar, Marion & Perry Counties",91275,0.5118 
"28","01800","U","MS","South Region--Forrest, Lamar, Marion & Perry Counties",87057,0.4882 
"28","01900","R","MS","South Region--George, Hancock, Pearl River & Stone Counties",100147,0.6912 
"28","01900","U","MS","South Region--George, Hancock, Pearl River & Stone Counties",44734,0.3088 
"28","02001","R","MS","South Region--Harrison County--Gulfport City",29172,0.2788 
"28","02001","U","MS","South Region--Harrison County--Gulfport City",75453,0.7212 
"28","02002","R","MS","South Region--Harrison County--Biloxi City",10828,0.1041 
"28","02002","U","MS","South Region--Harrison County--Biloxi City",93168,0.8959 
"28","02100","R","MS","South Region--Jackson County",43464,0.3034 
"28","02100","U","MS","South Region--Jackson County",99788,0.6966 
"29","00100","R","MO","Northwest Missouri",80351,0.7306 
"29","00100","U","MO","Northwest Missouri",29629,0.2694 
"29","00200","R","MO","Buchanan, Andrew & DeKalb Counties",30326,0.2661 
"29","00200","U","MO","Buchanan, Andrew & DeKalb Counties",83631,0.7339 
"29","00300","R","MO","Northeast Missouri",79421,0.6657 
"29","00300","U","MO","Northeast Missouri",39877,0.3343 
"29","00400","R","MO","Lincoln, Warren, Audrain, Pike & Montgomery Counties",111559,0.7488 
"29","00400","U","MO","Lincoln, Warren, Audrain, Pike & Montgomery Counties",37418,0.2512 
"29","00501","R","MO","Boone (Outside Columbia City), Cole, Callaway & Moniteau",89700,0.5476 
"29","00501","U","MO","Boone (Outside Columbia City), Cole, Callaway & Moniteau",74099,0.4524 
"29","00601","R","MO","Boone County--Columbia City",5203,0.0368 
"29","00601","U","MO","Boone County--Columbia City",136170,0.9632 
"29","00700","R","MO","Pettis, Randolph, Saline, Cooper, Howard, Carroll & Chariton Counties",74475,0.555 
"29","00700","U","MO","Pettis, Randolph, Saline, Cooper, Howard, Carroll & Chariton Counties",59711,0.445 
"29","00800","R","MO","Johnson, Lafayette, Ray, Clinton & Caldwell Counties",93385,0.6663 
"29","00800","U","MO","Johnson, Lafayette, Ray, Clinton & Caldwell Counties",46769,0.3337 
"29","00901","R","MO","Clay County (Northeast)",20174,0.1719 
"29","00901","U","MO","Clay County (Northeast)",97219,0.8281 
"29","00902","R","MO","Kansas City (North Central), Gladstone City & North Kansas City",326,0.0024 
"29","00902","U","MO","Kansas City (North Central), Gladstone City & North Kansas City",135616,0.9976 
"29","01000","R","MO","Platte County",14558,0.1364 
"29","01000","U","MO","Platte County",92160,0.8636 
"29","01101","U","MO","Jackson County--Kansas City (Central)",183021,1 
"29","01102","R","MO","Jackson County (North Central)",1678,0.0125 
"29","01102","U","MO","Jackson County (North Central)",132361,0.9875 
"29","01103","R","MO","Jackson County (East)",24360,0.1718 
"29","01103","U","MO","Jackson County (East)",117448,0.8282 
"29","01104","R","MO","Jackson County (South Central)",3179,0.0282 
"29","01104","U","MO","Jackson County (South Central)",109681,0.9718 
"29","01105","R","MO","Jackson County--Kansas City (South)",1400,0.0096 
"29","01105","U","MO","Jackson County--Kansas City (South)",144076,0.9904 
"29","01200","R","MO","Cass & Bates Counties",48024,0.3877 
"29","01200","U","MO","Cass & Bates Counties",75842,0.6123 
"29","01300","R","MO","Lawrence, Henry, Vernon, Cedar, Barton, St. Clair & Dade Counties",94118,0.7694 
"29","01300","U","MO","Lawrence, Henry, Vernon, Cedar, Barton, St. Clair & Dade Counties",28214,0.2306 
"29","01400","R","MO","Laclede, Polk, Benton, Dallas & Hickory Counties",87268,0.7771 
"29","01400","U","MO","Laclede, Polk, Benton, Dallas & Hickory Counties",25034,0.2229 
"29","01500","R","MO","Camden, Miller, Morgan & Moniteau Counties",79427,0.7641 
"29","01500","U","MO","Camden, Miller, Morgan & Moniteau Counties",24519,0.2359 
"29","01600","R","MO","Phelps, Gasconade, Osage, Maries & Pulaski Counties",82811,0.613 
"29","01600","U","MO","Phelps, Gasconade, Osage, Maries & Pulaski Counties",52282,0.387 
"29","01700","R","MO","Franklin & Carter Counties",79053,0.6189 
"29","01700","U","MO","Franklin & Carter Counties",48685,0.3811 
"29","01801","R","MO","St. Charles County (South)",10654,0.0923 
"29","01801","U","MO","St. Charles County (South)",104831,0.9077 
"29","01802","R","MO","St. Charles County (Northwest)",9834,0.0642 
"29","01802","U","MO","St. Charles County (Northwest)",143335,0.9358 
"29","01803","R","MO","St. Charles County (Northeast)",2444,0.0179 
"29","01803","U","MO","St. Charles County (Northeast)",134164,0.9821 
"29","01901","R","MO","St. Louis County (Northeast)",2182,0.0176 
"29","01901","U","MO","St. Louis County (Northeast)",121671,0.9824 
"29","01902","R","MO","St. Louis County (Northwest)",588,0.005 
"29","01902","U","MO","St. Louis County (Northwest)",116479,0.995 
"29","01903","U","MO","St. Louis County (Inner Ring North)",164138,1 
"29","01904","R","MO","St. Louis County (West)",293,0.0027 
"29","01904","U","MO","St. Louis County (West)",107663,0.9973 
"29","01905","U","MO","St. Louis County (Inner Ring Central)",103323,1 
"29","01906","R","MO","St. Louis County (Southwest)",10479,0.0874 
"29","01906","U","MO","St. Louis County (Southwest)",109433,0.9126 
"29","01907","U","MO","St. Louis County (Inner Ring South)",161375,1 
"29","01908","R","MO","St. Louis County (Southeast)",60,0.0006 
"29","01908","U","MO","St. Louis County (Southeast)",106441,0.9994 
"29","02001","U","MO","St. Louis City (North)",126144,1 
"29","02002","U","MO","St. Louis City (South)",175434,1 
"29","02101","R","MO","Jefferson County (North)",12173,0.1078 
"29","02101","U","MO","Jefferson County (North)",100697,0.8921 
"29","02102","R","MO","Jefferson County (South)",66668,0.5855 
"29","02102","U","MO","Jefferson County (South)",47201,0.4145 
"29","02200","R","MO","St. Francois, Washington, Perry & Ste. Genevieve Counties",75321,0.589 
"29","02200","U","MO","St. Francois, Washington, Perry & Ste. Genevieve Counties",52550,0.411 
"29","02300","R","MO","Cape Girardeau & Scott Counties",43817,0.3658 
"29","02300","U","MO","Cape Girardeau & Scott Counties",75952,0.6342 
"29","02400","R","MO","Dunklin, Stoddard, New Madrid, Pemiscot, Mississippi & Bollinger Counties",84614,0.7542 
"29","02400","U","MO","Dunklin, Stoddard, New Madrid, Pemiscot, Mississippi & Bollinger Counties",27580,0.2458 
"29","02500","R","MO","Butler, Ripley, Wayne, Madison, Iron, Reynolds, Dent, Shannon & Carter Counties",88577,0.7463 
"29","02500","U","MO","Butler, Ripley, Wayne, Madison, Iron, Reynolds, Dent, Shannon & Carter Counties",30119,0.2537 
"29","02600","R","MO","Howell, Texas, Wright, Douglas, Oregon & Ozark Counties",95120,0.8555 
"29","02600","U","MO","Howell, Texas, Wright, Douglas, Oregon & Ozark Counties",16071,0.1445 
"29","02701","R","MO","Christian, Greene (Outside Springfield City) & Webster Counties",103854,0.6117 
"29","02701","U","MO","Christian, Greene (Outside Springfield City) & Webster Counties",65938,0.3883 
"29","02702","R","MO","Greene County--Springfield City (North)",1864,0.015 
"29","02702","U","MO","Greene County--Springfield City (North)",122713,0.985 
"29","02703","R","MO","Greene County--Springfield City (South)",5636,0.0425 
"29","02703","U","MO","Greene County--Springfield City (South)",126837,0.9575 
"29","02800","R","MO","Taney, Barry, Stone & McDonald Counties",98386,0.6786 
"29","02800","U","MO","Taney, Barry, Stone & McDonald Counties",46593,0.3214 
"29","02900","R","MO","Jasper & Newton Counties",65890,0.3632 
"29","02900","U","MO","Jasper & Newton Counties",115519,0.6368 
"30","00100","R","MT","Flathead, Glacier & Lincoln Counties--Kalispell City",82853,0.6012 
"30","00100","U","MT","Flathead, Glacier & Lincoln Counties--Kalispell City",54959,0.3988 
"30","00200","R","MT","Lake, Mineral, Missoula & Sanders Counties--Missoula City",72318,0.4357 
"30","00200","U","MT","Lake, Mineral, Missoula & Sanders Counties--Missoula City",93673,0.5643 
"30","00300","R","MT","Southwest Montana--Butte-Silver Bow & Hamilton City",68723,0.5875 
"30","00300","U","MT","Southwest Montana--Butte-Silver Bow & Hamilton City",48254,0.4125 
"30","00400","R","MT","Gallatin County--Bozeman City",41346,0.3476 
"30","00400","U","MT","Gallatin County--Bozeman City",77614,0.6524 
"30","00500","R","MT","Lewis and Clark & Cascade Counties--Great Falls & Helena City",35910,0.2311 
"30","00500","U","MT","Lewis and Clark & Cascade Counties--Great Falls & Helena City",119477,0.7689 
"30","00600","R","MT","Central Montana--Havre & Livingston City",105267,0.8068 
"30","00600","U","MT","Central Montana--Havre & Livingston City",25200,0.1932 
"30","00700","R","MT","Eastern Montana--Sidney & Miles City",97676,0.6577 
"30","00700","U","MT","Eastern Montana--Sidney & Miles City",50841,0.3423 
"30","00800","R","MT","Billings City",955,0.0087 
"30","00800","U","MT","Billings City",109159,0.9913 
"31","00100","R","NE","North Central & Northwest Nebraska",61171,0.5795 
"31","00100","U","NE","North Central & Northwest Nebraska",44385,0.4205 
"31","00200","R","NE","Northeast Nebraska",102958,0.557 
"31","00200","U","NE","Northeast Nebraska",81882,0.443 
"31","00300","R","NE","Central Nebraska",54744,0.4984 
"31","00300","U","NE","Central Nebraska",55099,0.5016 
"31","00400","R","NE","Southwest Nebraska",56153,0.549 
"31","00400","U","NE","Southwest Nebraska",46136,0.451 
"31","00500","R","NE","South Central Nebraska",51714,0.4439 
"31","00500","U","NE","South Central Nebraska",64787,0.5561 
"31","00600","R","NE","Southeast Nebraska",88123,0.6394 
"31","00600","U","NE","Southeast Nebraska",49706,0.3606 
"31","00701","R","NE","Dodge, Cass, Saunders & Washington Counties",59178,0.5535 
"31","00701","U","NE","Dodge, Cass, Saunders & Washington Counties",47730,0.4465 
"31","00702","R","NE","Sarpy County--Bellevue City",9829,0.0516 
"31","00702","U","NE","Sarpy County--Bellevue City",180775,0.9484 
"31","00801","R","NE","Lancaster County--Lincoln City (North)",12382,0.0723 
"31","00801","U","NE","Lancaster County--Lincoln City (North)",158905,0.9277 
"31","00802","R","NE","Lancaster County--Lincoln City (South)",19009,0.1256 
"31","00802","U","NE","Lancaster County--Lincoln City (South)",132312,0.8744 
"31","00901","R","NE","Douglas County--Omaha City (Northwest)",8290,0.0421 
"31","00901","U","NE","Douglas County--Omaha City (Northwest)",188590,0.9579 
"31","00902","R","NE","Douglas County--Omaha City (Southwest)",3216,0.0202 
"31","00902","U","NE","Douglas County--Omaha City (Southwest)",155927,0.9798 
"31","00903","R","NE","Douglas County--Omaha City (Northeast)",2734,0.0239 
"31","00903","U","NE","Douglas County--Omaha City (Northeast)",111724,0.9761 
"31","00904","U","NE","Douglas County--Omaha City (Southeast)",114045,1 
"32","00101","R","NV","Washoe County (North)--Sparks City",9488,0.0602 
"32","00101","U","NV","Washoe County (North)--Sparks City",148201,0.9398 
"32","00102","U","NV","Washoe County (South Central)--Reno City",195423,1 
"32","00103","R","NV","Washoe County (South)",10807,0.081 
"32","00103","U","NV","Washoe County (South)",122573,0.919 
"32","00200","R","NV","Rural Nevada",86058,0.4749 
"32","00200","U","NV","Rural Nevada",95137,0.5251 
"32","00300","R","NV","Carson City, Lyon, Douglas & Storey Counties",48311,0.2818 
"32","00300","U","NV","Carson City, Lyon, Douglas & Storey Counties",123155,0.7182 
"32","00401","R","NV","Clark County (North)--Las Vegas (Northeast) & North Las Vegas (Outer) Cities",1417,0.01 
"32","00401","U","NV","Clark County (North)--Las Vegas (Northeast) & North Las Vegas (Outer) Cities",139986,0.99 
"32","00402","R","NV","Clark County (East)--Mesquite City, Sunrise Manor (North), Moapa Valley & Nellis AFB PU",9589,0.0592 
"32","00402","U","NV","Clark County (East)--Mesquite City, Sunrise Manor (North), Moapa Valley & Nellis AFB PU",152423,0.9408 
"32","00403","R","NV","Clark County (Central)--Greater North Las Vegas City",197,0.0009 
"32","00403","U","NV","Clark County (Central)--Greater North Las Vegas City",215494,0.9991 
"32","00404","R","NV","Clark County (Northwest Central)--Northwest Las Vegas Valley",108,0.0007 
"32","00404","U","NV","Clark County (Northwest Central)--Northwest Las Vegas Valley",154676,0.9993 
"32","00405","R","NV","Clark County (West)--Las Vegas City (Southwest)",9233,0.0577 
"32","00405","U","NV","Clark County (West)--Las Vegas City (Southwest)",150667,0.9423 
"32","00406","U","NV","Las Vegas City (South Central)",141840,1 
"32","00407","U","NV","Las Vegas City (Southeast)",132429,1 
"32","00408","U","NV","Clark County (Central)--Whitney, Sunrise Manor (South) & Paradise (Northeast)",160272,1 
"32","00409","U","NV","Clark County (Central)--Paradise (Northwest) & Winchester",158332,1 
"32","00410","U","NV","Clark County (Central)--Spring Valley (East)",107325,1 
"32","00411","R","NV","Clark County (Central)--Spring Valley (West)",682,0.005 
"32","00411","U","NV","Clark County (Central)--Spring Valley (West)",135032,0.995 
"32","00412","U","NV","Clark County (Central)--Paradise (South) & Enterprise",163143,1 
"32","00413","U","NV","Clark County (Central)--Henderson City (Central South)",113706,1 
"32","00414","R","NV","Clark County (Central)--Henderson City (West)",325,0.0026 
"32","00414","U","NV","Clark County (Central)--Henderson City (West)",125227,0.9974 
"32","00415","R","NV","Clark County (South)--Henderson (East) & Boulder Cities",7196,0.0372 
"32","00415","U","NV","Clark County (South)--Henderson (East) & Boulder Cities",186162,0.9628 
"33","00100","R","NH","Grafton, Sullivan, Coos Counties",115100,0.6957 
"33","00100","U","NH","Grafton, Sullivan, Coos Counties",50349,0.3043 
"33","00201","R","NH","Central Region--Byram, Terry, Utica & Vicksburg City",92318,0.6842 
"33","00201","U","NH","Central Region--Byram, Terry, Utica & Vicksburg City",42609,0.3158 
"33","00301","R","NH","Strafford & Rockingham (Northern) Counties",59518,0.3963 
"33","00301","U","NH","Strafford & Rockingham (Northern) Counties",90671,0.6037 
"33","00401","R","NH","Central New Hampshire--Merrimack County (Central), Concord City",68510,0.5815 
"33","00401","U","NH","Central New Hampshire--Merrimack County (Central), Concord City",49312,0.4185 
"33","00501","R","NH","Southwestern New Hampshire--Cheshire & Hillsborough (Western) Counties",85498,0.7836 
"33","00501","U","NH","Southwestern New Hampshire--Cheshire & Hillsborough (Western) Counties",23611,0.2164 
"33","00601","R","NH","Manchester City",421,0.0036 
"33","00601","U","NH","Manchester City",115223,0.9964 
"33","00602","R","NH","Greater Nashua City (East)",22363,0.2126 
"33","00602","U","NH","Greater Nashua City (East)",82831,0.7874 
"33","00603","R","NH","Greater Nashua City (West)",19660,0.175 
"33","00603","U","NH","Greater Nashua City (West)",92689,0.825 
"33","00701","R","NH","Outer Manchester City",58028,0.3455 
"33","00701","U","NH","Outer Manchester City",109948,0.6545 
"33","00801","R","NH","Seacoast Region--Rockingham County (Southern), Portsmouth City",52693,0.265 
"33","00801","U","NH","Seacoast Region--Rockingham County (Southern), Portsmouth City",146177,0.735 
"34","00101","R","NJ","Atlantic County (East)--Atlantic City, Pleasantville, Northfield & Coast",8831,0.0605 
"34","00101","U","NJ","Atlantic County (East)--Atlantic City, Pleasantville, Northfield & Coast",137151,0.9395 
"34","00102","R","NJ","Atlantic County (Outside Somers Point City)--West to Hammonton Town",32171,0.2724 
"34","00102","U","NJ","Atlantic County (Outside Somers Point City)--West to Hammonton Town",85912,0.7276 
"34","00301","U","NJ","Bergen County (South Central)--Hackensack & Teaneck",109278,1 
"34","00302","U","NJ","Bergen County (Southwest)--Rutherford, North Arlington & Hasbrouck Heights",125216,1 
"34","00303","U","NJ","Bergen County (Southeast)--Fort Lee, Cliffside Park & Palisades Park",136342,1 
"34","00304","U","NJ","Bergen County (West Central)--Fair Lawn, Garfield & Lodi",129504,1 
"34","00305","U","NJ","Bergen County (East)--Tenafly, Park Ridge, Englewood City & Cresskill",126560,1 
"34","00306","R","NJ","Bergen County (Northwest)--Ramsey, Oakland & Franklin Lakes",1157,0.0111 
"34","00306","U","NJ","Bergen County (Northwest)--Ramsey, Oakland & Franklin Lakes",103460,0.9889 
"34","00307","U","NJ","Bergen County (North Central)--Bergenfield, Paramus, Dumont & New Milford",117748,1 
"34","00308","U","NJ","Bergen County (Central)--Ridgewood Village, Glen Rock & Westwood",106467,1 
"34","00501","U","NJ","Passaic County (South)--Passaic & Clifton (SE)",143175,1 
"34","00502","U","NJ","Passaic County (Central)--Hawthorne",114166,1 
"34","00503","U","NJ","Passaic County--Paterson",159732,1 
"34","00504","R","NJ","Passaic County (North)--Ringwood, Wanaque & Pompton Lakes",14839,0.1386 
"34","00504","U","NJ","Passaic County (North)--Ringwood, Wanaque & Pompton Lakes",92206,0.8614 
"34","00601","U","NJ","Hudson County (Central)--Jersey City (North)",165889,1 
"34","00602","U","NJ","Hudson County (Central)--Jersey City (South)",126560,1 
"34","00603","U","NJ","Hudson County (Northeast)--Union City & Hoboken",146205,1 
"34","00604","U","NJ","Hudson County (North)--West New York, Secaucus & North Bergen",150471,1 
"34","00605","U","NJ","Hudson County (South & West)--Bayonne, Kearney & Harrison",135729,1 
"34","00800","R","NJ","Hunterdon County",75237,0.5835 
"34","00800","U","NJ","Hunterdon County",53710,0.4165 
"34","00901","R","NJ","Middlesex County (Southeast)",4573,0.0347 
"34","00901","U","NJ","Middlesex County (Southeast)",127298,0.9653 
"34","00902","R","NJ","Middlesex County (Southwest)",3842,0.0325 
"34","00902","U","NJ","Middlesex County (Southwest)",114206,0.9675 
"34","00903","U","NJ","Middlesex County (Northwest)--North Piscataway & South Plainfield",118725,1 
"34","00904","U","NJ","Middlesex County (North Central)--Metuchen & South Edison",115411,1 
"34","00905","U","NJ","Middlesex County (Northeast)--Carteret & North Woodbridge",114925,1 
"34","00906","U","NJ","Middlesex County (Central)--New Brunswick & Highland Park",153990,1 
"34","00907","R","NJ","Middlesex County (East Central)--Perth Amboy & Sayreville",14,0.0001 
"34","00907","U","NJ","Middlesex County (East Central)--Perth Amboy & Sayreville",110178,0.9999 
"34","01001","R","NJ","Somerset County (North & West)",16225,0.1459 
"34","01001","U","NJ","Somerset County (North & West)",94989,0.8541 
"34","01002","R","NJ","Somerset County (South)",9742,0.0856 
"34","01002","U","NJ","Somerset County (South)",104119,0.9144 
"34","01003","R","NJ","Somerset County (Central)--Bridgewater, Somerville & North Plainfield",44,0.0004 
"34","01003","U","NJ","Somerset County (Central)--Bridgewater, Somerville & North Plainfield",120242,0.9996 
"34","01101","R","NJ","Monmouth County (Southeast)--Wall, Tinton Falls (South)",1122,0.0108 
"34","01101","U","NJ","Monmouth County (Southeast)--Wall, Tinton Falls (South)",102521,0.9892 
"34","01102","R","NJ","Monmouth County (Southwest)--Freehold, Manalapan",20158,0.181 
"34","01102","U","NJ","Monmouth County (Southwest)--Freehold, Manalapan",91191,0.819 
"34","01103","U","NJ","Monmouth County (Southeast)--Long Branch, Asbury Park & Eatontown",114319,1 
"34","01104","R","NJ","Monmouth County (Northeast)--Red Bank, Northeast Middletown",113,0.0011 
"34","01104","U","NJ","Monmouth County (Northeast)--Red Bank, Northeast Middletown",106913,0.9989 
"34","01105","R","NJ","Monmouth County (Northwest)--Matawan & Aberdeen",105,0.001 
"34","01105","U","NJ","Monmouth County (Northwest)--Matawan & Aberdeen",100673,0.999 
"34","01106","R","NJ","Monmouth County (Central)",11512,0.1081 
"34","01106","U","NJ","Monmouth County (Central)",94988,0.8919 
"34","01201","R","NJ","Ocean County (South)",7082,0.0571 
"34","01201","U","NJ","Ocean County (South)",116950,0.9429 
"34","01202","R","NJ","Ocean County (Central)--Toms River & Berkeley",418,0.0026 
"34","01202","U","NJ","Ocean County (Central)--Toms River & Berkeley",159472,0.9974 
"34","01203","R","NJ","Ocean County (Lakewood)",128,0.0009 
"34","01203","U","NJ","Ocean County (Lakewood)",135030,0.9991 
"34","01204","R","NJ","Ocean County (Northwest)",15689,0.1372 
"34","01204","U","NJ","Ocean County (Northwest)",98678,0.8628 
"34","01205","R","NJ","Ocean County (Northeast)--Brick & Point Pleasant",217,0.0021 
"34","01205","U","NJ","Ocean County (Northeast)--Brick & Point Pleasant",103565,0.9979 
"34","01401","U","NJ","Essex County (Northeast)--Bloomfield",121470,1 
"34","01402","U","NJ","Essex County (South Central)--Irvington",105344,1 
"34","01403","R","NJ","Essex County (Northwest)--Montclair",119,0.0011 
"34","01403","U","NJ","Essex County (Northwest)--Montclair",113005,0.9989 
"34","01404","U","NJ","Essex County (Southwest)--West Orange & Livingston",108182,1 
"34","01405","U","NJ","Essex County (Central)--Orange & East Orange",104059,1 
"34","01406","U","NJ","Essex County (Southeast)--Newark (North & East)",156404,1 
"34","01407","U","NJ","Essex County (Southeast)--Newark (West & Southwest)",155145,1 
"34","01501","R","NJ","Morris County (North)--Dover Town & Kinnelon Borough",10511,0.079 
"34","01501","U","NJ","Morris County (North)--Dover Town & Kinnelon Borough",122465,0.921 
"34","01502","R","NJ","Morris County (West)",26135,0.1983 
"34","01502","U","NJ","Morris County (West)",105674,0.8017 
"34","01503","R","NJ","Morris County (East)--Lincoln Park Borough",1847,0.0156 
"34","01503","U","NJ","Morris County (East)--Lincoln Park Borough",116452,0.9844 
"34","01504","R","NJ","Morris County (South)--Morristown, Madison & Florham Park",5076,0.0402 
"34","01504","U","NJ","Morris County (South)--Morristown, Madison & Florham Park",121125,0.9598 
"34","01600","R","NJ","Sussex County",70144,0.4864 
"34","01600","U","NJ","Sussex County",74077,0.5136 
"34","01700","R","NJ","Warren County",47383,0.4322 
"34","01700","U","NJ","Warren County",62249,0.5678 
"34","01901","U","NJ","Union County (North Central)--Union Twp & Roselle Park",104578,1 
"34","01902","U","NJ","Union County (Northwest)--Summit & Cranford",102153,1 
"34","01903","U","NJ","Union County (Southwest)--Plainfield & Westfield",118360,1 
"34","01904","U","NJ","Union County (Southeast)--Linden, Rahway & Roselle",112956,1 
"34","01905","U","NJ","Union County (Northeast)--Elizabeth",137298,1 
"34","02001","R","NJ","Burlington County (North)--Burlington City",790,0.0048 
"34","02001","U","NJ","Burlington County (North)--Burlington City",163351,0.9952 
"34","02002","R","NJ","Burlington County (West Central)",4298,0.0266 
"34","02002","U","NJ","Burlington County (West Central)",157257,0.9734 
"34","02003","R","NJ","Burlington County (South & East)",40034,0.294 
"34","02003","U","NJ","Burlington County (South & East)",96130,0.706 
"34","02101","U","NJ","Camden County (North)--Camden & Gloucester Cities",127071,1 
"34","02102","U","NJ","Camden County (Central)--Lindenwold & Collingswood Boroughs",106579,1 
"34","02103","R","NJ","Camden County (South & West)--Bellmawr & Pine Hill Boroughs",6846,0.0404 
"34","02103","U","NJ","Camden County (South & West)--Bellmawr & Pine Hill Boroughs",162619,0.9596 
"34","02104","U","NJ","Camden County (East Central)--Haddonfield Borough",120370,1 
"34","02201","U","NJ","Gloucester County (Northeast)--Woodbury City",131681,1 
"34","02202","R","NJ","Gloucester County (South & West)--Glassboro Borough",34210,0.2005 
"34","02202","U","NJ","Gloucester County (South & West)--Glassboro Borough",136403,0.7995 
"34","02301","U","NJ","Mercer County (West Central)--Trenton City",128135,1 
"34","02302","R","NJ","Mercer County (North)--Princeton Borough",14737,0.1276 
"34","02302","U","NJ","Mercer County (North)--Princeton Borough",100750,0.8724 
"34","02303","R","NJ","Mercer County (Southwest)",4932,0.0343 
"34","02303","U","NJ","Mercer County (Southwest)",138786,0.9657 
"34","02401","R","NJ","Cumberland County (South)--Vineland & Millville Cities",26710,0.2362 
"34","02401","U","NJ","Cumberland County (South)--Vineland & Millville Cities",86393,0.7638 
"34","02501","R","NJ","Salem & Cumberland (North) Counties--Bridgeton City",45509,0.4298 
"34","02501","U","NJ","Salem & Cumberland (North) Counties--Bridgeton City",60377,0.5702 
"34","02601","R","NJ","Cape May & Atlantic (South Central) Counties--Ocean City & Somers Point City",17715,0.1675 
"34","02601","U","NJ","Cape May & Atlantic (South Central) Counties--Ocean City & Somers Point City",88017,0.8325 
"35","00100","R","NM","Northwest New Mexico Navajo Nation",80533,0.6648 
"35","00100","U","NM","Northwest New Mexico Navajo Nation",40610,0.3352 
"35","00200","R","NM","San Juan County (NE)--Farmington, Bloomfield & Aztec Cities",27950,0.2779 
"35","00200","U","NM","San Juan County (NE)--Farmington, Bloomfield & Aztec Cities",72642,0.7221 
"35","00300","R","NM","North Central New Mexico",59418,0.4728 
"35","00300","U","NM","North Central New Mexico",66243,0.5272 
"35","00400","R","NM","Eastern New Mexico",53604,0.3253 
"35","00400","U","NM","Eastern New Mexico",111193,0.6747 
"35","00500","R","NM","Santa Fe County New Mexico",43898,0.3038 
"35","00500","U","NM","Santa Fe County New Mexico",100576,0.6962 
"35","00600","R","NM","Sandoval County New Mexico",28509,0.1915 
"35","00600","U","NM","Sandoval County New Mexico",120325,0.8085 
"35","00701","R","NM","Albuquerque NW",3488,0.0268 
"35","00701","U","NM","Albuquerque NW",126502,0.9732 
"35","00702","R","NM","Albuquerque N Central",11,0.0001 
"35","00702","U","NM","Albuquerque N Central",100988,0.9999 
"35","00703","R","NM","Albuquerque Far NE",59,0.0006 
"35","00703","U","NM","Albuquerque Far NE",100869,0.9994 
"35","00704","R","NM","Albuquerque Near NE",49,0.0005 
"35","00704","U","NM","Albuquerque Near NE",102198,0.9995 
"35","00705","R","NM","Albuquerque SE",667,0.0063 
"35","00705","U","NM","Albuquerque SE",104623,0.9937 
"35","00706","R","NM","Albuquerque SW",1444,0.0128 
"35","00706","U","NM","Albuquerque SW",111306,0.9872 
"35","00800","R","NM","Valencia County, Torrance County & East Mountain",69448,0.5519 
"35","00800","U","NM","Valencia County, Torrance County & East Mountain",56391,0.4481 
"35","00900","R","NM","Southwest New Mexico",88265,0.4969 
"35","00900","U","NM","Southwest New Mexico",89383,0.5031 
"35","01001","R","NM","Doña Ana County (Outer)",46419,0.4474 
"35","01001","U","NM","Doña Ana County (Outer)",57342,0.5526 
"35","01002","R","NM","Doña Ana County Central--Las Cruces, Mesilla Cities & University Park",2952,0.0255 
"35","01002","U","NM","Doña Ana County Central--Las Cruces, Mesilla Cities & University Park",112848,0.9745 
"35","01100","R","NM","Lea and Eddy County",32256,0.2358 
"35","01100","U","NM","Lea and Eddy County",104513,0.7642 
"36","00100","R","NY","St. Lawrence County",72628,0.6694 
"36","00100","U","NY","St. Lawrence County",35877,0.3306 
"36","00200","R","NY","Clinton, Franklin, Essex & Hamilton Counties",121711,0.7164 
"36","00200","U","NY","Clinton, Franklin, Essex & Hamilton Counties",48175,0.2836 
"36","00300","R","NY","Warren & Washington Counties",67420,0.5307 
"36","00300","U","NY","Warren & Washington Counties",59619,0.4693 
"36","00401","R","NY","Herkimer (North & Central) & Oneida (Outer) Counties",72453,0.6598 
"36","00401","U","NY","Herkimer (North & Central) & Oneida (Outer) Counties",37354,0.3402 
"36","00402","R","NY","Oneida County (Central)--Greater Utica & Rome Cities",22318,0.1358 
"36","00402","U","NY","Oneida County (Central)--Greater Utica & Rome Cities",142047,0.8642 
"36","00403","R","NY","Otsego, Schoharie, Oneida (South) & Herkimer (South) Counties",83845,0.7885 
"36","00403","U","NY","Otsego, Schoharie, Oneida (South) & Herkimer (South) Counties",22485,0.2115 
"36","00500","R","NY","Jefferson & Lewis Counties",84219,0.5877 
"36","00500","U","NY","Jefferson & Lewis Counties",59084,0.4123 
"36","00600","R","NY","Oswego County",73719,0.6273 
"36","00600","U","NY","Oswego County",43806,0.3727 
"36","00701","R","NY","Onondaga County (Central)--Syracuse City",13,0.0001 
"36","00701","U","NY","Onondaga County (Central)--Syracuse City",148613,0.9999 
"36","00702","R","NY","Onondaga County (North)",15468,0.1204 
"36","00702","U","NY","Onondaga County (North)",113048,0.8796 
"36","00703","R","NY","Onondaga County (Central)--Syracuse City (Outer)",21105,0.128 
"36","00703","U","NY","Onondaga County (Central)--Syracuse City (Outer)",143723,0.872 
"36","00704","R","NY","Cayuga & Onondaga (South) Counties",77988,0.7039 
"36","00704","U","NY","Cayuga & Onondaga (South) Counties",32806,0.2961 
"36","00800","R","NY","Wayne & Seneca & Yates Counties",104829,0.6995 
"36","00800","U","NY","Wayne & Seneca & Yates Counties",45042,0.3005 
"36","00901","R","NY","Monroe County (East)",4341,0.0319 
"36","00901","U","NY","Monroe County (East)",131682,0.9681 
"36","00902","U","NY","Monroe County (Central)--Rochester City (East)",105871,1 
"36","00903","U","NY","Monroe County (Central)--Rochester City (West)",105242,1 
"36","00904","R","NY","Monroe County (Central)--Greece & Gates Towns",1998,0.0158 
"36","00904","U","NY","Monroe County (Central)--Greece & Gates Towns",124095,0.9842 
"36","00905","R","NY","Monroe County (North & West)",38194,0.3639 
"36","00905","U","NY","Monroe County (North & West)",66772,0.6361 
"36","00906","R","NY","Monroe County (South)",17135,0.0945 
"36","00906","U","NY","Monroe County (South)",164113,0.9055 
"36","01000","R","NY","Genesee, Orleans & Wyoming Counties",99584,0.7151 
"36","01000","U","NY","Genesee, Orleans & Wyoming Counties",39678,0.2849 
"36","01101","R","NY","Niagara County (Southwest)--Greater Niagara Falls & North Tonawanda Area",4197,0.0397 
"36","01101","U","NY","Niagara County (Southwest)--Greater Niagara Falls & North Tonawanda Area",101511,0.9603 
"36","01102","R","NY","Niagara County (North & East)",59544,0.5567 
"36","01102","U","NY","Niagara County (North & East)",47414,0.4433 
"36","01201","R","NY","Erie County (Northwest)",1805,0.0165 
"36","01201","U","NY","Erie County (Northwest)",107349,0.9835 
"36","01202","R","NY","Erie County (North Central)",1780,0.0137 
"36","01202","U","NY","Erie County (North Central)",127815,0.9863 
"36","01203","R","NY","Erie County (Northeast)",38195,0.3369 
"36","01203","U","NY","Erie County (Northeast)",75186,0.6631 
"36","01204","U","NY","Erie County (Central)",155326,1 
"36","01205","R","NY","Erie County (West Central)--Buffalo City (East)",12,0.0001 
"36","01205","U","NY","Erie County (West Central)--Buffalo City (East)",157432,0.9999 
"36","01206","U","NY","Erie County (West Central)--Buffalo City (West)",120905,1 
"36","01207","R","NY","Erie County (South)",56576,0.3359 
"36","01207","U","NY","Erie County (South)",111855,0.6641 
"36","01300","R","NY","Livingston & Ontario Counties",94580,0.5427 
"36","01300","U","NY","Livingston & Ontario Counties",79712,0.4573 
"36","01500","R","NY","Madison & Cortland Counties",68983,0.6008 
"36","01500","U","NY","Madison & Cortland Counties",45842,0.3992 
"36","01600","R","NY","Fulton & Montgomery Counties",49539,0.4816 
"36","01600","U","NY","Fulton & Montgomery Counties",53317,0.5184 
"36","01700","R","NY","Schenectady County--Schenectady City",13986,0.0885 
"36","01700","U","NY","Schenectady County--Schenectady City",144075,0.9115 
"36","01801","R","NY","Saratoga County (South & Central)",9710,0.0843 
"36","01801","U","NY","Saratoga County (South & Central)",105537,0.9157 
"36","01802","R","NY","Saratoga County (Outer)",57374,0.4771 
"36","01802","U","NY","Saratoga County (Outer)",62888,0.5229 
"36","01900","R","NY","Rensselaer County--Troy City",53385,0.3313 
"36","01900","U","NY","Rensselaer County--Troy City",107745,0.6687 
"36","02001","U","NY","Albany County (East Central)--Albany City",107800,1 
"36","02002","R","NY","Albany County (Outside Albany City)",30125,0.1455 
"36","02002","U","NY","Albany County (Outside Albany City)",176923,0.8545 
"36","02100","R","NY","Columbia & Greene Counties",86050,0.7858 
"36","02100","U","NY","Columbia & Greene Counties",23451,0.2142 
"36","02201","R","NY","Broome County (West Central)--Greater Binghamton City & Greater Johnson City Village PU",2667,0.0206 
"36","02201","U","NY","Broome County (West Central)--Greater Binghamton City & Greater Johnson City Village PU",126860,0.9794 
"36","02204","R","NY","Chenango, Delaware Counties & Broome County outside Greater Binghamton City",126381,0.7865 
"36","02204","U","NY","Chenango, Delaware Counties & Broome County outside Greater Binghamton City",34303,0.2135 
"36","02300","R","NY","Tompkins County",46638,0.4411 
"36","02300","U","NY","Tompkins County",59102,0.5589 
"36","02403","R","NY","Tioga (South), Chemung (South) & Steuben (East) Counties--Elmira & Corning Cities",34933,0.2702 
"36","02403","U","NY","Tioga (South), Chemung (South) & Steuben (East) Counties--Elmira & Corning Cities",94356,0.7298 
"36","02404","R","NY","Steuben (outside Corning City), Schuyler, Chemung (North) & Tioga (North) Counties",92885,0.8091 
"36","02404","U","NY","Steuben (outside Corning City), Schuyler, Chemung (North) & Tioga (North) Counties",21911,0.1909 
"36","02500","R","NY","Cattaraugus & Allegany Counties",88736,0.7185 
"36","02500","U","NY","Cattaraugus & Allegany Counties",34762,0.2815 
"36","02600","R","NY","Chautauqua County",56257,0.4407 
"36","02600","U","NY","Chautauqua County",71400,0.5593 
"36","02701","R","NY","Sullivan & Ulster (West) Counties",86058,0.7632 
"36","02701","U","NY","Sullivan & Ulster (West) Counties",26702,0.2368 
"36","02702","R","NY","Ulster County (East)",75015,0.5078 
"36","02702","U","NY","Ulster County (East)",72700,0.4922 
"36","02803","R","NY","Dutchess County (North & East)",72947,0.6347 
"36","02803","U","NY","Dutchess County (North & East)",41986,0.3653 
"36","02804","R","NY","Dutchess County (Southwest)--Fishkill & Wappinger town",4376,0.0305 
"36","02804","U","NY","Dutchess County (Southwest)--Fishkill & Wappinger town",138883,0.9695 
"36","02805","R","NY","Putnam County & Southern Dutchess County",50803,0.3752 
"36","02805","U","NY","Putnam County & Southern Dutchess County",84584,0.6248 
"36","02901","R","NY","Orange County (Northeast)--Greater Newburgh City",16471,0.1318 
"36","02901","U","NY","Orange County (Northeast)--Greater Newburgh City",108455,0.8682 
"36","02902","R","NY","Orange County (Northwest)",56370,0.4349 
"36","02902","U","NY","Orange County (Northwest)",73242,0.5651 
"36","02903","R","NY","Orange County (Southeast)",37849,0.2579 
"36","02903","U","NY","Orange County (Southeast)",108923,0.7421 
"36","03001","R","NY","Rockland County (North)--New City & Congers",434,0.0041 
"36","03001","U","NY","Rockland County (North)--New City & Congers",105950,0.9959 
"36","03002","U","NY","Rockland County (South)--Orangetown, Clarkstown (South) & Ramapo (Southeast) Towns",109337,1 
"36","03003","R","NY","Rockland County (West)--Spring Valley, Suffern Villages & Monsey",885,0.0072 
"36","03003","U","NY","Rockland County (West)--Spring Valley, Suffern Villages & Monsey",121723,0.9928 
"36","03102","R","NY","Westchester County (Northwest)",3129,0.0205 
"36","03102","U","NY","Westchester County (Northwest)",149344,0.9795 
"36","03103","R","NY","Westchester County (Northeast)",42387,0.3034 
"36","03103","U","NY","Westchester County (Northeast)",97300,0.6966 
"36","03110","R","NY","Westchester County (Southeast)--White Plains & Rye City",17,0.0001 
"36","03110","U","NY","Westchester County (Southeast)--White Plains & Rye City",146092,0.9999 
"36","03111","U","NY","Westchester County (Central)",113650,1 
"36","03112","U","NY","Westchester County (Southwest)--Yonkers City",211569,1 
"36","03113","U","NY","Westchester County (South Central East)--Mount Vernon City",121612,1 
"36","03114","U","NY","Westchester County (South Central West)--New Rochelle City",119357,1 
"36","03201","R","NY","Nassau County (Northwest)--North Hempstead Town (North)",797,0.0067 
"36","03201","U","NY","Nassau County (Northwest)--North Hempstead Town (North)",117352,0.9933 
"36","03202","R","NY","Nassau County (Northeast)--Oyster Bay Town (North) & Glen Cove City",4864,0.0423 
"36","03202","U","NY","Nassau County (Northeast)--Oyster Bay Town (North) & Glen Cove City",110126,0.9577 
"36","03203","U","NY","Nassau County (East Central)--Oyster Bay Town (Central)",106221,1 
"36","03204","U","NY","Nassau County (West Central)--North Hempstead Town (South)",119490,1 
"36","03205","U","NY","Nassau County (West Central)--Hempstead Town (Northwest)",118668,1 
"36","03206","U","NY","Nassau County (Central)--Hempstead Town (North Central)--Meadowbrook Corridor",154180,1 
"36","03207","U","NY","Nassau County (Central)--Hempstead Town (Northeast)",114103,1 
"36","03208","U","NY","Nassau County (Southeast)--Oyster Bay Town (South)",108486,1 
"36","03209","U","NY","Nassau County (Central)--Hempstead Town (East Central)",105022,1 
"36","03210","R","NY","Nassau County (South Central)--Hempstead Town (Southeast)",47,0.0004 
"36","03210","U","NY","Nassau County (South Central)--Hempstead Town (Southeast)",109180,0.9996 
"36","03211","U","NY","Nassau County (West Central)--Hempstead Town (West Central)",115026,1 
"36","03212","R","NY","Nassau County (Southwest)--Hempstead Town (Southwest) & Long Beach City",281,0.0025 
"36","03212","U","NY","Nassau County (Southwest)--Hempstead Town (Southwest) & Long Beach City",111931,0.9975 
"36","03301","R","NY","Suffolk County (Northwest)--Huntington Town (North)",1712,0.0169 
"36","03301","U","NY","Suffolk County (Northwest)--Huntington Town (North)",99688,0.9831 
"36","03302","U","NY","Suffolk County (Northwest)--Huntington Town (South)",102727,1 
"36","03303","R","NY","Suffolk County (Northwest)--Smithtown Town",1142,0.0098 
"36","03303","U","NY","Suffolk County (Northwest)--Smithtown Town",115154,0.9902 
"36","03304","R","NY","Suffolk County (North Central)--Brookhaven Town (North)",1662,0.014 
"36","03304","U","NY","Suffolk County (North Central)--Brookhaven Town (North)",116866,0.986 
"36","03305","R","NY","Suffolk County (East)",21268,0.132 
"36","03305","U","NY","Suffolk County (East)",139859,0.868 
"36","03306","R","NY","Suffolk County (South Central)--Brookhaven Town (South)",3784,0.0284 
"36","03306","U","NY","Suffolk County (South Central)--Brookhaven Town (South)",129401,0.9716 
"36","03307","U","NY","Suffolk County (Central)--Brookhaven Town (Central)",125701,1 
"36","03308","U","NY","Suffolk County (Central)--Brookhaven Town (West Central)",108795,1 
"36","03309","R","NY","Suffolk County (Central)--Islip Town (East)",14,0.0001 
"36","03309","U","NY","Suffolk County (Central)--Islip Town (East)",102479,0.9999 
"36","03310","U","NY","Suffolk County (Central)--Islip Town (Northwest)",130712,1 
"36","03311","R","NY","Suffolk County (Southwest)--Islip Town (South)",174,0.0016 
"36","03311","U","NY","Suffolk County (Southwest)--Islip Town (South)",106559,0.9984 
"36","03312","R","NY","Suffolk County (Southwest)--Babylon Town (Southeast)",216,0.0021 
"36","03312","U","NY","Suffolk County (Southwest)--Babylon Town (Southeast)",100790,0.9979 
"36","03313","U","NY","Suffolk County (West Central)--Babylon Town (Northwest)",117217,1 
"36","04103","U","NY","NYC-Manhattan Community District 3--Lower East Side & Chinatown",163141,1 
"36","04104","U","NY","NYC-Manhattan Community District 4--Chelsea & Hells Kitchen",129265,1 
"36","04107","U","NY","NYC-Manhattan Community District 7--Upper West Side",224344,1 
"36","04108","U","NY","NYC-Manhattan Community District 8--Upper East Side & Roosevelt Island",231983,1 
"36","04109","U","NY","NYC-Manhattan Community District 9--Morningside Heights & Hamilton Heights",110458,1 
"36","04110","U","NY","NYC-Manhattan Community District 10--Harlem",130440,1 
"36","04111","U","NY","NYC-Manhattan Community District 11--East Harlem",125771,1 
"36","04112","U","NY","NYC-Manhattan Community District 12--Washington Heights & Inwood",188800,1 
"36","04121","U","NY","NYC-Manhattan Community Districts 1 & 2--Financial District & Greenwich Village",170835,1 
"36","04165","U","NY","NYC-Manhattan Community Districts 5 & 6--Midtown, East Midtown, & Flatiron",219214,1 
"36","04204","U","NY","NYC-Bronx Community District 4--Highbridge & Concourse",151523,1 
"36","04205","U","NY","NYC-Bronx Community District 5--Morris Heights & Mount Hope",135880,1 
"36","04207","U","NY","NYC-Bronx Community District 7--Fordham, Bedford Park, & Norwood",141945,1 
"36","04208","U","NY","NYC-Bronx Community District 8--Riverdale, Kingsbridge, & Marble Hill",101619,1 
"36","04209","U","NY","NYC-Bronx Community District 9--Soundview & Parkchester",186667,1 
"36","04210","R","NY","NYC-Bronx Community District 10--Co-op City & Throgs Neck",1,0 
"36","04210","U","NY","NYC-Bronx Community District 10--Co-op City & Throgs Neck",132350,1 
"36","04211","U","NY","NYC-Bronx Community District 11--Pelham Parkway & Morris Park",121824,1 
"36","04212","U","NY","NYC-Bronx Community District 12--Wakefield, Williamsbridge, & Eastchester",160741,1 
"36","04221","U","NY","NYC-Bronx Community Districts 1 & 2--Melrose, Mott Haven, Longwood, & Hunts Point",159561,1 
"36","04263","U","NY","NYC-Bronx Community Districts 3 & 6--Morrisania, Tremont, Belmont, & West Farms",180543,1 
"36","04301","U","NY","NYC-Brooklyn Community District 1--Williamsburg & Greenpoint",204125,1 
"36","04302","U","NY","NYC-Brooklyn Community District 2--Downtown Brooklyn & Fort Greene",127650,1 
"36","04303","U","NY","NYC-Brooklyn Community District 3--Bedford-Stuyvesant",173842,1 
"36","04304","U","NY","NYC-Brooklyn Community District 4--Bushwick",120747,1 
"36","04305","U","NY","NYC-Brooklyn Community District 5--East New York & Cypress Hills",201682,1 
"36","04306","U","NY","NYC-Brooklyn Community District 6--Park Slope & Carroll Gardens",116586,1 
"36","04307","U","NY","NYC-Brooklyn Community District 7--Sunset Park & Windsor Terrace",133706,1 
"36","04308","U","NY","NYC-Brooklyn Community District 8--Crown Heights (North)",108805,1 
"36","04309","U","NY","NYC-Brooklyn Community District 9--Crown Heights (South)",100103,1 
"36","04310","U","NY","NYC-Brooklyn Community District 10--Bay Ridge & Dyker Heights",134319,1 
"36","04311","U","NY","NYC-Brooklyn Community District 11--Bensonhurst & Bath Beach",198527,1 
"36","04312","U","NY","NYC-Brooklyn Community District 12--Borough Park & Kensington",210432,1 
"36","04313","U","NY","NYC-Brooklyn Community District 13--Coney Island & Brighton Beach",113451,1 
"36","04314","U","NY","NYC-Brooklyn Community District 14--Flatbush & Midwood",162410,1 
"36","04315","U","NY","NYC-Brooklyn Community District 15--Sheepshead Bay & Gravesend (East)",163346,1 
"36","04316","U","NY","NYC-Brooklyn Community District 16--Ocean Hill & Brownsville",102095,1 
"36","04317","U","NY","NYC-Brooklyn Community District 17--East Flatbush",160243,1 
"36","04318","U","NY","NYC-Brooklyn Community District 18--Canarsie & Flatlands",204005,1 
"36","04401","U","NY","NYC-Queens Community District 1--Astoria & Queensbridge",193031,1 
"36","04402","U","NY","NYC-Queens Community District 2--Long Island City, Sunnyside, & Woodside",137718,1 
"36","04403","U","NY","NYC-Queens Community District 3--Jackson Heights & East Elmhurst",178855,1 
"36","04404","U","NY","NYC-Queens Community District 4--Elmhurst & Corona",181730,1 
"36","04405","U","NY","NYC-Queens Community District 5--Ridgewood, Maspeth, & Middle Village",179294,1 
"36","04406","U","NY","NYC-Queens Community District 6--Forest Hills & Rego Park",119706,1 
"36","04407","U","NY","NYC-Queens Community District 7--Flushing, Murray Hill, & Whitestone",270930,1 
"36","04408","U","NY","NYC-Queens Community District 8--Fresh Meadows, Hillcrest, & Briarwood",157986,1 
"36","04409","U","NY","NYC-Queens Community District 9--Kew Gardens, Richmond Hill, & Woodhaven",151876,1 
"36","04410","U","NY","NYC-Queens Community District 10--South Ozone Park & Howard Beach",130378,1 
"36","04411","U","NY","NYC-Queens Community District 11--Auburndale, Bayside, & Douglaston",122366,1 
"36","04412","U","NY","NYC-Queens Community District 12--Jamaica, St. Albans, & Hollis",257759,1 
"36","04413","U","NY","NYC-Queens Community District 13--Queens Village, Bellerose, & Rosedale",199648,1 
"36","04414","R","NY","NYC-Queens Community District 14--The Rockaways",74,0.0006 
"36","04414","U","NY","NYC-Queens Community District 14--The Rockaways",124113,0.9994 
"36","04501","U","NY","NYC-Staten Island Community District 1--North Shore",189663,1 
"36","04502","U","NY","NYC-Staten Island Community District 2--Mid-Island",141591,1 
"36","04503","U","NY","NYC-Staten Island Community District 3--South Shore",164493,1 
"37","00100","R","NC","Boone High Country--Watauga, Ashe, Yancey, Avery & Mitchell Counties",104206,0.7904 
"37","00100","U","NC","Boone High Country--Watauga, Ashe, Yancey, Avery & Mitchell Counties",27636,0.2096 
"37","00200","R","NC","Wilkesboro High Country--Surry, Wilkes & Alleghany Counties",110972,0.7487 
"37","00200","U","NC","Wilkesboro High Country--Surry, Wilkes & Alleghany Counties",37244,0.2513 
"37","00300","R","NC","Rockingham & Stokes Counties",91342,0.6735 
"37","00300","U","NC","Rockingham & Stokes Counties",44274,0.3265 
"37","00400","R","NC","Granville, Person & Caswell Counties",95863,0.7805 
"37","00400","U","NC","Granville, Person & Caswell Counties",26962,0.2195 
"37","00500","R","NC","Franklin & Vance Counties",76783,0.6908 
"37","00500","U","NC","Franklin & Vance Counties",34368,0.3092 
"37","00600","R","NC","Halifax, Hertford, Northampton & Warren Counties",78026,0.7341 
"37","00600","U","NC","Halifax, Hertford, Northampton & Warren Counties",28261,0.2659 
"37","00700","R","NC","Northeast Albemarle Sound Region",87894,0.7563 
"37","00700","U","NC","Northeast Albemarle Sound Region",28320,0.2437 
"37","00800","R","NC","South & West Albemarle Sound & Outer Banks Regions",101850,0.6672 
"37","00800","U","NC","South & West Albemarle Sound & Outer Banks Regions",50795,0.3328 
"37","00900","R","NC","Nash & Edgecombe Counties--Rocky Mount City",69078,0.4801 
"37","00900","U","NC","Nash & Edgecombe Counties--Rocky Mount City",74792,0.5199 
"37","01001","R","NC","Wilson, Greene & Johnston (East) Counties--Wilson City",87888,0.5914 
"37","01001","U","NC","Wilson, Greene & Johnston (East) Counties--Wilson City",60726,0.4086 
"37","01101","R","NC","Johnston County (West)",76945,0.4618 
"37","01101","U","NC","Johnston County (West)",89675,0.5382 
"37","01201","R","NC","Raleigh City (South & Central)",13,0.0001 
"37","01201","U","NC","Raleigh City (South & Central)",149129,0.9999 
"37","01202","R","NC","Raleigh City (North)",169,0.0012 
"37","01202","U","NC","Raleigh City (North)",139826,0.9988 
"37","01203","R","NC","Wake County (Northeast)--Raleigh City (Northeast), Wake Forest & Rolesville Towns",5290,0.0388 
"37","01203","U","NC","Wake County (Northeast)--Raleigh City (Northeast), Wake Forest & Rolesville Towns",131074,0.9612 
"37","01204","R","NC","Wake County (East)--Raleigh City (East), Knightdale & Garner (North) Towns",21615,0.1559 
"37","01204","U","NC","Wake County (East)--Raleigh City (East), Knightdale & Garner (North) Towns",116997,0.8441 
"37","01205","R","NC","Wake County (Southeast)--Garner (South) & Fuquay-Varina Towns",12630,0.0954 
"37","01205","U","NC","Wake County (Southeast)--Garner (South) & Fuquay-Varina Towns",119813,0.9046 
"37","01206","R","NC","Wake County (Northwest)--Raleigh City (Northwest) & Morrisville Town",11390,0.0831 
"37","01206","U","NC","Wake County (Northwest)--Raleigh City (Northwest) & Morrisville Town",125636,0.9169 
"37","01207","U","NC","Wake County (West Central)--Cary Town",139671,1 
"37","01208","R","NC","Wake County (Southwest)--Apex & Holly Springs Towns",7141,0.0457 
"37","01208","U","NC","Wake County (Southwest)--Apex & Holly Springs Towns",149016,0.9543 
"37","01301","R","NC","Durham County (South)--Durham City (South)",1247,0.007 
"37","01301","U","NC","Durham County (South)--Durham City (South)",176951,0.993 
"37","01302","R","NC","Durham County (North)--Durham City (North)",15362,0.1048 
"37","01302","U","NC","Durham County (North)--Durham City (North)",131273,0.8952 
"37","01400","R","NC","Orange County--Chapel Hill Town",43188,0.2904 
"37","01400","U","NC","Orange County--Chapel Hill Town",105508,0.7096 
"37","01500","R","NC","Chatham & Lee Counties",75494,0.5409 
"37","01500","U","NC","Chatham & Lee Counties",64076,0.4591 
"37","01600","R","NC","Alamance County--Burlington City",45330,0.2644 
"37","01600","U","NC","Alamance County--Burlington City",126085,0.7356 
"37","01701","R","NC","Greensboro City (North)",1200,0.0087 
"37","01701","U","NC","Greensboro City (North)",137183,0.9913 
"37","01702","R","NC","Greensboro City (South)",36,0.0003 
"37","01702","U","NC","Greensboro City (South)",121700,0.9997 
"37","01703","R","NC","Guilford County (North)--Summerfield Town",58774,0.4238 
"37","01703","U","NC","Guilford County (North)--Summerfield Town",79910,0.5762 
"37","01704","R","NC","Guilford County (South)--High Point City",16620,0.1166 
"37","01704","U","NC","Guilford County (South)--High Point City",125876,0.8834 
"37","01801","U","NC","Winston-Salem City (North)",110407,1 
"37","01802","R","NC","Winston-Salem City (South)",1063,0.0081 
"37","01802","U","NC","Winston-Salem City (South)",130705,0.9919 
"37","01803","R","NC","Forsyth County (Outside Winston-Salem City)--Kernersville Town & Clemmons Village",27943,0.199 
"37","01803","U","NC","Forsyth County (Outside Winston-Salem City)--Kernersville Town & Clemmons Village",112472,0.801 
"37","01900","R","NC","Davie, Yadkin & Iredell (North) Counties",89944,0.8565 
"37","01900","U","NC","Davie, Yadkin & Iredell (North) Counties",15068,0.1435 
"37","02000","R","NC","Caldwell & Alexander Counties",67002,0.5722 
"37","02000","U","NC","Caldwell & Alexander Counties",50094,0.4278 
"37","02100","R","NC","Burke & McDowell Counties",72762,0.5506 
"37","02100","U","NC","Burke & McDowell Counties",59386,0.4494 
"37","02201","R","NC","Buncombe County (Southeast)--Asheville City",12527,0.0923 
"37","02201","U","NC","Buncombe County (Southeast)--Asheville City",123207,0.9077 
"37","02202","R","NC","Buncombe County (Northwest)",47570,0.3557 
"37","02202","U","NC","Buncombe County (Northwest)",86148,0.6443 
"37","02300","R","NC","Haywood, Madison, Swain, Graham & Jackson (North) Counties",72450,0.6872 
"37","02300","U","NC","Haywood, Madison, Swain, Graham & Jackson (North) Counties",32979,0.3128 
"37","02400","R","NC","Jackson (South), Macon, Cherokee & Clay Counties",96258,0.8022 
"37","02400","U","NC","Jackson (South), Macon, Cherokee & Clay Counties",23728,0.1978 
"37","02500","R","NC","Henderson & Transylvania Counties",59787,0.4005 
"37","02500","U","NC","Henderson & Transylvania Counties",89480,0.5995 
"37","02600","R","NC","Rutherford, Cleveland (West) & Polk Counties--Shelby City",89024,0.6602 
"37","02600","U","NC","Rutherford, Cleveland (West) & Polk Counties--Shelby City",45815,0.3398 
"37","02700","R","NC","Lincoln & Cleveland (East) Counties",98244,0.7263 
"37","02700","U","NC","Lincoln & Cleveland (East) Counties",37018,0.2737 
"37","02800","R","NC","Catawba County--Hickory City",56466,0.3516 
"37","02800","U","NC","Catawba County--Hickory City",104144,0.6484 
"37","02900","R","NC","Iredell (South)--Mooresville Town & Statesville City",36835,0.2279 
"37","02900","U","NC","Iredell (South)--Mooresville Town & Statesville City",124772,0.7721 
"37","03001","R","NC","Gaston County (Northwest)--Mount Holly City",40391,0.3746 
"37","03001","U","NC","Gaston County (Northwest)--Mount Holly City",67425,0.6254 
"37","03002","R","NC","Gaston County (Southeast)--Gastonia & Belmont Cities",2602,0.0217 
"37","03002","U","NC","Gaston County (Southeast)--Gastonia & Belmont Cities",117525,0.9783 
"37","03101","U","NC","Charlotte City (Central)",128081,1 
"37","03102","U","NC","Charlotte City (Northwest)",130264,1 
"37","03103","U","NC","Charlotte City (Northeast)",123675,1 
"37","03104","U","NC","Charlotte City (South)",157590,1 
"37","03105","U","NC","Charlotte City (Southwest)",120328,1 
"37","03106","R","NC","Mecklenburg County (North)--Huntersville, Cornelius & Davidson Towns",4933,0.028 
"37","03106","U","NC","Mecklenburg County (North)--Huntersville, Cornelius & Davidson Towns",171175,0.972 
"37","03107","R","NC","Mecklenburg County (East)--Mint Hill & Matthews (North) Towns",2881,0.0214 
"37","03107","U","NC","Mecklenburg County (East)--Mint Hill & Matthews (North) Towns",131950,0.9786 
"37","03108","R","NC","Mecklenburg County (South)--Matthews Town (South)",1605,0.0111 
"37","03108","U","NC","Mecklenburg County (South)--Matthews Town (South)",143000,0.9889 
"37","03200","R","NC","Cabarrus County (West)--Concord, Kannapolis Cities & Harrisburg Town",6331,0.0377 
"37","03200","U","NC","Cabarrus County (West)--Concord, Kannapolis Cities & Harrisburg Town",161682,0.9623 
"37","03300","R","NC","Stanly & Cabarrus (East) Counties",78186,0.65 
"37","03300","U","NC","Stanly & Cabarrus (East) Counties",42109,0.35 
"37","03400","R","NC","Rowan County",61992,0.4221 
"37","03400","U","NC","Rowan County",84883,0.5779 
"37","03500","R","NC","Davidson County",80604,0.4771 
"37","03500","U","NC","Davidson County",88326,0.5229 
"37","03600","R","NC","Randolph County",86768,0.6018 
"37","03600","U","NC","Randolph County",57403,0.3982 
"37","03700","R","NC","Moore & Montgomery Counties",75159,0.599 
"37","03700","U","NC","Moore & Montgomery Counties",50319,0.401 
"37","03800","R","NC","Harnett County",85692,0.6416 
"37","03800","U","NC","Harnett County",47876,0.3584 
"37","03900","R","NC","Sampson & Duplin Counties",98436,0.9136 
"37","03900","U","NC","Sampson & Duplin Counties",9315,0.0864 
"37","04000","R","NC","Wayne County",62877,0.5359 
"37","04000","U","NC","Wayne County",54456,0.4641 
"37","04101","R","NC","Lenoir, Onslow (North) & Jones Counties",82153,0.7384 
"37","04101","U","NC","Lenoir, Onslow (North) & Jones Counties",29104,0.2616 
"37","04200","R","NC","Pitt County--Greenville City",45713,0.2685 
"37","04200","U","NC","Pitt County--Greenville City",124530,0.7315 
"37","04300","R","NC","Craven & Carteret Counties",56341,0.3346 
"37","04300","U","NC","Craven & Carteret Counties",112065,0.6654 
"37","04501","R","NC","Onslow County (South)--Jacksonville City",35284,0.2239 
"37","04501","U","NC","Onslow County (South)--Jacksonville City",122329,0.7761 
"37","04601","R","NC","Pender & New Hanover (North) Counties",40353,0.3397 
"37","04601","U","NC","Pender & New Hanover (North) Counties",78454,0.6603 
"37","04701","R","NC","New Hanover County (South)--Wilmington City",237,0.0014 
"37","04701","U","NC","New Hanover County (South)--Wilmington City",166861,0.9986 
"37","04800","R","NC","Brunswick County",49731,0.3638 
"37","04800","U","NC","Brunswick County",86962,0.6362 
"37","04900","R","NC","Columbus, Bladen & Robeson Counties",163593,0.8314 
"37","04900","U","NC","Columbus, Bladen & Robeson Counties",33166,0.1686 
"37","05001","R","NC","Cumberland County (Central)--Fayetteville City (Central & East)",286,0.0026 
"37","05001","U","NC","Cumberland County (Central)--Fayetteville City (Central & East)",108580,0.9974 
"37","05002","R","NC","Cumberland County (East)--Hope Mills & Spring Lake Towns",43289,0.3752 
"37","05002","U","NC","Cumberland County (East)--Hope Mills & Spring Lake Towns",72100,0.6248 
"37","05003","R","NC","Cumberland County (West)--Fayetteville City (West)",2757,0.025 
"37","05003","U","NC","Cumberland County (West)--Fayetteville City (West)",107716,0.975 
"37","05200","R","NC","Hoke, Richmond & Scotland Counties",59254,0.4586 
"37","05200","U","NC","Hoke, Richmond & Scotland Counties",69948,0.5414 
"37","05301","R","NC","Union (East) & Anson Counties--Monroe City",69919,0.6036 
"37","05301","U","NC","Union (East) & Anson Counties--Monroe City",45919,0.3964 
"37","05401","R","NC","Union County (West)--Indian Trail & Stallings Towns",13073,0.0905 
"37","05401","U","NC","Union County (West)--Indian Trail & Stallings Towns",131411,0.9095 
"38","00100","R","ND","West North Dakota--Dickinson & Williston Cities",50987,0.4518 
"38","00100","U","ND","West North Dakota--Dickinson & Williston Cities",61871,0.5482 
"38","00200","R","ND","North Central North Dakota--Minot City",66273,0.5655 
"38","00200","U","ND","North Central North Dakota--Minot City",50925,0.4345 
"38","00300","R","ND","Bismarck & Mandan Cities",33551,0.2547 
"38","00300","U","ND","Bismarck & Mandan Cities",98198,0.7453 
"38","00400","R","ND","East Central North Dakota--Jamestown City",84410,0.74 
"38","00400","U","ND","East Central North Dakota--Jamestown City",29658,0.26 
"38","00500","R","ND","Northeast North Dakota--Grand Forks City",52102,0.439 
"38","00500","U","ND","Northeast North Dakota--Grand Forks City",66594,0.561 
"38","00600","R","ND","Cass County--Fargo City",16782,0.0909 
"38","00600","U","ND","Cass County--Fargo City",167743,0.9091 
"39","00100","R","OH","Mercer, Defiance, Williams, Van Wert & Paulding Counties",112217,0.6774 
"39","00100","U","OH","Mercer, Defiance, Williams, Van Wert & Paulding Counties",53436,0.3226 
"39","00200","R","OH","Fulton, Putnam & Henry Counties",82902,0.7909 
"39","00200","U","OH","Fulton, Putnam & Henry Counties",21924,0.2091 
"39","00301","R","OH","Lucas County (West)--Sylvania & Maumee Cities",15702,0.1132 
"39","00301","U","OH","Lucas County (West)--Sylvania & Maumee Cities",122973,0.8868 
"39","00302","U","OH","Toledo City (West)",156151,1 
"39","00303","U","OH","Toledo City (Central)",113519,1 
"39","00401","R","OH","Sandusky, Ottawa & Lucas (East) Counties--Oregon City",56483,0.4622 
"39","00401","U","OH","Sandusky, Ottawa & Lucas (East) Counties--Oregon City",65711,0.5378 
"39","00500","R","OH","Erie & Huron Counties",51435,0.3833 
"39","00500","U","OH","Erie & Huron Counties",82752,0.6167 
"39","00601","R","OH","Lorain County (North)--Lorain & Elyria Cities",2578,0.0193 
"39","00601","U","OH","Lorain County (North)--Lorain & Elyria Cities",130676,0.9807 
"39","00602","R","OH","Lorain County (South)--North Ridgeville, Avon Lake & Avon Cities",42062,0.2341 
"39","00602","U","OH","Lorain County (South)--North Ridgeville, Avon Lake & Avon Cities",137648,0.7659 
"39","00701","R","OH","Cuyahoga County--Westlake, North Olmsted Cities & Bay Village",100,0.0009 
"39","00701","U","OH","Cuyahoga County--Westlake, North Olmsted Cities & Bay Village",105821,0.9991 
"39","00702","U","OH","Cuyahoga County (West)--Lakewood, Rocky River, Brook Park & Berea Cities",143132,1 
"39","00703","U","OH","Cleveland City (West)",106275,1 
"39","00704","U","OH","Cuyahoga County (South Central)--Parma, Parma Heights & Seven Hills Cities",125088,1 
"39","00705","R","OH","Cuyahoga County (South)--Strongsville, North Royalton & Broadview Heights Cities",2845,0.0239 
"39","00705","U","OH","Cuyahoga County (South)--Strongsville, North Royalton & Broadview Heights Cities",116123,0.9761 
"39","00706","R","OH","Cuyahoga County (Southeast)--Garfield Heights, Maple Heights & Bedford Cities",686,0.0065 
"39","00706","U","OH","Cuyahoga County (Southeast)--Garfield Heights, Maple Heights & Bedford Cities",104820,0.9935 
"39","00707","U","OH","Cleveland City (Central)",116999,1 
"39","00708","U","OH","Cleveland City (East) & Bratenahl Village",150888,1 
"39","00709","U","OH","Cuyahoga County (Northeast)--Euclid, Cleveland Heights & South Euclid Cities",144593,1 
"39","00710","R","OH","Cuyahoga County (East)--Shaker Heights, Solon, Mayfield Heights & Lyndhurst Cities",3522,0.0239 
"39","00710","U","OH","Cuyahoga County (East)--Shaker Heights, Solon, Mayfield Heights & Lyndhurst Cities",143925,0.9761 
"39","00801","R","OH","Lake County (West)--Willoughby, Eastlake, Willowick & Wickliffe Cities",6202,0.0581 
"39","00801","U","OH","Lake County (West)--Willoughby, Eastlake, Willowick & Wickliffe Cities",100573,0.9419 
"39","00802","R","OH","Lake County (East)--Mentor & Painesville Cities",11267,0.0895 
"39","00802","U","OH","Lake County (East)--Mentor & Painesville Cities",114561,0.9105 
"39","00900","R","OH","Ashtabula & Geauga Counties",125664,0.6512 
"39","00900","U","OH","Ashtabula & Geauga Counties",67307,0.3488 
"39","01001","R","OH","Trumbull (Outside Warren City) & Mahoning (Outside Youngstown City) Counties",79312,0.6114 
"39","01001","U","OH","Trumbull (Outside Warren City) & Mahoning (Outside Youngstown City) Counties",50408,0.3886 
"39","01002","R","OH","Trumbull County (South Central)--Warren & Niles Cities",3512,0.0311 
"39","01002","U","OH","Trumbull County (South Central)--Warren & Niles Cities",109246,0.9689 
"39","01003","R","OH","Mahoning County (Northeast)--Youngstown City, Boardman & Austintown",7832,0.0416 
"39","01003","U","OH","Mahoning County (Northeast)--Youngstown City, Boardman & Austintown",180281,0.9584 
"39","01100","R","OH","Portage County",61474,0.38 
"39","01100","U","OH","Portage County",100317,0.62 
"39","01201","R","OH","Summit County (North & Northwest)--Hudson, Twinsburg & Macedonia Cities",11867,0.0984 
"39","01201","U","OH","Summit County (North & Northwest)--Hudson, Twinsburg & Macedonia Cities",108690,0.9016 
"39","01202","R","OH","Summit County (East Central)--Cuyahoga Falls, Stow & Tallmadge Cities",1297,0.0116 
"39","01202","U","OH","Summit County (East Central)--Cuyahoga Falls, Stow & Tallmadge Cities",110611,0.9884 
"39","01203","R","OH","Summit County (Central)--Akron City",79,0.0004 
"39","01203","U","OH","Summit County (Central)--Akron City",192491,0.9996 
"39","01204","R","OH","Summit County (South)--Green, Barberton & New Franklin Cities",7196,0.0624 
"39","01204","U","OH","Summit County (South)--Green, Barberton & New Franklin Cities",108197,0.9376 
"39","01300","R","OH","Medina County",62148,0.3406 
"39","01300","U","OH","Medina County",120322,0.6594 
"39","01400","R","OH","Wayne County",65274,0.5584 
"39","01400","U","OH","Wayne County",51620,0.4416 
"39","01500","R","OH","Ashland, Holmes & Coshocton Counties",101742,0.7634 
"39","01500","U","OH","Ashland, Holmes & Coshocton Counties",31540,0.2366 
"39","01600","R","OH","Richland County",42046,0.3365 
"39","01600","U","OH","Richland County",82890,0.6635 
"39","01700","R","OH","Seneca, Wyandot & Crawford Counties",54707,0.4597 
"39","01700","U","OH","Seneca, Wyandot & Crawford Counties",64287,0.5403 
"39","01800","R","OH","Wood County",39768,0.3007 
"39","01800","U","OH","Wood County",92480,0.6993 
"39","01900","R","OH","Hancock & Hardin Counties",41151,0.3896 
"39","01900","U","OH","Hancock & Hardin Counties",64465,0.6104 
"39","02000","R","OH","Allen County",31659,0.3098 
"39","02000","U","OH","Allen County",70547,0.6902 
"39","02100","R","OH","Auglaize, Logan & Champaign Counties",70982,0.5407 
"39","02100","U","OH","Auglaize, Logan & Champaign Counties",60304,0.4593 
"39","02200","R","OH","Darke, Shelby & Preble Counties",95975,0.6801 
"39","02200","U","OH","Darke, Shelby & Preble Counties",45135,0.3199 
"39","02300","R","OH","Miami County",33266,0.3058 
"39","02300","U","OH","Miami County",75508,0.6942 
"39","02400","R","OH","Clark County",34524,0.2539 
"39","02400","U","OH","Clark County",101477,0.7461 
"39","02500","R","OH","Union, Pickaway & Madison Counties",92641,0.561 
"39","02500","U","OH","Union, Pickaway & Madison Counties",72506,0.439 
"39","02600","R","OH","Marion, Knox & Morrow Counties",101345,0.6216 
"39","02600","U","OH","Marion, Knox & Morrow Counties",61685,0.3784 
"39","02701","R","OH","Stark County (West)--Massillon City",23817,0.1688 
"39","02701","U","OH","Stark County (West)--Massillon City",117270,0.8312 
"39","02702","R","OH","Stark County (Central)--Canton & North Canton Cities",372,0.0027 
"39","02702","U","OH","Stark County (Central)--Canton & North Canton Cities",135859,0.9973 
"39","02703","R","OH","Stark County (East) & Carroll County--Aliance City",57854,0.4656 
"39","02703","U","OH","Stark County (East) & Carroll County--Aliance City",66402,0.5344 
"39","02800","R","OH","Columbiana & Jefferson Counties",82165,0.4916 
"39","02800","U","OH","Columbiana & Jefferson Counties",84961,0.5084 
"39","02900","R","OH","Tuscarawas & Harrison Counties",60970,0.5659 
"39","02900","U","OH","Tuscarawas & Harrison Counties",46776,0.4341 
"39","03000","R","OH","Belmont, Guernsey, Noble & Monroe Counties",92234,0.6964 
"39","03000","U","OH","Belmont, Guernsey, Noble & Monroe Counties",40201,0.3036 
"39","03100","R","OH","Muskingum, Perry & Morgan Counties",86400,0.6371 
"39","03100","U","OH","Muskingum, Perry & Morgan Counties",49220,0.3629 
"39","03200","R","OH","Licking County",60305,0.3378 
"39","03200","U","OH","Licking County",118214,0.6622 
"39","03301","R","OH","Delaware County (North)",30378,0.3021 
"39","03301","U","OH","Delaware County (North)",70167,0.6979 
"39","03302","R","OH","Delaware County (South)",13152,0.1158 
"39","03302","U","OH","Delaware County (South)",100427,0.8842 
"39","03401","R","OH","Columbus (Far Northeast), Gahanna & New Albany Cities",2052,0.017 
"39","03401","U","OH","Columbus (Far Northeast), Gahanna & New Albany Cities",118908,0.983 
"39","03402","R","OH","Columbus (North) & Westerville Cities",199,0.0016 
"39","03402","U","OH","Columbus (North) & Westerville Cities",124090,0.9984 
"39","03403","U","OH","Columbus (North) & Worthington Cities",111193,1 
"39","03404","R","OH","Columbus (Far Northwest) & Dublin Cities",182,0.0016 
"39","03404","U","OH","Columbus (Far Northwest) & Dublin Cities",115260,0.9984 
"39","03405","R","OH","Columbus (Far West), Hilliard & Upper Arlington Cities",2656,0.0202 
"39","03405","U","OH","Columbus (Far West), Hilliard & Upper Arlington Cities",128899,0.9798 
"39","03406","U","OH","Columbus (Central) & Grandview Heights Cities",109590,1 
"39","03407","U","OH","Columbus City (Northeast)",106942,1 
"39","03408","U","OH","Columbus (East), Reynoldsburg, Whitehall & Bexley Cities",128653,1 
"39","03409","R","OH","Columbus (Southeast), Canal Winchester & Groveport Cities",2367,0.0146 
"39","03409","U","OH","Columbus (Southeast), Canal Winchester & Groveport Cities",159563,0.9854 
"39","03410","U","OH","Columbus City (West)",107237,1 
"39","03411","R","OH","Columbus (Southwest) & Grove City Cities",10715,0.1011 
"39","03411","U","OH","Columbus (Southwest) & Grove City Cities",95301,0.8989 
"39","03500","R","OH","Fairfield County",56559,0.3559 
"39","03500","U","OH","Fairfield County",102362,0.6441 
"39","03600","R","OH","Greene County",37666,0.2242 
"39","03600","U","OH","Greene County",130300,0.7758 
"39","03701","R","OH","Montgomery County (Northeast)--Huber Heights, Trotwood, Vandalia & Englewood Cities",3543,0.0274 
"39","03701","U","OH","Montgomery County (Northeast)--Huber Heights, Trotwood, Vandalia & Englewood Cities",125708,0.9726 
"39","03702","R","OH","Montgomery County (West)--Miamisburg & West Carrollton Cities",25399,0.2325 
"39","03702","U","OH","Montgomery County (West)--Miamisburg & West Carrollton Cities",83825,0.7675 
"39","03703","R","OH","Montgomery County (East Central)--Dayton & Riverside Cities",678,0.0041 
"39","03703","U","OH","Montgomery County (East Central)--Dayton & Riverside Cities",166276,0.9959 
"39","03704","R","OH","Montgomery County (Southeast)--Kettering & Centerville Cities",59,0.0004 
"39","03704","U","OH","Montgomery County (Southeast)--Kettering & Centerville Cities",131821,0.9996 
"39","03801","R","OH","Butler County (North & West)--Middletown, Oxford & Trenton Cities",35879,0.2785 
"39","03801","U","OH","Butler County (North & West)--Middletown, Oxford & Trenton Cities",92928,0.7215 
"39","03802","R","OH","Butler County (South Central)--Hamilton & Fairfield Cities",960,0.007 
"39","03802","U","OH","Butler County (South Central)--Hamilton & Fairfield Cities",135855,0.993 
"39","03803","R","OH","Butler County (Southeast)--Monroe City & Beckett Ridge",677,0.0054 
"39","03803","U","OH","Butler County (Southeast)--Monroe City & Beckett Ridge",124058,0.9946 
"39","03901","R","OH","Warren County (West)--Mason, Springboro (West) & Franklin Cities",4812,0.0409 
"39","03901","U","OH","Warren County (West)--Mason, Springboro (West) & Franklin Cities",112857,0.9591 
"39","03902","R","OH","Warren County (East)--Lebanon & Springboro (East) Cities",37639,0.3019 
"39","03902","U","OH","Warren County (East)--Lebanon & Springboro (East) Cities",87029,0.6981 
"39","04000","R","OH","Highland, Clinton & Fayette Counties",75327,0.6591 
"39","04000","U","OH","Highland, Clinton & Fayette Counties",38959,0.3409 
"39","04100","R","OH","Ross, Hocking & Vinton Counties",77245,0.6549 
"39","04100","U","OH","Ross, Hocking & Vinton Counties",40698,0.3451 
"39","04200","R","OH","Athens, Washington & Meigs Counties",84822,0.5874 
"39","04200","U","OH","Athens, Washington & Meigs Counties",59590,0.4126 
"39","04300","R","OH","Lawrence, Jackson & Gallia Counties",70829,0.5897 
"39","04300","U","OH","Lawrence, Jackson & Gallia Counties",49284,0.4103 
"39","04400","R","OH","Scioto, Adams & Pike Counties",90551,0.7043 
"39","04400","U","OH","Scioto, Adams & Pike Counties",38022,0.2957 
"39","04501","R","OH","Clermont (East) & Brown Counties",87952,0.7735 
"39","04501","U","OH","Clermont (East) & Brown Counties",25750,0.2265 
"39","04602","R","OH","Clermont County (West)",8686,0.0627 
"39","04602","U","OH","Clermont County (West)",129889,0.9373 
"39","04701","R","OH","Hamilton County (East)--Loveland, Montgomery Cities & Forestville",3850,0.0359 
"39","04701","U","OH","Hamilton County (East)--Loveland, Montgomery Cities & Forestville",103354,0.9641 
"39","04702","U","OH","Hamilton County (North Central)--Sharonville, Blue Ash, Springdale & Reading Cities",108132,1 
"39","04703","U","OH","Hamilton County (Central)--Forest Park, White Oak & Finneytown",150223,1 
"39","04704","R","OH","Hamilton County (West)--Mack & Dent",15596,0.133 
"39","04704","U","OH","Hamilton County (West)--Mack & Dent",101627,0.867 
"39","04705","U","OH","Cincinnati City (West)",111149,1 
"39","04706","U","OH","Cincinnati City (Central)",126935,1 
"39","04707","R","OH","Cincinnati (East) & Norwood Cities",340,0.0031 
"39","04707","U","OH","Cincinnati (East) & Norwood Cities",109433,0.9969 
"40","20100","R","OK","Panhandle & NW Oklahoma Counties--Guymon, Woodward, Alva & Kingfisher Cities",81051,0.7357 
"40","20100","U","OK","Panhandle & NW Oklahoma Counties--Guymon, Woodward, Alva & Kingfisher Cities",29119,0.2643 
"40","20200","R","OK","North Central Oklahoma Counties--Enid, Ponca City, Blackwell & Perry Cities",36884,0.3032 
"40","20200","U","OK","North Central Oklahoma Counties--Enid, Ponca City, Blackwell & Perry Cities",84755,0.6968 
"40","20300","R","OK","Northeast Oklahoma Counties--Bartlesville, Skiatook, Pawhuska & Pawnee Cities",62085,0.5454 
"40","20300","U","OK","Northeast Oklahoma Counties--Bartlesville, Skiatook, Pawhuska & Pawnee Cities",51741,0.4546 
"40","20400","R","OK","Northeast Oklahoma Counties--Claremore, Nowata & Catoosa Cities",60872,0.5822 
"40","20400","U","OK","Northeast Oklahoma Counties--Claremore, Nowata & Catoosa Cities",43688,0.4178 
"40","20500","R","OK","Northeast Oklahoma Counties--Miami, Pryor Creek, Grove & Vinita Cities",85778,0.6927 
"40","20500","U","OK","Northeast Oklahoma Counties--Miami, Pryor Creek, Grove & Vinita Cities",38057,0.3073 
"40","20600","R","OK","East Oklahoma Counties--Tahleqhah, Ft. Gibson, Sallisaw & Stilwell Cities",80366,0.7592 
"40","20600","U","OK","East Oklahoma Counties--Tahleqhah, Ft. Gibson, Sallisaw & Stilwell Cities",25488,0.2408 
"40","20700","R","OK","East Oklahoma Counties--Muskogee, Wagoner & Coweta Cities",60014,0.4074 
"40","20700","U","OK","East Oklahoma Counties--Muskogee, Wagoner & Coweta Cities",87306,0.5926 
"40","20801","R","OK","Tulsa County (North)--North Tulsa, Owasso & Collinsville Cities",15129,0.1186 
"40","20801","U","OK","Tulsa County (North)--North Tulsa, Owasso & Collinsville Cities",112447,0.8814 
"40","20802","R","OK","Tulsa County (West)--Tulsa & Sand Springs Cities",8705,0.0768 
"40","20802","U","OK","Tulsa County (West)--Tulsa & Sand Springs Cities",104667,0.9232 
"40","20803","R","OK","Tulsa County (East)--Northeast Tulsa City",1030,0.007 
"40","20803","U","OK","Tulsa County (East)--Northeast Tulsa City",146880,0.993 
"40","20804","R","OK","Tulsa County (Southwest)--South Tulsa, Jenks & Glenpool Cities",4812,0.0301 
"40","20804","U","OK","Tulsa County (Southwest)--South Tulsa, Jenks & Glenpool Cities",154871,0.9699 
"40","20805","R","OK","Tulsa County (Southeast)--SE Tulsa, Broken Arrow & Bixby Cities",4678,0.0387 
"40","20805","U","OK","Tulsa County (Southeast)--SE Tulsa, Broken Arrow & Bixby Cities",116060,0.9613 
"40","20900","R","OK","Northeast Oklahoma Counties--Sapulpa, Bristow & Okmulgee Cities",64311,0.5929 
"40","20900","U","OK","Northeast Oklahoma Counties--Sapulpa, Bristow & Okmulgee Cities",44149,0.4071 
"40","21000","R","OK","East Central Oklahoma Counties--McAlester, Seminole, Holdenville & Eufaula Cities",80858,0.7288 
"40","21000","U","OK","East Central Oklahoma Counties--McAlester, Seminole, Holdenville & Eufaula Cities",30089,0.2712 
"40","21100","R","OK","North Central Oklahoma Counties--Stillwater, Guthrie & Cushing Cities",57517,0.4384 
"40","21100","U","OK","North Central Oklahoma Counties--Stillwater, Guthrie & Cushing Cities",73684,0.5616 
"40","21200","R","OK","East Central Oklahoma Counties--Shawnee, Stroud, Chandler & Tecumseh Cities",71667,0.6767 
"40","21200","U","OK","East Central Oklahoma Counties--Shawnee, Stroud, Chandler & Tecumseh Cities",34245,0.3233 
"40","21301","R","OK","North Cleveland County--South Oklahoma City & Moore Cities",16878,0.1174 
"40","21301","U","OK","North Cleveland County--South Oklahoma City & Moore Cities",126871,0.8826 
"40","21302","R","OK","South Cleveland County--Norman & Noble Cities",29564,0.1948 
"40","21302","U","OK","South Cleveland County--Norman & Noble Cities",122215,0.8052 
"40","21401","R","OK","Oklahoma County (Northwest)--NW Oklahoma City, Bethany & Warr Acres Cities",3859,0.0227 
"40","21401","U","OK","Oklahoma County (Northwest)--NW Oklahoma City, Bethany & Warr Acres Cities",166305,0.9773 
"40","21402","R","OK","Oklahoma County (Northeast)--Edmond & North Oklahoma City",13594,0.0841 
"40","21402","U","OK","Oklahoma County (Northeast)--Edmond & North Oklahoma City",147970,0.9159 
"40","21403","R","OK","Oklahoma County (East)--Midwest City, Del City, East Oklahoma City & Choctaw Cities",29352,0.244 
"40","21403","U","OK","Oklahoma County (East)--Midwest City, Del City, East Oklahoma City & Choctaw Cities",90930,0.756 
"40","21404","R","OK","Oklahoma County (Central)--Oklahoma City, The Village & Nichols Hills Cities",1626,0.0146 
"40","21404","U","OK","Oklahoma County (Central)--Oklahoma City, The Village & Nichols Hills Cities",109611,0.9854 
"40","21405","R","OK","Oklahoma County (Southwest)--West Central Oklahoma City",464,0.0041 
"40","21405","U","OK","Oklahoma County (Southwest)--West Central Oklahoma City",112448,0.9959 
"40","21406","R","OK","Oklahoma County (Southeast)--East Central Oklahoma City",11554,0.0962 
"40","21406","U","OK","Oklahoma County (Southeast)--East Central Oklahoma City",108579,0.9038 
"40","21500","R","OK","Canadian County--Yukon, Mustang, El Reno, West Oklahoma City & Piedmont Cities",30141,0.1952 
"40","21500","U","OK","Canadian County--Yukon, Mustang, El Reno, West Oklahoma City & Piedmont Cities",124264,0.8048 
"40","21600","R","OK","Southwest Oklahoma Counties--Altus, Weatherford, Elk City, Clinton & Anadarko Cities PUM",81936,0.5979 
"40","21600","U","OK","Southwest Oklahoma Counties--Altus, Weatherford, Elk City, Clinton & Anadarko Cities PUM",55097,0.4021 
"40","21700","R","OK","Southwest Oklahoma Counties--Lawton, Elgin, Cache & Walters Cities",39188,0.3094 
"40","21700","U","OK","Southwest Oklahoma Counties--Lawton, Elgin, Cache & Walters Cities",87464,0.6906 
"40","21800","R","OK","South Central Oklahoma Counties--Chickasha, Newcastle, Blanchard & Purcell Cities",95845,0.7849 
"40","21800","U","OK","South Central Oklahoma Counties--Chickasha, Newcastle, Blanchard & Purcell Cities",26268,0.2151 
"40","21900","R","OK","South Central Oklahoma Counties--Ardmore, Duncan, Sulphur & Madill Cities",73635,0.6124 
"40","21900","U","OK","South Central Oklahoma Counties--Ardmore, Duncan, Sulphur & Madill Cities",46603,0.3876 
"40","22000","R","OK","Southeast Oklahoma Counties--Durant, Ada, Atoka & Tishomingo Cities",92537,0.7166 
"40","22000","U","OK","Southeast Oklahoma Counties--Durant, Ada, Atoka & Tishomingo Cities",36588,0.2834 
"40","22100","R","OK","Southeast Oklahoma Counties--Poteau, Idabel, Broken Bow, Wilburton & Hugo Cities",104812,0.8387 
"40","22100","U","OK","Southeast Oklahoma Counties--Poteau, Idabel, Broken Bow, Wilburton & Hugo Cities",20152,0.1613 
"41","00301","R","OR","Benton County & Linn County (South)--Corvallis & Harrisburg Cities",29846,0.2801 
"41","00301","U","OR","Benton County & Linn County (South)--Corvallis & Harrisburg Cities",76713,0.7199 
"41","00501","R","OR","Clackamas County (Northwest)--Milwaukie & Happy Valley Cities",4107,0.0395 
"41","00501","U","OR","Clackamas County (Northwest)--Milwaukie & Happy Valley Cities",99993,0.9605 
"41","00502","R","OR","Clackamas County (Northwest)--Oregon City, Gladstone Cities & Oak Grove",3485,0.0345 
"41","00502","U","OR","Clackamas County (Northwest)--Oregon City, Gladstone Cities & Oak Grove",97401,0.9655 
"41","00503","R","OR","Clackamas County (South & East)--Canby, Sandy, Estacada & Molalla Cities",58614,0.5432 
"41","00503","U","OR","Clackamas County (South & East)--Canby, Sandy, Estacada & Molalla Cities",49297,0.4568 
"41","00504","R","OR","Clackamas County (Northwest)--Lake Oswego, West Linn & Wilsonville Cities",5894,0.0543 
"41","00504","U","OR","Clackamas County (Northwest)--Lake Oswego, West Linn & Wilsonville Cities",102610,0.9457 
"41","01701","R","OR","Deschutes County (Central)--Bend City",10287,0.092 
"41","01701","U","OR","Deschutes County (Central)--Bend City",101535,0.908 
"41","01702","R","OR","Crook & Jefferson & Deschutes (Outside Bend) Counties--Redmond & Prineville Cities",76431,0.5634 
"41","01702","U","OR","Crook & Jefferson & Deschutes (Outside Bend) Counties--Redmond & Prineville Cities",59240,0.4366 
"41","01900","R","OR","Douglas County",44902,0.4038 
"41","01900","U","OR","Douglas County",66299,0.5962 
"41","02901","R","OR","Jackson County (Central)--Medford & Central Point Cities",3854,0.0335 
"41","02901","U","OR","Jackson County (Central)--Medford & Central Point Cities",111356,0.9665 
"41","02902","R","OR","Jackson County (Outside Medford & Central Point Cities)--Ashland City",42127,0.3899 
"41","02902","U","OR","Jackson County (Outside Medford & Central Point Cities)--Ashland City",65922,0.6101 
"41","03903","R","OR","Lane County (West Central)--Eugene City (West & South)",1064,0.0067 
"41","03903","U","OR","Lane County (West Central)--Eugene City (West & South)",156925,0.9933 
"41","03904","R","OR","Lane County (East Central)--Eugene (Northeast) & Springfield Cities",1762,0.0157 
"41","03904","U","OR","Lane County (East Central)--Eugene (Northeast) & Springfield Cities",110288,0.9843 
"41","03905","R","OR","Lane County (Outside Eugene & Springfield Cities)",66227,0.5864 
"41","03905","U","OR","Lane County (Outside Eugene & Springfield Cities)",46705,0.4136 
"41","04301","R","OR","Linn County (North & East)--Albany & Lebanon Cities",32668,0.2787 
"41","04301","U","OR","Linn County (North & East)--Albany & Lebanon Cities",84567,0.7213 
"41","04703","R","OR","Marion County (West Central)--Salem (North), Keizer Cities & Hayesville",625,0.0057 
"41","04703","U","OR","Marion County (West Central)--Salem (North), Keizer Cities & Hayesville",109616,0.9943 
"41","04704","R","OR","Marion County (West Central)--Salem City (South) & Four Corners",1577,0.0137 
"41","04704","U","OR","Marion County (West Central)--Salem City (South) & Four Corners",113376,0.9863 
"41","04705","R","OR","Marion County (Outside Salem & Keizer Cities)--Woodburn & Silverton Cities",50908,0.4217 
"41","04705","U","OR","Marion County (Outside Salem & Keizer Cities)--Woodburn & Silverton Cities",69818,0.5783 
"41","05101","R","OR","Multnomah County--Portland City (North & Northeast)",146,0.0012 
"41","05101","U","OR","Multnomah County--Portland City (North & Northeast)",123185,0.9988 
"41","05102","R","OR","Multnomah County--Portland City (East)",9,0.0001 
"41","05102","U","OR","Multnomah County--Portland City (East)",129829,0.9999 
"41","05103","U","OR","Multnomah County--Portland City (Southeast)",118112,1 
"41","05105","U","OR","Multnomah County--Portland City (Central East)",124397,1 
"41","05114","R","OR","Multnomah County--Portland City (Northwest & Southwest)",4227,0.0282 
"41","05114","U","OR","Multnomah County--Portland City (Northwest & Southwest)",145686,0.9718 
"41","05116","R","OR","Multnomah County (East)--Gresham & Troutdale Cities",6069,0.0357 
"41","05116","U","OR","Multnomah County (East)--Gresham & Troutdale Cities",163768,0.9643 
"41","05901","R","OR","Umatilla (East & South), Union, Baker & Wallowa Counties",45875,0.4493 
"41","05901","U","OR","Umatilla (East & South), Union, Baker & Wallowa Counties",56229,0.5507 
"41","06501","R","OR","Umatilla (Northwest) & Grant Counties, Columbia Gorge & Columbia Basin",51498,0.497 
"41","06501","U","OR","Umatilla (Northwest) & Grant Counties, Columbia Gorge & Columbia Basin",52110,0.503 
"41","06720","R","OR","Washington County (Southeast)--Tigard, Tualatin & Sherwood Cities",1535,0.0125 
"41","06720","U","OR","Washington County (Southeast)--Tigard, Tualatin & Sherwood Cities",121411,0.9875 
"41","06721","R","OR","Washington County (West)--Forest Grove, Cornelius Cities, Bethany & Oak Hills",25103,0.2034 
"41","06721","U","OR","Washington County (West)--Forest Grove, Cornelius Cities, Bethany & Oak Hills",98287,0.7966 
"41","06722","R","OR","Washington County (Central)--Hillsboro City",5988,0.0489 
"41","06722","U","OR","Washington County (Central)--Hillsboro City",116420,0.9511 
"41","06723","R","OR","Washington County (Central)--Beaverton City (West) & Aloha",365,0.0031 
"41","06723","U","OR","Washington County (Central)--Beaverton City (West) & Aloha",117250,0.9969 
"41","06724","U","OR","Washington County (Northeast)--Beaverton City (East & Central) & Cedar Mill",114013,1 
"41","07100","R","OR","Yamhill County",28534,0.2649 
"41","07100","U","OR","Yamhill County",79188,0.7351 
"41","09000","R","OR","Columbia, Clatsop & Tillamook Counties",54357,0.449 
"41","09000","U","OR","Columbia, Clatsop & Tillamook Counties",66694,0.551 
"41","09100","R","OR","Josephine, Coos & Curry Counties",74920,0.4246 
"41","09100","U","OR","Josephine, Coos & Curry Counties",101545,0.5754 
"41","09200","R","OR","Klamath, Malheur, Lake & Harney Counties",56277,0.4825 
"41","09200","U","OR","Klamath, Malheur, Lake & Harney Counties",60362,0.5175 
"41","09300","R","OR","Polk & Lincoln Counties",36991,0.2684 
"41","09300","U","OR","Polk & Lincoln Counties",100837,0.7316 
"42","00111","R","PA","Erie City, Millcreek township, Lawrence Park Township & Wesleyville Borough",1198,0.0077 
"42","00111","U","PA","Erie City, Millcreek township, Lawrence Park Township & Wesleyville Borough",154748,0.9923 
"42","00112","R","PA","Erie County (Outer)",63765,0.5548 
"42","00112","U","PA","Erie County (Outer)",51165,0.4452 
"42","00200","R","PA","Crawford & Warren Counties",79140,0.6459 
"42","00200","U","PA","Crawford & Warren Counties",43385,0.3541 
"42","00300","R","PA","Clearfield, McKean, Elk, Potter & Cameron Counties",116933,0.6762 
"42","00300","U","PA","Clearfield, McKean, Elk, Potter & Cameron Counties",55994,0.3238 
"42","00400","R","PA","Bradford, Tioga, Susquehanna & Sullivan Counties",129082,0.8885 
"42","00400","U","PA","Bradford, Tioga, Susquehanna & Sullivan Counties",16204,0.1115 
"42","00500","R","PA","Pike & Wayne Counties",95166,0.8676 
"42","00500","U","PA","Pike & Wayne Counties",14524,0.1324 
"42","00600","R","PA","Monroe County",95543,0.5676 
"42","00600","U","PA","Monroe County",72784,0.4324 
"42","00701","R","PA","Lackawanna County--Scranton City, Dunmore, Old Forge, Taylor & Moosic Boroughs",1096,0.0099 
"42","00701","U","PA","Lackawanna County--Scranton City, Dunmore, Old Forge, Taylor & Moosic Boroughs",110024,0.9901 
"42","00702","R","PA","Lackawanna (Outside Greater Scranton City) & Wyoming Counties",61650,0.4712 
"42","00702","U","PA","Lackawanna (Outside Greater Scranton City) & Wyoming Counties",69195,0.5288 
"42","00801","R","PA","Luzerne County (East)--Kingston Borough",18901,0.1485 
"42","00801","U","PA","Luzerne County (East)--Kingston Borough",108395,0.8515 
"42","00802","R","PA","Luzerne County (South Central)--Wilkes-Barre & Hazleton Cities",21176,0.1549 
"42","00802","U","PA","Luzerne County (South Central)--Wilkes-Barre & Hazleton Cities",115526,0.8451 
"42","00803","R","PA","Columbia & Luzerne (West) Counties--Bloomsburg Town & Berwick Borough",61228,0.4847 
"42","00803","U","PA","Columbia & Luzerne (West) Counties--Bloomsburg Town & Berwick Borough",65095,0.5153 
"42","00900","R","PA","Lycoming & Clinton Counties",64116,0.4228 
"42","00900","U","PA","Lycoming & Clinton Counties",87522,0.5772 
"42","01000","R","PA","Northumberland & Montour Counties",42159,0.384 
"42","01000","U","PA","Northumberland & Montour Counties",67624,0.616 
"42","01100","R","PA","Mifflin, Union, Snyder & Juniata Counties",103581,0.6811 
"42","01100","U","PA","Mifflin, Union, Snyder & Juniata Counties",48488,0.3189 
"42","01200","R","PA","Centre County",54805,0.3465 
"42","01200","U","PA","Centre County",103367,0.6535 
"42","01300","R","PA","Venango, Jefferson, Clarion & Forest Counties",99528,0.7152 
"42","01300","U","PA","Venango, Jefferson, Clarion & Forest Counties",39632,0.2848 
"42","01400","R","PA","Mercer County",53051,0.4794 
"42","01400","U","PA","Mercer County",57601,0.5206 
"42","01511","R","PA","Lawrence & Beaver (North) Counties--New Castle City",50969,0.4426 
"42","01511","U","PA","Lawrence & Beaver (North) Counties--New Castle City",64184,0.5574 
"42","01512","R","PA","Beaver County (South)",34192,0.2458 
"42","01512","U","PA","Beaver County (South)",104940,0.7542 
"42","01600","R","PA","Butler County",83916,0.4331 
"42","01600","U","PA","Butler County",109847,0.5669 
"42","01701","U","PA","Pittsburgh City (North)",194421,1 
"42","01702","U","PA","Pittsburgh City (South)",111944,1 
"42","01801","R","PA","Allegheny County (West)",4790,0.0413 
"42","01801","U","PA","Allegheny County (West)",111099,0.9587 
"42","01802","R","PA","Allegheny County (North)--Franklin Park Borough & Allison Park",16583,0.1006 
"42","01802","U","PA","Allegheny County (North)--Franklin Park Borough & Allison Park",148253,0.8994 
"42","01803","R","PA","Allegheny County (North Central)",71,0.0005 
"42","01803","U","PA","Allegheny County (North Central)",129140,0.9995 
"42","01804","R","PA","Allegheny County (East)--Monroeville Municipality, Plum & Wilkinsburg Boroughs",1366,0.0079 
"42","01804","U","PA","Allegheny County (East)--Monroeville Municipality, Plum & Wilkinsburg Boroughs",171221,0.9921 
"42","01805","R","PA","Allegheny County (Southeast)--West Mifflin Borough, McKeesport City & Munhall Borough PU",5411,0.0493 
"42","01805","U","PA","Allegheny County (Southeast)--West Mifflin Borough, McKeesport City & Munhall Borough PU",104445,0.9507 
"42","01806","U","PA","Allegheny County (South Central)--Baldwin & Whitehall Boroughs",131221,1 
"42","01807","R","PA","Allegheny County (South)--Bethel Park Municipality & Jefferson Hills Borough",1976,0.0164 
"42","01807","U","PA","Allegheny County (South)--Bethel Park Municipality & Jefferson Hills Borough",118637,0.9836 
"42","01900","R","PA","Indiana & Armstrong Counties",92392,0.6209 
"42","01900","U","PA","Indiana & Armstrong Counties",56412,0.3791 
"42","02011","R","PA","Westmoreland County (Northwest)--Murrysville Municipality & New Kensington City",29518,0.2602 
"42","02011","U","PA","Westmoreland County (Northwest)--Murrysville Municipality & New Kensington City",83939,0.7398 
"42","02012","R","PA","Westmoreland County (West)--Greensburg City",13007,0.1061 
"42","02012","U","PA","Westmoreland County (West)--Greensburg City",109611,0.8939 
"42","02013","R","PA","Westmoreland County (East & South)",51399,0.4334 
"42","02013","U","PA","Westmoreland County (East & South)",67189,0.5666 
"42","02100","R","PA","Cambria County",61509,0.4608 
"42","02100","U","PA","Cambria County",71963,0.5392 
"42","02200","R","PA","Blair & Huntingdon Counties--Altoona City",64394,0.3858 
"42","02200","U","PA","Blair & Huntingdon Counties--Altoona City",102520,0.6142 
"42","02301","R","PA","Cumberland (West) & Perry Counties--Carlisle Borough",84386,0.5974 
"42","02301","U","PA","Cumberland (West) & Perry Counties--Carlisle Borough",56880,0.4026 
"42","02302","R","PA","Cumberland County (East)",12678,0.0773 
"42","02302","U","PA","Cumberland County (East)",151367,0.9227 
"42","02401","R","PA","Dauphin County (Central)--Harrisburg City & Colonial Park",608,0.0035 
"42","02401","U","PA","Dauphin County (Central)--Harrisburg City & Colonial Park",171478,0.9965 
"42","02402","R","PA","Dauphin County (Outer)--Hershey",41855,0.3661 
"42","02402","U","PA","Dauphin County (Outer)--Hershey",72460,0.6339 
"42","02500","R","PA","Lebanon County",36367,0.2539 
"42","02500","U","PA","Lebanon County",106890,0.7461 
"42","02600","R","PA","Schuylkill County",67326,0.4706 
"42","02600","U","PA","Schuylkill County",75723,0.5293 
"42","02701","R","PA","Berks County (Northwest)--Wyomissing Borough",36290,0.2804 
"42","02701","U","PA","Berks County (Northwest)--Wyomissing Borough",93150,0.7196 
"42","02702","R","PA","Berks County (Southwest)--Reading City",17995,0.1191 
"42","02702","U","PA","Berks County (Southwest)--Reading City",133076,0.8809 
"42","02703","R","PA","Berks County (East)",59595,0.4018 
"42","02703","U","PA","Berks County (East)",88743,0.5982 
"42","02801","R","PA","Carbon & Lehigh (North) Counties",61400,0.4636 
"42","02801","U","PA","Carbon & Lehigh (North) Counties",71039,0.5364 
"42","02802","R","PA","Lehigh County (South, Outside Allentown & Bethlehem Cities)--Emmaus Borough",13711,0.085 
"42","02802","U","PA","Lehigh County (South, Outside Allentown & Bethlehem Cities)--Emmaus Borough",147539,0.915 
"42","02803","U","PA","Allentown City",125845,1 
"42","02901","R","PA","Northampton (South) & Lehigh (East) Counties--Bethlehem (East) & Easton Cities",7954,0.0447 
"42","02901","U","PA","Northampton (South) & Lehigh (East) Counties--Bethlehem (East) & Easton Cities",170156,0.9553 
"42","02902","R","PA","Northampton County (North)",44803,0.2898 
"42","02902","U","PA","Northampton County (North)",109810,0.7102 
"42","03011","R","PA","Bucks County (Upper)",38917,0.3624 
"42","03011","U","PA","Bucks County (Upper)",68477,0.6376 
"42","03012","R","PA","Bucks County (Northern Central)",17792,0.1514 
"42","03012","U","PA","Bucks County (Northern Central)",99727,0.8486 
"42","03013","R","PA","Bucks County (Southern Central)",9806,0.0706 
"42","03013","U","PA","Bucks County (Southern Central)",129093,0.9294 
"42","03014","U","PA","Bucks County (Western Lower)",135982,1 
"42","03015","R","PA","Bucks County (Eastern Lower)",58,0.0004 
"42","03015","U","PA","Bucks County (Eastern Lower)",146686,0.9996 
"42","03111","R","PA","Montgomery County (Western Upper)--Pottstown Borough",10525,0.0862 
"42","03111","U","PA","Montgomery County (Western Upper)--Pottstown Borough",111543,0.9138 
"42","03112","R","PA","Montgomery County (Eastern Upper)",15350,0.1452 
"42","03112","U","PA","Montgomery County (Eastern Upper)",90362,0.8548 
"42","03113","R","PA","Montgomery County (Northern Central)--Lansdale Borough",367,0.0035 
"42","03113","U","PA","Montgomery County (Northern Central)--Lansdale Borough",104911,0.9965 
"42","03114","R","PA","Montgomery County (Southern Central)--Norristown Borough",2336,0.0157 
"42","03114","U","PA","Montgomery County (Southern Central)--Norristown Borough",146800,0.9843 
"42","03115","U","PA","Montgomery County (Northeastern Lower)--Willow Grove & Horsham",141988,1 
"42","03116","R","PA","Montgomery County (Southern Lower)--King of Prussia",1,0 
"42","03116","U","PA","Montgomery County (Southern Lower)--King of Prussia",108245,1 
"42","03117","U","PA","Montgomery County (Eastern Lower)",124125,1 
"42","03216","U","PA","Philadelphia City (Northwest)",140234,1 
"42","03221","U","PA","Philadelphia City (Far Northeast)",144439,1 
"42","03222","U","PA","Philadelphia City (Central and Lower Northeast)",188302,1 
"42","03223","U","PA","Philadelphia City (North Delaware)",105079,1 
"42","03224","U","PA","Philadelphia City (Upper North)",141920,1 
"42","03225","U","PA","Philadelphia City (North)",131905,1 
"42","03227","U","PA","Philadelphia City (West and West Park)",151109,1 
"42","03228","U","PA","Philadelphia City (Lower North and River Wards)",174661,1 
"42","03229","U","PA","Philadelphia City (University-Southwest and Lower Southwest)",128308,1 
"42","03230","U","PA","Philadelphia City (Central)",151916,1 
"42","03231","U","PA","Philadelphia City (South and Lower South)",145924,1 
"42","03311","R","PA","Delaware County (North)--Broomall",434,0.0027 
"42","03311","U","PA","Delaware County (North)--Broomall",161393,0.9973 
"42","03312","U","PA","Delaware County (East)--Yeadon, Lansdowne, Darby Boroughs & Drexel Hill",162324,1 
"42","03313","U","PA","Delaware County (Southeast)--Chester City",148392,1 
"42","03314","R","PA","Delaware County (West)",4093,0.0392 
"42","03314","U","PA","Delaware County (West)",100194,0.9608 
"42","03411","R","PA","Chester County (North)",37864,0.373 
"42","03411","U","PA","Chester County (North)",63636,0.627 
"42","03412","R","PA","Chester County (West)--Phoenixville Borough",5110,0.0487 
"42","03412","U","PA","Chester County (West)--Phoenixville Borough",99793,0.9513 
"42","03413","R","PA","Chester County (East Central)--West Chester Borough",1934,0.0159 
"42","03413","U","PA","Chester County (East Central)--West Chester Borough",119847,0.9841 
"42","03414","R","PA","Chester County (West Central)--Coatesville City",20925,0.2066 
"42","03414","U","PA","Chester County (West Central)--Coatesville City",80359,0.7934 
"42","03415","R","PA","Chester County (South)",37374,0.3561 
"42","03415","U","PA","Chester County (South)",67571,0.6439 
"42","03501","R","PA","Lancaster County--Lancaster City, East Lampeter, Lancaster & West Lampeter Townships PUM",3757,0.0307 
"42","03501","U","PA","Lancaster County--Lancaster City, East Lampeter, Lancaster & West Lampeter Townships PUM",118514,0.9693 
"42","03502","R","PA","Lancaster County (Northwest)--Elizabethtown Borough",27082,0.2359 
"42","03502","U","PA","Lancaster County (Northwest)--Elizabethtown Borough",87738,0.7641 
"42","03503","R","PA","Lancaster County (East)--Ephrata Borough",103975,0.5879 
"42","03503","U","PA","Lancaster County (East)--Ephrata Borough",72890,0.4121 
"42","03504","R","PA","Lancaster County (Southwest)--Columbia Borough",19333,0.1391 
"42","03504","U","PA","Lancaster County (Southwest)--Columbia Borough",119695,0.8609 
"42","03601","R","PA","York County (Central)--York City & Shiloh",3048,0.0176 
"42","03601","U","PA","York County (Central)--York City & Shiloh",169989,0.9824 
"42","03602","R","PA","York County (North)--Weigelstown",48907,0.3715 
"42","03602","U","PA","York County (North)--Weigelstown",82756,0.6285 
"42","03603","R","PA","York County (South)",77932,0.5136 
"42","03603","U","PA","York County (South)",73806,0.4864 
"42","03701","R","PA","Adams & Franklin (Southeast) Counties",70421,0.543 
"42","03701","U","PA","Adams & Franklin (Southeast) Counties",59279,0.457 
"42","03702","R","PA","Franklin County (Outside Washington Township & Waynesboro Borough)",64634,0.4969 
"42","03702","U","PA","Franklin County (Outside Washington Township & Waynesboro Borough)",65450,0.5031 
"42","03800","R","PA","Somerset, Bedford & Fulton Counties",115208,0.8455 
"42","03800","U","PA","Somerset, Bedford & Fulton Counties",21054,0.1545 
"42","03900","R","PA","Fayette County",70978,0.5511 
"42","03900","U","PA","Fayette County",57826,0.4489 
"42","04011","R","PA","Washington County (North)--Washington City",29507,0.2186 
"42","04011","U","PA","Washington County (North)--Washington City",105463,0.7814 
"42","04012","R","PA","Washington (South) & Greene Counties",65383,0.5926 
"42","04012","U","PA","Washington (South) & Greene Counties",44950,0.4074 
"44","00103","U","RI","Providence City",190934,1 
"44","00105","R","RI","Northern Providence County & Woonsocket City",32605,0.1833 
"44","00105","U","RI","Northern Providence County & Woonsocket City",145260,0.8167 
"44","00106","U","RI","Northeast RI (Providence County)--Pawtucket Central Falls & E Providence Cities",145326,1 
"44","00107","R","RI","Central Providence County--Providence Inner Ring",1710,0.0117 
"44","00107","U","RI","Central Providence County--Providence Inner Ring",144906,0.9883 
"44","00200","R","RI","Central Rhode Island (Kent County)--Warwick City",12350,0.0725 
"44","00200","U","RI","Central Rhode Island (Kent County)--Warwick City",158013,0.9275 
"44","00300","R","RI","Southeast Rhode Island (Newport & Bristol Counties)--Newport City",7856,0.0576 
"44","00300","U","RI","Southeast Rhode Island (Newport & Bristol Counties)--Newport City",128580,0.9424 
"44","00400","R","RI","South Rhode Island--Washington County",43667,0.3363 
"44","00400","U","RI","South Rhode Island--Washington County",86172,0.6637 
"45","00101","R","SC","Pickens (Southwest Corner) & Oconee (West, Central) Counties--Seneca & Clemson Cities PU",51000,0.4927 
"45","00101","U","SC","Pickens (Southwest Corner) & Oconee (West, Central) Counties--Seneca & Clemson Cities PU",52514,0.5073 
"45","00201","R","SC","Pickens (East, Central, North) & Oconee (Northeast) Counties--Easley",48464,0.4551 
"45","00201","U","SC","Pickens (East, Central, North) & Oconee (Northeast) Counties--Easley",58033,0.5449 
"45","00301","R","SC","Greenville County (North)--Greer (North & West) & Travelers Rest Cities",37533,0.3628 
"45","00301","U","SC","Greenville County (North)--Greer (North & West) & Travelers Rest Cities",65914,0.6372 
"45","00302","R","SC","Greenville County (South & West)--Outside Greenville City",14925,0.148 
"45","00302","U","SC","Greenville County (South & West)--Outside Greenville City",85892,0.852 
"45","00303","U","SC","Greenville County (Central)--Greenville & Mauldin Cities",100440,1 
"45","00304","U","SC","Greenville County (Central East)--Greer City (South & West)",108194,1 
"45","00305","R","SC","Greenville (South & East)--Outside Greenville & Greer (South) Cities",10060,0.0893 
"45","00305","U","SC","Greenville (South & East)--Outside Greenville & Greer (South) Cities",102576,0.9107 
"45","00401","R","SC","Spartanburg County (North)--Landrum City",47294,0.4191 
"45","00401","U","SC","Spartanburg County (North)--Landrum City",65554,0.5809 
"45","00402","R","SC","Spartanburg County (West and South)--Greer & Woodruff Cities",32391,0.2985 
"45","00402","U","SC","Spartanburg County (West and South)--Greer & Woodruff Cities",76126,0.7015 
"45","00403","R","SC","Spartanburg County (Central)--Spartanburg City",17124,0.1606 
"45","00403","U","SC","Spartanburg County (Central)--Spartanburg City",89508,0.8394 
"45","00501","R","SC","Union and York (West) Counties--York City",77009,0.6605 
"45","00501","U","SC","Union and York (West) Counties--York City",39586,0.3395 
"45","00601","R","SC","York County (North & East)--Fort Mill Town",2924,0.0258 
"45","00601","U","SC","York County (North & East)--Fort Mill Town",110597,0.9742 
"45","00602","R","SC","York County (East & South)--Fort Mill Town",21179,0.1958 
"45","00602","U","SC","York County (East & South)--Fort Mill Town",87011,0.8042 
"45","00700","R","SC","Chester, Fairfield & Lancaster Counties",76297,0.5112 
"45","00700","U","SC","Chester, Fairfield & Lancaster Counties",72961,0.4888 
"45","00800","R","SC","Laurens, Newberry & Union Counties",86131,0.65 
"45","00800","U","SC","Laurens, Newberry & Union Counties",46371,0.35 
"45","00901","R","SC","Anderson (Central & Northeast) County--Anderson City",36745,0.2969 
"45","00901","U","SC","Anderson (Central & Northeast) County--Anderson City",87001,0.7031 
"45","01001","R","SC","Abbeville & Anderson (South) Counties--Belton City",67305,0.6455 
"45","01001","U","SC","Abbeville & Anderson (South) Counties--Belton City",36962,0.3545 
"45","01100","R","SC","Edgefield, Greenwood, McCormick & Saluda Counties",78212,0.6338 
"45","01100","U","SC","Edgefield, Greenwood, McCormick & Saluda Counties",45184,0.3662 
"45","01200","R","SC","Aiken County--Aiken & North Augusta Cities",62492,0.3702 
"45","01200","U","SC","Aiken County--Aiken & North Augusta Cities",106316,0.6298 
"45","01301","R","SC","Lexington (North and East) County--Irmo (West) & West Columbia Cities",20846,0.1333 
"45","01301","U","SC","Lexington (North and East) County--Irmo (West) & West Columbia Cities",135495,0.8667 
"45","01302","R","SC","Lexington (South & West) County and Cayce",53106,0.3858 
"45","01302","U","SC","Lexington (South & West) County and Cayce",84544,0.6142 
"45","01401","R","SC","Richland County (Northwest and North Central)--Irmo (East) and Blythewood Cities",13710,0.1122 
"45","01401","U","SC","Richland County (Northwest and North Central)--Irmo (East) and Blythewood Cities",108483,0.8878 
"45","01402","R","SC","Richland County (Central)--Columbia City",635,0.0053 
"45","01402","U","SC","Richland County (Central)--Columbia City",119146,0.9947 
"45","01403","R","SC","Richland County (South & Central)--Forest Acres & Dentsville Cities",16841,0.1647 
"45","01403","U","SC","Richland County (South & Central)--Forest Acres & Dentsville Cities",85382,0.8353 
"45","01501","R","SC","Richland (Northeast and North Central) & Kershaw Counties",38970,0.2837 
"45","01501","U","SC","Richland (Northeast and North Central) & Kershaw Counties",98383,0.7163 
"45","01600","R","SC","Chesterfield, Darlington & Marlboro Counties",89313,0.6723 
"45","01600","U","SC","Chesterfield, Darlington & Marlboro Counties",43532,0.3277 
"45","01700","R","SC","Lee & Sumter Counties",53262,0.4363 
"45","01700","U","SC","Lee & Sumter Counties",68825,0.5637 
"45","01800","R","SC","Barnwell, Calhoun & Orangeburg Counties",89859,0.7556 
"45","01800","U","SC","Barnwell, Calhoun & Orangeburg Counties",29072,0.2444 
"45","01901","R","SC","Allendale, Bamberg, Colleton, Hampton & Beaufort (East) Counties--Port Royal Cities",92851,0.6006 
"45","01901","U","SC","Allendale, Bamberg, Colleton, Hampton & Beaufort (East) Counties--Port Royal Cities",61744,0.3994 
"45","02001","R","SC","Jasper and Beaufort (West) Counties--Bluffton and Hilton Head Cities",36908,0.264 
"45","02001","U","SC","Jasper and Beaufort (West) Counties--Bluffton and Hilton Head Cities",102920,0.736 
"45","02100","R","SC","Dorchester County",23776,0.1472 
"45","02100","U","SC","Dorchester County",137764,0.8528 
"45","02201","R","SC","Berkeley (North & East) County--Moncks Corner City",48510,0.4741 
"45","02201","U","SC","Berkeley (North & East) County--Moncks Corner City",53806,0.5259 
"45","02202","R","SC","Berkeley (South) County--Goose Creek &portions of Charleston Cities",2220,0.0174 
"45","02202","U","SC","Berkeley (South) County--Goose Creek &portions of Charleston Cities",125325,0.9826 
"45","02301","R","SC","Charleston (West) County--Kiawah Island & Charleston Cities",28450,0.1883 
"45","02301","U","SC","Charleston (West) County--Kiawah Island & Charleston Cities",122664,0.8117 
"45","02302","R","SC","Charleston (North) County--North Charleston City",2820,0.019 
"45","02302","U","SC","Charleston (North) County--North Charleston City",145818,0.981 
"45","02303","R","SC","Charleston (Northeast) County--Mount Pleasant Town",5716,0.0527 
"45","02303","U","SC","Charleston (Northeast) County--Mount Pleasant Town",102767,0.9473 
"45","02400","R","SC","Clarendon, Georgetown & Williamsburg Counties",79146,0.6303 
"45","02400","U","SC","Clarendon, Georgetown & Williamsburg Counties",46428,0.3697 
"45","02500","R","SC","Florence County",53739,0.3921 
"45","02500","U","SC","Florence County",83320,0.6079 
"45","02601","R","SC","Dillon, Marion and Horry (North) Counties--Loris City",83362,0.7803 
"45","02601","U","SC","Dillon, Marion and Horry (North) Counties--Loris City",23471,0.2197 
"45","02701","R","SC","Horry (Central and North) County--North Myrtle Beach City",30519,0.2179 
"45","02701","U","SC","Horry (Central and North) County--North Myrtle Beach City",109522,0.7821 
"45","02702","R","SC","Horry (Central and South) County--Myrtle Beach City",8912,0.0551 
"45","02702","U","SC","Horry (Central and South) County--Myrtle Beach City",152718,0.9449 
"46","00100","R","SD","West South Dakota--Rapid City",55666,0.2968 
"46","00100","U","SD","West South Dakota--Rapid City",131883,0.7032 
"46","00200","R","SD","Lakota Region",85767,0.8532 
"46","00200","U","SD","Lakota Region",14755,0.1468 
"46","00300","R","SD","Northeast South Dakota",83935,0.6332 
"46","00300","U","SD","Northeast South Dakota",48625,0.3668 
"46","00400","R","SD","Jackrabbit Region",74391,0.5543 
"46","00400","U","SD","Jackrabbit Region",59827,0.4457 
"46","00501","R","SD","Southeast South Dakota (Outside Sioux Falls City)",78619,0.5491 
"46","00501","U","SD","Southeast South Dakota (Outside Sioux Falls City)",64571,0.4509 
"46","00601","R","SD","Sioux Falls City",942,0.005 
"46","00601","U","SD","Sioux Falls City",187686,0.995 
"47","00100","R","TN","Dyer, Weakely and Obion Counties--Dyersburg, Union City and Martin cities",67463,0.6276 
"47","00100","U","TN","Dyer, Weakely and Obion Counties--Dyersburg, Union City and Martin cities",40032,0.3724 
"47","00200","R","TN","Henry, Carol & Humphreys Counties--Paris city",101966,0.8683 
"47","00200","U","TN","Henry, Carol & Humphreys Counties--Paris city",15467,0.1317 
"47","00301","R","TN","Montgomery County--Clarksville city (South)",36954,0.3494 
"47","00301","U","TN","Montgomery County--Clarksville city (South)",68823,0.6506 
"47","00302","R","TN","Clarksville city (North)",2070,0.0181 
"47","00302","U","TN","Clarksville city (North)",112222,0.9819 
"47","00401","R","TN","Robertson & Sumner Counties--Springfield & Portland cities",81479,0.5455 
"47","00401","U","TN","Robertson & Sumner Counties--Springfield & Portland cities",67888,0.4545 
"47","00501","R","TN","Hendersonville, Gallatin & Goodlettsville cities",6686,0.0558 
"47","00501","U","TN","Hendersonville, Gallatin & Goodlettsville cities",113031,0.9442 
"47","00600","R","TN","Macon, Dekalb & Cannon Counties",91939,0.8931 
"47","00600","U","TN","Macon, Dekalb & Cannon Counties",10999,0.1069 
"47","00700","R","TN","Putnam & Overton Counties--Cookeville city",65858,0.5729 
"47","00700","U","TN","Putnam & Overton Counties--Cookeville city",49089,0.4271 
"47","00800","R","TN","Campbell, Claiborne & Scott Counties",90328,0.7551 
"47","00800","U","TN","Campbell, Claiborne & Scott Counties",29301,0.2449 
"47","00900","R","TN","Greene & Hawkins Counties--Greenville town",82443,0.6498 
"47","00900","U","TN","Greene & Hawkins Counties--Greenville town",44430,0.3502 
"47","01000","R","TN","Sullivan County--Kingsport & Bristol cities",41970,0.2654 
"47","01000","U","TN","Sullivan County--Kingsport & Bristol cities",116193,0.7346 
"47","01101","R","TN","Washington (South) & Carter Counties--Elizabethton city",62226,0.5884 
"47","01101","U","TN","Washington (South) & Carter Counties--Elizabethton city",43536,0.4116 
"47","01201","R","TN","Washington County--Johnson City",22164,0.1855 
"47","01201","U","TN","Washington County--Johnson City",97307,0.8145 
"47","01300","R","TN","Hamblen, Jefferson & Grainger Counties--Morristown city",75939,0.5321 
"47","01300","U","TN","Hamblen, Jefferson & Grainger Counties--Morristown city",66770,0.4679 
"47","01400","R","TN","Sevier & Cocke Counties--Sevierville city",76942,0.5726 
"47","01400","U","TN","Sevier & Cocke Counties--Sevierville city",57437,0.4274 
"47","01501","R","TN","Knoxville city (Central)",151,0.0011 
"47","01501","U","TN","Knoxville city (Central)",133396,0.9989 
"47","01502","R","TN","Knox County (Southwest)",2096,0.0203 
"47","01502","U","TN","Knox County (Southwest)",101091,0.9797 
"47","01503","R","TN","Knox County (Northwest)",4435,0.0359 
"47","01503","U","TN","Knox County (Northwest)",119014,0.9641 
"47","01504","R","TN","Knox County (North, East & South)",37351,0.3144 
"47","01504","U","TN","Knox County (North, East & South)",81437,0.6856 
"47","01600","R","TN","Blount County--Maryville & Alcoa cities",50325,0.372 
"47","01600","U","TN","Blount County--Maryville & Alcoa cities",84955,0.628 
"47","01700","R","TN","Anderson, Roane & Morgan Counties--Oak Ridge city",77032,0.5083 
"47","01700","U","TN","Anderson, Roane & Morgan Counties--Oak Ridge city",74530,0.4917 
"47","01800","R","TN","Cumberland, White & Fentress Counties--Crossville city",73133,0.6836 
"47","01800","U","TN","Cumberland, White & Fentress Counties--Crossville city",33852,0.3164 
"47","01900","R","TN","Wilson County--Lebanon & Mount Juliet cities",52060,0.3524 
"47","01900","U","TN","Wilson County--Lebanon & Mount Juliet cities",95677,0.6476 
"47","02001","R","TN","Murfreesboro city",474,0.0036 
"47","02001","U","TN","Murfreesboro city",132633,0.9964 
"47","02002","R","TN","Rutherford County--Smyrna town & La Vergne city",4453,0.0422 
"47","02002","U","TN","Rutherford County--Smyrna town & La Vergne city",101079,0.9578 
"47","02003","R","TN","Rutherford County (North, East and South)",49588,0.4822 
"47","02003","U","TN","Rutherford County (North, East and South)",53259,0.5178 
"47","02101","R","TN","Williamson County--Brentwood & Franklin cities, Nolensville town (west)",5193,0.0388 
"47","02101","U","TN","Williamson County--Brentwood & Franklin cities, Nolensville town (west)",128655,0.9612 
"47","02102","R","TN","Williamson County--Thompson Station town & Fairview city",40988,0.3599 
"47","02102","U","TN","Williamson County--Thompson Station town & Fairview city",72890,0.6401 
"47","02200","R","TN","Maury County--Columbia & Spring Hill cities",37847,0.3748 
"47","02200","U","TN","Maury County--Columbia & Spring Hill cities",63127,0.6252 
"47","02300","R","TN","Dickson, Cheatham & Hickman Counties",103769,0.8625 
"47","02300","U","TN","Dickson, Cheatham & Hickman Counties",16543,0.1375 
"47","02401","U","TN","Nashville/Davidson County--Downtown, East & North Nashville",146254,1 
"47","02402","R","TN","Nashville/Davidson County--South & Southeast Nashville",1183,0.0094 
"47","02402","U","TN","Nashville/Davidson County--South & Southeast Nashville",124606,0.9906 
"47","02403","R","TN","Nashville/Davidson County--Donelson, Hermitage & Old Hickory",757,0.0076 
"47","02403","U","TN","Nashville/Davidson County--Donelson, Hermitage & Old Hickory",99312,0.9924 
"47","02404","R","TN","Nashville/Davidson County (North)",13920,0.1355 
"47","02404","U","TN","Nashville/Davidson County (North)",88813,0.8645 
"47","02405","R","TN","Nashville/Davidson County--Antioch, South Nashville",682,0.0066 
"47","02405","U","TN","Nashville/Davidson County--Antioch, South Nashville",102819,0.9934 
"47","02406","R","TN","Nashville/Davidson County--West Nashville, Green Hills & Bellevue",5955,0.0433 
"47","02406","U","TN","Nashville/Davidson County--West Nashville, Green Hills & Bellevue",131583,0.9567 
"47","02501","U","TN","Memphis City (Central Riverside)",129770,1 
"47","02502","U","TN","Memphis City (Central Midtown)",127323,1 
"47","02503","R","TN","Memphis (North) & Bartlett (Southwest) cities",722,0.0065 
"47","02503","U","TN","Memphis (North) & Bartlett (Southwest) cities",110323,0.9935 
"47","02504","R","TN","Shelby County (North)--Bartlett (North & East), Millington & Lakeland cities",20933,0.1877 
"47","02504","U","TN","Shelby County (North)--Bartlett (North & East), Millington & Lakeland cities",90593,0.8123 
"47","02505","R","TN","Shelby County (East)--Memphis city (East) & Arlington town (South)",7926,0.0725 
"47","02505","U","TN","Shelby County (East)--Memphis city (East) & Arlington town (South)",101324,0.9275 
"47","02506","R","TN","Shelby County (Southeast)--Collierville town & Germantown city",1734,0.0134 
"47","02506","U","TN","Shelby County (Southeast)--Collierville town & Germantown city",127561,0.9866 
"47","02507","U","TN","Memphis City (Southeast)",104135,1 
"47","02508","R","TN","Memphis City (Southwest)",322,0.003 
"47","02508","U","TN","Memphis City (Southwest)",107078,0.997 
"47","02600","R","TN","Tipton & Fayette Counties",72005,0.6993 
"47","02600","U","TN","Tipton & Fayette Counties",30955,0.3007 
"47","02700","R","TN","Gibson, Lauderdale & Haywood Counties--Brownsville city",76066,0.7086 
"47","02700","U","TN","Gibson, Lauderdale & Haywood Counties--Brownsville city",31281,0.2914 
"47","02800","R","TN","Madison & Chester Counties--Jackson city",37449,0.3224 
"47","02800","U","TN","Madison & Chester Counties--Jackson city",78715,0.6776 
"47","02900","R","TN","Henderson, Hardin & McNairy Counties",96970,0.8257 
"47","02900","U","TN","Henderson, Hardin & McNairy Counties",20466,0.1743 
"47","03000","R","TN","Lawrence, Giles & Wayne Counties--Lawrenceburg city",91848,0.8224 
"47","03000","U","TN","Lawrence, Giles & Wayne Counties--Lawrenceburg city",19837,0.1776 
"47","03100","R","TN","Bedford, Lincoln & Marshall Counties--Shelbyville & Lewisburg cities",75268,0.6279 
"47","03100","U","TN","Bedford, Lincoln & Marshall Counties--Shelbyville & Lewisburg cities",44606,0.3721 
"47","03200","R","TN","Coffee, Franklin & Moore Counties--Tullahoma & Manchester cities",62172,0.5804 
"47","03200","U","TN","Coffee, Franklin & Moore Counties--Tullahoma & Manchester cities",44952,0.4196 
"47","03300","R","TN","Warren, Marion & Sequatchie Counties--McMinnville city",87106,0.8271 
"47","03300","U","TN","Warren, Marion & Sequatchie Counties--McMinnville city",18207,0.1729 
"47","03401","R","TN","Chattanooga city (South & Central)",62,0.0005 
"47","03401","U","TN","Chattanooga city (South & Central)",119330,0.9995 
"47","03402","R","TN","Hamilton County (South)--Chattanooga (North) & Red Bank cities",1945,0.0168 
"47","03402","U","TN","Hamilton County (South)--Chattanooga (North) & Red Bank cities",113849,0.9832 
"47","03403","R","TN","Hamilton County (North)--Soddy-Daisy city",43791,0.3342 
"47","03403","U","TN","Hamilton County (North)--Soddy-Daisy city",87230,0.6658 
"47","03500","R","TN","McMinn, Rhea & Bledsoe Counties--Athens city",83704,0.7354 
"47","03500","U","TN","McMinn, Rhea & Bledsoe Counties--Athens city",30113,0.2646 
"47","03600","R","TN","Bradley & Polk Counties--Cleveland city",52246,0.4141 
"47","03600","U","TN","Bradley & Polk Counties--Cleveland city",73918,0.5859 
"47","03700","R","TN","Loudon & Monroe Counties--Lenoir City",53470,0.5287 
"47","03700","U","TN","Loudon & Monroe Counties--Lenoir City",47666,0.4713 
"48","00100","R","TX","Panhandle Regional Planning Commission--Outside Potter & Randall Counties",93949,0.5366 
"48","00100","U","TX","Panhandle Regional Planning Commission--Outside Potter & Randall Counties",81131,0.4634 
"48","00200","R","TX","Panhandle Regional Planning Commission (Potter County)--Amarillo City (North)",13351,0.1126 
"48","00200","U","TX","Panhandle Regional Planning Commission (Potter County)--Amarillo City (North)",105174,0.8874 
"48","00300","R","TX","Panhandle Regional Planning Commission (Randall County)--Amarillo City (South)",23896,0.1698 
"48","00300","U","TX","Panhandle Regional Planning Commission (Randall County)--Amarillo City (South)",116857,0.8302 
"48","00400","R","TX","South Plains Association of Governments--Outside Lubbock County",66860,0.552 
"48","00400","U","TX","South Plains Association of Governments--Outside Lubbock County",54265,0.448 
"48","00501","U","TX","South Plains Association of Governments--Lubbock County, Lubbock City (Central)",156648,1 
"48","00502","R","TX","South Plains Association of Governments--Lubbock County, Lubbock City (Outer)",32681,0.2122 
"48","00502","U","TX","South Plains Association of Governments--Lubbock County, Lubbock City (Outer)",121310,0.7878 
"48","00600","R","TX","North Texas Regional Planning Commission--Outside Wichita County & Wise County",124965,0.8006 
"48","00600","U","TX","North Texas Regional Planning Commission--Outside Wichita County & Wise County",31125,0.1994 
"48","00700","R","TX","North Texas Regional Planning Commission (Wichita County)--Wichita Falls City",16490,0.1275 
"48","00700","U","TX","North Texas Regional Planning Commission (Wichita County)--Wichita Falls City",112860,0.8725 
"48","00800","R","TX","Texoma COG--Grayson, Cooke & Fannin Counties",117627,0.5526 
"48","00800","U","TX","Texoma COG--Grayson, Cooke & Fannin Counties",95246,0.4474 
"48","00900","R","TX","Hunt & Rockwall Counties--Rockwall, Greenville & Dallas (Far Northeast) Cities",76109,0.3663 
"48","00900","U","TX","Hunt & Rockwall Counties--Rockwall, Greenville & Dallas (Far Northeast) Cities",131666,0.6337 
"48","01000","R","TX","Ark-Tex COG (West)",100877,0.6414 
"48","01000","U","TX","Ark-Tex COG (West)",56394,0.3586 
"48","01100","R","TX","Ark-Tex COG (East)--Bowie & Cass Counties",58170,0.4794 
"48","01100","U","TX","Ark-Tex COG (East)--Bowie & Cass Counties",63177,0.5206 
"48","01200","R","TX","East Texas COG (Northeast)--Harrison, Upshur & Marion Counties",80517,0.674 
"48","01200","U","TX","East Texas COG (Northeast)--Harrison, Upshur & Marion Counties",38939,0.326 
"48","01300","R","TX","East Texas COG (Northwest)--Van Zandt, Wood, Camp & Rains Counties",123313,0.9558 
"48","01300","U","TX","East Texas COG (Northwest)--Van Zandt, Wood, Camp & Rains Counties",5699,0.0442 
"48","01400","R","TX","Kaufman County",60917,0.4192 
"48","01400","U","TX","Kaufman County",84393,0.5808 
"48","01501","R","TX","East Texas COG (Central)--Smith County (Outside Tyler City)",74776,0.6561 
"48","01501","U","TX","East Texas COG (Central)--Smith County (Outside Tyler City)",39197,0.3439 
"48","01502","R","TX","East Texas COG (Central)--Smith County (West) (Tyler City)",6766,0.0566 
"48","01502","U","TX","East Texas COG (Central)--Smith County (West) (Tyler City)",112740,0.9434 
"48","01600","R","TX","East Texas COG (Central)--Gregg County (Longview City)",16723,0.1346 
"48","01600","U","TX","East Texas COG (Central)--Gregg County (Longview City)",107516,0.8654 
"48","01700","R","TX","East Texas COG (Southeast)--Rusk, Cherokee & Panola Counties",86150,0.6886 
"48","01700","U","TX","East Texas COG (Southeast)--Rusk, Cherokee & Panola Counties",38967,0.3114 
"48","01800","R","TX","East Texas COG (Southwest)--Henderson & Anderson Counties",93480,0.6674 
"48","01800","U","TX","East Texas COG (Southwest)--Henderson & Anderson Counties",46592,0.3326 
"48","01901","U","TX","Collin County (Southwest)--Dallas (North), Plano (South) & Richardson (North) Cities PUM",134556,1 
"48","01902","U","TX","Collin County (Southwest)--Plano City (West)",120540,1 
"48","01903","U","TX","Collin County (Southwest)--Plano City (Central)",107033,1 
"48","01904","R","TX","Collin County (South Central)--Allen, Murphy, Plano (East) & Parker Cities",1637,0.0108 
"48","01904","U","TX","Collin County (South Central)--Allen, Murphy, Plano (East) & Parker Cities",149668,0.9892 
"48","01905","R","TX","Collin County (Central)--McKinney City",433,0.0028 
"48","01905","U","TX","Collin County (Central)--McKinney City",156692,0.9972 
"48","01907","R","TX","Collin County (East)",52921,0.2793 
"48","01907","U","TX","Collin County (East)",136578,0.7207 
"48","01908","R","TX","Collin County (Northwest)--Celina City & Prosper Town",10469,0.1035 
"48","01908","U","TX","Collin County (Northwest)--Celina City & Prosper Town",90678,0.8965 
"48","01909","U","TX","Collin County (Northwest)--Frisco City (East)",103260,1 
"48","02001","U","TX","Denton County (Far Southeast)--Carrollton (North) & Dallas (North) Cities",132680,1 
"48","02002","R","TX","Denton County (Southeast)--Lewisville City",517,0.0044 
"48","02002","U","TX","Denton County (Southeast)--Lewisville City",116746,0.9956 
"48","02003","R","TX","Denton County (South Central)--Flower Mound Town & Highland Village City",16074,0.1052 
"48","02003","U","TX","Denton County (South Central)--Flower Mound Town & Highland Village City",136722,0.8948 
"48","02004","R","TX","Denton County (East Central)--Frisco (West), The Colony & Little Elm Cities",261,0.0014 
"48","02004","U","TX","Denton County (East Central)--Frisco (West), The Colony & Little Elm Cities",186741,0.9986 
"48","02005","R","TX","Denton County (Central)--Denton (Central) & Corinth Cities",560,0.0044 
"48","02005","U","TX","Denton County (Central)--Denton (Central) & Corinth Cities",125904,0.9956 
"48","02006","R","TX","Denton County (North & West)--Denton City (Outer)",47884,0.2517 
"48","02006","U","TX","Denton County (North & West)--Denton City (Outer)",142333,0.7483 
"48","02101","R","TX","Ellis County",59073,0.3069 
"48","02101","U","TX","Ellis County",133382,0.6931 
"48","02102","R","TX","Johnson County",83617,0.4647 
"48","02102","U","TX","Johnson County",96310,0.5353 
"48","02200","R","TX","North Central Texas COG (West)--Hood, Erath, Palo Pinto & Somervell Counties",70517,0.4974 
"48","02200","U","TX","North Central Texas COG (West)--Hood, Erath, Palo Pinto & Somervell Counties",71240,0.5026 
"48","02301","R","TX","Dallas County (Northeast)--Rowlett & Garland (Northeast) Cities",857,0.0074 
"48","02301","U","TX","Dallas County (Northeast)--Rowlett & Garland (Northeast) Cities",114274,0.9926 
"48","02302","U","TX","Dallas County (Northeast)--Garland City (South)",105855,1 
"48","02303","R","TX","Dallas County (East)--Mesquite City (Central & Southeast)",2858,0.0222 
"48","02303","U","TX","Dallas County (East)--Mesquite City (Central & Southeast)",125729,0.9778 
"48","02304","R","TX","Dallas County (Southeast)--Dallas City (Southeast)",6247,0.0511 
"48","02304","U","TX","Dallas County (Southeast)--Dallas City (Southeast)",115965,0.9489 
"48","02305","U","TX","Dallas (East) & Mesquite (West) Cities--South of I-30 & West of I-635",137067,1 
"48","02306","U","TX","Dallas (Northeast) & Mesquite (North) Cities--North of I-30 & West of I-635",129335,1 
"48","02307","U","TX","Dallas City (Northeast)--East of US-75",126484,1 
"48","02308","U","TX","Dallas County (Northeast)--Garland (Northwest) & Richardson (East) Cities",114899,1 
"48","02309","U","TX","Dallas (Far North) & Richardson (Southwest) Cities",113717,1 
"48","02310","U","TX","Dallas (Far North)--Carrollton (Southeast) Cities & Addison Town, North of I-635",114977,1 
"48","02311","U","TX","Dallas City (North)--South of I-635 & West of US-75",113225,1 
"48","02312","U","TX","Dallas (West Central), University Park Cities & Highland Park Town",114098,1 
"48","02313","U","TX","Dallas City (Downtown)--North of I-30",134056,1 
"48","02314","R","TX","Dallas City (East Central)--South of I-30 & East of I-35E",132,0.001 
"48","02314","U","TX","Dallas City (East Central)--South of I-30 & East of I-35E",125857,0.999 
"48","02315","U","TX","Dallas City (West Central)--East of Loop TX-12 & West of I-35E",109022,1 
"48","02316","U","TX","Dallas City (South Central)--North of I-20 & West of I-35E",103887,1 
"48","02317","R","TX","Dallas County (South)--DeSoto & Lancaster Cities",1768,0.0152 
"48","02317","U","TX","Dallas County (South)--DeSoto & Lancaster Cities",114288,0.9848 
"48","02318","R","TX","Dallas County (Southwest)--Cedar Hill & Duncanville Cities",2872,0.0254 
"48","02318","U","TX","Dallas County (Southwest)--Cedar Hill & Duncanville Cities",110130,0.9746 
"48","02319","R","TX","Dallas County (West)--Grand Prairie (Central) & Dallas (Southwest) Cities",160,0.0014 
"48","02319","U","TX","Dallas County (West)--Grand Prairie (Central) & Dallas (Southwest) Cities",114467,0.9986 
"48","02320","R","TX","Dallas County (West)--Irving (South) & Grand Prairie (North) Cities",219,0.0019 
"48","02320","U","TX","Dallas County (West)--Irving (South) & Grand Prairie (North) Cities",115098,0.9981 
"48","02321","U","TX","Dallas County (Northwest)--Irving (Central) & Dallas (Northwest) Cities",117195,1 
"48","02322","U","TX","Dallas County (Northwest)--Irving (North), Coppell & Carrollton (Southwest) Cities",128801,1 
"48","02400","R","TX","Parker County",95378,0.6435 
"48","02400","U","TX","Parker County",52844,0.3565 
"48","02501","R","TX","Tarrant County (Northeast)--Grapevine, Southlake & Colleyville Cities",107,0.0009 
"48","02501","U","TX","Tarrant County (Northeast)--Grapevine, Southlake & Colleyville Cities",121130,0.9991 
"48","02502","R","TX","Tarrant County (East)--Euless (South & West) & Arlington (North) Cities",34,0.0002 
"48","02502","U","TX","Tarrant County (East)--Euless (South & West) & Arlington (North) Cities",136380,0.9998 
"48","02503","U","TX","Tarrant County (East)--Arlington (East) & Grand Prairie (West Central) Cities",136796,1 
"48","02504","U","TX","Tarrant County (Southeast)--Arlington (Southeast) & Grand Prairie (Southwest) Cities PUM",116980,1 
"48","02505","R","TX","Tarrant County (Southeast)--Mansfield (North) & Arlington (Southwest) Cities",679,0.0054 
"48","02505","U","TX","Tarrant County (Southeast)--Mansfield (North) & Arlington (Southwest) Cities",124473,0.9946 
"48","02506","R","TX","Tarrant County (South Central)--Fort Worth City (Southeast)-South of I-20",7625,0.0565 
"48","02506","U","TX","Tarrant County (South Central)--Fort Worth City (Southeast)-South of I-20",127234,0.9435 
"48","02507","U","TX","Tarrant County (East)--Arlington City (West)-South of I-30 & East of Loop I-820",121038,1 
"48","02508","U","TX","Fort Worth City (East Central)-South of I-30, East of I-35W & Inside Loop I-820",119054,1 
"48","02509","R","TX","Fort Worth (Northeast)--Hurst (South) Cities, North of I-30",97,0.0007 
"48","02509","U","TX","Fort Worth (Northeast)--Hurst (South) Cities, North of I-30",146313,0.9993 
"48","02510","U","TX","Tarrant County (North)--North Richland Hills (North) & Keller Cities",125530,1 
"48","02511","U","TX","Fort Worth City (North)--East of I-35W & West of US-377",130477,1 
"48","02512","U","TX","Fort Worth City (North Central) & Haltom City (North)--Inside Loop I-820",114919,1 
"48","02513","U","TX","Fort Worth City (South Central) & Edgecliff Village Town",131615,1 
"48","02514","R","TX","Tarrant County (Southwest)--Fort Worth (Southwest) & Benbrook Cities",7704,0.0521 
"48","02514","U","TX","Tarrant County (Southwest)--Fort Worth (Southwest) & Benbrook Cities",140174,0.9479 
"48","02515","R","TX","Tarrant County (West)--Fort Worth City (West)",2570,0.0212 
"48","02515","U","TX","Tarrant County (West)--Fort Worth City (West)",118595,0.9788 
"48","02516","R","TX","Tarrant County (Northwest)--Fort Worth (Northwest) & Saginaw Cities",7106,0.0392 
"48","02516","U","TX","Tarrant County (Northwest)--Fort Worth (Northwest) & Saginaw Cities",174010,0.9608 
"48","02600","R","TX","West Central Texas COG (Outside Taylor County)",130740,0.6913 
"48","02600","U","TX","West Central Texas COG (Outside Taylor County)",58374,0.3087 
"48","02700","R","TX","West Central Texas COG--Taylor County, Abilene City",25070,0.1751 
"48","02700","U","TX","West Central Texas COG--Taylor County, Abilene City",118138,0.8249 
"48","02900","R","TX","Concho Valley COG--Tom Green County, San Angelo City",20021,0.1668 
"48","02900","U","TX","Concho Valley COG--Tom Green County, San Angelo City",99982,0.8332 
"48","03000","R","TX","Permian Basin Regional Planning Commission (Central)--Midland County, Midland City",23324,0.1372 
"48","03000","U","TX","Permian Basin Regional Planning Commission (Central)--Midland County, Midland City",146659,0.8628 
"48","03100","R","TX","Permian Basin Regional Planning Commission (Central)--Ector County, Odessa City",15015,0.0909 
"48","03100","U","TX","Permian Basin Regional Planning Commission (Central)--Ector County, Odessa City",150156,0.9091 
"48","03305","R","TX","El Paso City (North)",1732,0.013 
"48","03305","U","TX","El Paso City (North)",131391,0.987 
"48","03306","R","TX","El Paso City (Northwest)",3762,0.0258 
"48","03306","U","TX","El Paso City (Northwest)",141796,0.9742 
"48","03307","R","TX","El Paso County (Outside El Paso City)--Horizon City",27197,0.1986 
"48","03307","U","TX","El Paso County (Outside El Paso City)--Horizon City",109736,0.8014 
"48","03308","U","TX","El Paso City (East)",183228,1 
"48","03309","R","TX","El Paso City (Southeast)--Socorro City",2140,0.0177 
"48","03309","U","TX","El Paso City (Southeast)--Socorro City",118928,0.9823 
"48","03310","U","TX","El Paso City (Central)",145747,1 
"48","03400","R","TX","Central Texas COG (West), Burnet & Llano Counties",92681,0.479 
"48","03400","U","TX","Central Texas COG (West), Burnet & Llano Counties",100820,0.521 
"48","03501","R","TX","Central Texas COG--Bell County (West), Killeen & Harker Heights Cities",450,0.0025 
"48","03501","U","TX","Central Texas COG--Bell County (West), Killeen & Harker Heights Cities",181001,0.9975 
"48","03502","R","TX","Central Texas COG--Bell County (North, East & South), Temple & Belton Cities",50294,0.2658 
"48","03502","U","TX","Central Texas COG--Bell County (North, East & South), Temple & Belton Cities",138902,0.7342 
"48","03600","R","TX","Brazos Valley COG (Outside Brazos County) & Milam County",117932,0.7688 
"48","03600","U","TX","Brazos Valley COG (Outside Brazos County) & Milam County",35468,0.2312 
"48","03700","R","TX","Heart of Texas COG--Outside McLennan County & Navarro County",120777,0.7307 
"48","03700","U","TX","Heart of Texas COG--Outside McLennan County & Navarro County",44505,0.2693 
"48","03801","R","TX","Heart of Texas COG--McLennan County-Waco City (Central)",399,0.0037 
"48","03801","U","TX","Heart of Texas COG--McLennan County-Waco City (Central)",108101,0.9963 
"48","03802","R","TX","Heart of Texas COG--McLennan County-Waco (Outer), Hewitt & Robinson Cities",62197,0.409 
"48","03802","U","TX","Heart of Texas COG--McLennan County-Waco (Outer), Hewitt & Robinson Cities",89882,0.591 
"48","03900","R","TX","Deep East Texas COG (West) & Walker County",134651,0.7102 
"48","03900","U","TX","Deep East Texas COG (West) & Walker County",54942,0.2898 
"48","04000","R","TX","Deep East Texas COG (Central)--Angelina & Nacogdoches Counties",75765,0.5016 
"48","04000","U","TX","Deep East Texas COG (Central)--Angelina & Nacogdoches Counties",75283,0.4984 
"48","04100","R","TX","Deep East Texas COG (East) & Jasper County",94403,0.8837 
"48","04100","U","TX","Deep East Texas COG (East) & Jasper County",12426,0.1163 
"48","04200","R","TX","Orange & Hardin Counties",59110,0.4191 
"48","04200","U","TX","Orange & Hardin Counties",81929,0.5809 
"48","04301","R","TX","Jefferson County (North Central)--Beaumont City",1446,0.0126 
"48","04301","U","TX","Jefferson County (North Central)--Beaumont City",113562,0.9874 
"48","04302","R","TX","Jefferson County (Outside Beaumont City)--Port Arthur City",23814,0.1683 
"48","04302","U","TX","Jefferson County (Outside Beaumont City)--Port Arthur City",117704,0.8317 
"48","04400","R","TX","Houston-Galveston Area Council--Liberty & Chambers Counties",96091,0.6953 
"48","04400","U","TX","Houston-Galveston Area Council--Liberty & Chambers Counties",42108,0.3047 
"48","04501","R","TX","Houston-Galveston Area Council--Montgomery County (Northeast), Conroe City (East)",72404,0.4165 
"48","04501","U","TX","Houston-Galveston Area Council--Montgomery County (Northeast), Conroe City (East)",101444,0.5835 
"48","04502","R","TX","Houston-Galveston Area Council--Montgomery County (West), Conroe City (West)",52298,0.3088 
"48","04502","U","TX","Houston-Galveston Area Council--Montgomery County (West), Conroe City (West)",117087,0.6912 
"48","04503","R","TX","Houston-Galveston Area Council--Montgomery County (South), The Woodlands (North)",38,0.0003 
"48","04503","U","TX","Houston-Galveston Area Council--Montgomery County (South), The Woodlands (North)",118532,0.9997 
"48","04504","R","TX","Houston-Galveston Area Council--Montgomery County (Southeast)",17194,0.1084 
"48","04504","U","TX","Houston-Galveston Area Council--Montgomery County (Southeast)",141446,0.8916 
"48","04601","U","TX","Houston City (North Central)--North of I-10 & Inside Loop I-610",120759,1 
"48","04602","U","TX","Houston City (East Central)--East of I-45 & Inside Loop I-610",113181,1 
"48","04603","U","TX","Houston City (South Central)--South of US-59, West of I-45 & Inside Loop I-610",133134,1 
"48","04604","U","TX","Houston City (West Central)--South of I-10 & Inside Loop I-610",153502,1 
"48","04605","U","TX","Harris County (Southeast)--Pasadena City (North & Central)-Inside Beltway TX-8",116402,1 
"48","04606","U","TX","Houston (East), Galena Park, Jacinto Cities & Cloverleaf",112087,1 
"48","04607","R","TX","Houston City (Northeast)--Between Loop I-610 & Beltway TX-8",1492,0.0115 
"48","04607","U","TX","Houston City (Northeast)--Between Loop I-610 & Beltway TX-8",128147,0.9885 
"48","04608","U","TX","Houston City (North) & Aldine--Between Loop I-610 & Beltway TX-8",103320,1 
"48","04609","U","TX","Houston City (North)--South of Aldine & Inside Beltway TX-8",129596,1 
"48","04610","U","TX","Houston City (North)--West of Aldine & Inside Beltway TX-8",114161,1 
"48","04611","U","TX","Houston City (Northwest)--Between Loop I-610 & Beltway TX-8",109145,1 
"48","04612","U","TX","Houston (West) & Spring Valley Village Cities--Between Loop I-610 & Beltway TX-8",107527,1 
"48","04613","U","TX","Houston (West) & Hunters Creek Village Cities--Between Loop I-610 & Beltway TX-8",120576,1 
"48","04614","U","TX","Houston City (West)--Westpark Tollway, Between Loop I-610 & Beltway TX-8",110884,1 
"48","04615","U","TX","Houston (Southwest) & Bellaire (Southeast) Cities--Between Loop I-610 & Beltway TX-8 PUM",105200,1 
"48","04616","U","TX","Houston City (Southwest)--Between Loop I-610 & Beltway TX-8",111447,1 
"48","04617","U","TX","Houston City (South)--Between Loop I-610 & Beltway TX-8",110607,1 
"48","04618","U","TX","Houston City (Southeast)--West of Pasadena City & Outside Loop I-610",120157,1 
"48","04619","U","TX","Houston (Southeast) & South Houston Cities--Inside Beltway TX-8",106098,1 
"48","04620","U","TX","Houston (Southeast) & Webster Cities",115337,1 
"48","04621","R","TX","Houston (Southeast), Pasadena (Southeast), La Porte (South) & Seabrook (East) Cities PUM",311,0.0027 
"48","04621","U","TX","Houston (Southeast), Pasadena (Southeast), La Porte (South) & Seabrook (East) Cities PUM",113431,0.9973 
"48","04622","R","TX","Harris County (East)--Deer Park, La Porte (North) Cities & Channelview",266,0.0022 
"48","04622","U","TX","Harris County (East)--Deer Park, La Porte (North) Cities & Channelview",119449,0.9978 
"48","04623","R","TX","Harris County (East)--Baytown City",6849,0.0547 
"48","04623","U","TX","Harris County (East)--Baytown City",118401,0.9453 
"48","04624","R","TX","Harris County (Northeast)--Houston City (Far Northeast)",18107,0.1361 
"48","04624","U","TX","Harris County (Northeast)--Houston City (Far Northeast)",114974,0.8639 
"48","04625","R","TX","Harris County (North)--Houston (North), Humble Cities & Atascocita",256,0.0018 
"48","04625","U","TX","Harris County (North)--Houston (North), Humble Cities & Atascocita",145094,0.9982 
"48","04626","U","TX","Harris County (North)--Houston City (North)-I-45, Between Beltway TX-8 & FM-1960",138807,1 
"48","04627","R","TX","Harris County (Far North)--Spring",395,0.0028 
"48","04627","U","TX","Harris County (Far North)--Spring",139370,0.9972 
"48","04628","U","TX","Harris County (Northwest)--Jersey Village City-Between Beltway TX-8 & FM-1960",113802,1 
"48","04629","U","TX","Harris County (North)--North of FM-1960, West of I-45 & East of TX-249",127122,1 
"48","04630","R","TX","Harris County (Far North)--Tomball City & The Woodlands (Southwest)",6085,0.0357 
"48","04630","U","TX","Harris County (Far North)--Tomball City & The Woodlands (Southwest)",164267,0.9643 
"48","04631","U","TX","Harris County (Northwest)--North of US-290 & North of FM-1960",131582,1 
"48","04633","U","TX","Harris County (Northwest)--South of US-290 & West of TX-6",111541,1 
"48","04634","R","TX","Harris County (West)--Houston City (West)-North of US-90 & West of TX-6",53,0.0004 
"48","04634","U","TX","Harris County (West)--Houston City (West)-North of US-90 & West of TX-6",123348,0.9996 
"48","04635","R","TX","Houston City (West)--South of I-10 & West of TX-6",22,0.0002 
"48","04635","U","TX","Houston City (West)--South of I-10 & West of TX-6",120295,0.9998 
"48","04636","R","TX","Houston City (West)--East of TX-6 & West of Beltway TX-8",70,0.0006 
"48","04636","U","TX","Houston City (West)--East of TX-6 & West of Beltway TX-8",120683,0.9994 
"48","04637","U","TX","Houston City (West)--Westpark Tollway, West of Beltway TX-8",127234,1 
"48","04638","U","TX","Houston City (Southwest)--East of TX-6 & West of Beltway TX-8",107815,1 
"48","04639","R","TX","Harris County (Far Northwest)",7153,0.0667 
"48","04639","U","TX","Harris County (Far Northwest)",100108,0.9333 
"48","04640","R","TX","Harris County (Far Northwest)--Katy City (Northeast)",12579,0.1128 
"48","04640","U","TX","Harris County (Far Northwest)--Katy City (Northeast)",98917,0.8872 
"48","04701","R","TX","Galveston County (Central, South & East)--Galveston, Texas City & La Marque Cities",12990,0.0745 
"48","04701","U","TX","Galveston County (Central, South & East)--Galveston, Texas City & La Marque Cities",161352,0.9255 
"48","04702","R","TX","Galveston County (Northwest)--League City & Friendswood City",1263,0.0072 
"48","04702","U","TX","Galveston County (Northwest)--League City & Friendswood City",175077,0.9928 
"48","04801","R","TX","Houston-Galveston Area Council--Brazoria County (North), Pearland City",14,0.0001 
"48","04801","U","TX","Houston-Galveston Area Council--Brazoria County (North), Pearland City",136979,0.9999 
"48","04802","R","TX","Houston-Galveston Area Council--Brazoria County (Central), Alvin City",45543,0.3494 
"48","04802","U","TX","Houston-Galveston Area Council--Brazoria County (Central), Alvin City",84817,0.6506 
"48","04803","R","TX","Houston-Galveston Area Council--Brazoria County (Southwest), Lake Jackson City",38505,0.3678 
"48","04803","U","TX","Houston-Galveston Area Council--Brazoria County (Southwest), Lake Jackson City",66173,0.6322 
"48","04901","R","TX","Fort Bend County (East)--Missouri City",229,0.0019 
"48","04901","U","TX","Fort Bend County (East)--Missouri City",119736,0.9981 
"48","04902","R","TX","Fort Bend County (Northeast)--Sugar Land & Stafford Cities",17,0.0001 
"48","04902","U","TX","Fort Bend County (Northeast)--Sugar Land & Stafford Cities",130943,0.9999 
"48","04903","R","TX","Fort Bend County (Central)--Rosenberg City, Pecan Grove & New Territory",1160,0.0094 
"48","04903","U","TX","Fort Bend County (Central)--Rosenberg City, Pecan Grove & New Territory",121823,0.9906 
"48","04904","R","TX","Fort Bend County (North)--Mission Bend (Southwest), Cinco Ranch & Four Corners",20,0.0001 
"48","04904","U","TX","Fort Bend County (North)--Mission Bend (Southwest), Cinco Ranch & Four Corners",175860,0.9999 
"48","04906","R","TX","Fort Bend County (Northwest)",11684,0.0751 
"48","04906","U","TX","Fort Bend County (Northwest)",143866,0.9249 
"48","04907","R","TX","Fort Bend County (South)",26367,0.2245 
"48","04907","U","TX","Fort Bend County (South)",91074,0.7755 
"48","05000","R","TX","Houston-Galveston Area Council (West)",124977,0.6743 
"48","05000","U","TX","Houston-Galveston Area Council (West)",60366,0.3257 
"48","05100","R","TX","Capital Area COG (East)--Bastrop, Caldwell, Fayette & Lee Counties",131942,0.7132 
"48","05100","U","TX","Capital Area COG (East)--Bastrop, Caldwell, Fayette & Lee Counties",53070,0.2868 
"48","05201","R","TX","Capital Area COG--Williamson County (North), Georgetown (East) & Taylor Cities",41011,0.2652 
"48","05201","U","TX","Capital Area COG--Williamson County (North), Georgetown (East) & Taylor Cities",113626,0.7348 
"48","05202","R","TX","Capital Area COG--Williamson County (Southeast), Round Rock City",514,0.0037 
"48","05202","U","TX","Capital Area COG--Williamson County (Southeast), Round Rock City",137635,0.9963 
"48","05203","R","TX","Williamson County (South)--Austin City (Far North), Brushy Creek & Jollyville",49,0.0004 
"48","05203","U","TX","Williamson County (South)--Austin City (Far North), Brushy Creek & Jollyville",136020,0.9996 
"48","05204","R","TX","Capital Area COG--Williamson County (West), Cedar Park & Leander Cities",14167,0.0786 
"48","05204","U","TX","Capital Area COG--Williamson County (West), Cedar Park & Leander Cities",165995,0.9214 
"48","05301","R","TX","Travis County (Northeast)--Pflugerville, Manor Cities & Wells Branch",15051,0.0846 
"48","05301","U","TX","Travis County (Northeast)--Pflugerville, Manor Cities & Wells Branch",162913,0.9154 
"48","05302","R","TX","Austin City (North)",106,0.0009 
"48","05302","U","TX","Austin City (North)",114385,0.9991 
"48","05303","R","TX","Austin City (Northeast)",1491,0.0096 
"48","05303","U","TX","Austin City (Northeast)",154129,0.9904 
"48","05304","R","TX","Austin City (Southeast)",1116,0.0079 
"48","05304","U","TX","Austin City (Southeast)",140771,0.9921 
"48","05305","R","TX","Austin City (Northwest)",2906,0.024 
"48","05305","U","TX","Austin City (Northwest)",118325,0.976 
"48","05306","U","TX","Austin City (Central)",156235,1 
"48","05307","U","TX","Austin City (South)",125784,1 
"48","05308","R","TX","Austin City (Southwest), Lost Creek & Barton Creek",199,0.0016 
"48","05308","U","TX","Austin City (Southwest), Lost Creek & Barton Creek",126114,0.9984 
"48","05309","R","TX","Travis County (West, South & Outside Austin City)",45068,0.2641 
"48","05309","U","TX","Travis County (West, South & Outside Austin City)",125595,0.7359 
"48","05401","R","TX","Capital Area COG (Southwest)--Hays County (West)",59035,0.5611 
"48","05401","U","TX","Capital Area COG (Southwest)--Hays County (West)",46170,0.4389 
"48","05402","R","TX","Capital Area COG (Southwest)--Hays County (East)",12667,0.0932 
"48","05402","U","TX","Capital Area COG (Southwest)--Hays County (East)",123195,0.9068 
"48","05500","R","TX","Golden Crescent Regional Planning Commission (North) & Wilson & Karnes Counties",113884,0.7786 
"48","05500","U","TX","Golden Crescent Regional Planning Commission (North) & Wilson & Karnes Counties",32393,0.2214 
"48","05600","R","TX","Golden Crescent Regional Planning Commission (Southeast)--Victoria & Calhoun Counties PU",33384,0.2996 
"48","05600","U","TX","Golden Crescent Regional Planning Commission (Southeast)--Victoria & Calhoun Counties PU",78041,0.7004 
"48","05700","R","TX","Alamo Area COG (Northeast)--Guadalupe County",42869,0.2482 
"48","05700","U","TX","Alamo Area COG (Northeast)--Guadalupe County",129837,0.7518 
"48","05800","R","TX","Alamo Area COG (Northeast)--Comal County",75278,0.4661 
"48","05800","U","TX","Alamo Area COG (Northeast)--Comal County",86223,0.5339 
"48","05901","U","TX","San Antonio City (Central)",104712,1 
"48","05902","U","TX","San Antonio City (Northeast)--Inside Loop I-410",114671,1 
"48","05903","R","TX","San Antonio City (Southeast)--Inside Loop I-410",330,0.0028 
"48","05903","U","TX","San Antonio City (Southeast)--Inside Loop I-410",115713,0.9972 
"48","05904","U","TX","San Antonio City (Northwest)--Inside Loop I-410",104877,1 
"48","05905","U","TX","San Antonio City (West)--Inside Loop I-410",114681,1 
"48","05906","R","TX","San Antonio City (Southwest)--Inside Loop I-410",44,0.0004 
"48","05906","U","TX","San Antonio City (Southwest)--Inside Loop I-410",117442,0.9996 
"48","05907","R","TX","Bexar County (South)--San Antonio City (Far South)",76136,0.4871 
"48","05907","U","TX","Bexar County (South)--San Antonio City (Far South)",80182,0.5129 
"48","05908","U","TX","San Antonio City (West)--Between Loop TX-1604 & Loop I-410",125562,1 
"48","05909","U","TX","San Antonio (Northwest) & Leon Valley Cities",108463,1 
"48","05910","U","TX","San Antonio City (Northwest)--Between Loop TX-1604 & Loop I-410",121711,1 
"48","05911","U","TX","San Antonio City (North)--Hollywood Park Town & Shavano Park City",120615,1 
"48","05912","U","TX","San Antonio City (Northeast)--Between Loop TX-1604 & Loop I-410",104481,1 
"48","05913","R","TX","San Antonio (Northeast), Kirby & Windcrest Cities",334,0.0025 
"48","05913","U","TX","San Antonio (Northeast), Kirby & Windcrest Cities",134644,0.9975 
"48","05914","R","TX","Bexar County (Northwest)--San Antonio (Far Northwest) & Helotes Cities",12443,0.0638 
"48","05914","U","TX","Bexar County (Northwest)--San Antonio (Far Northwest) & Helotes Cities",182502,0.9362 
"48","05915","R","TX","Bexar County (North)--San Antonio City (Far North) & Timberwood Park",1289,0.0086 
"48","05915","U","TX","Bexar County (North)--San Antonio City (Far North) & Timberwood Park",147829,0.9914 
"48","05916","R","TX","Bexar County (Northeast)--San Antonio (Northeast), Universal City & Converse Cities",4016,0.0333 
"48","05916","U","TX","Bexar County (Northeast)--San Antonio (Northeast), Universal City & Converse Cities",116647,0.9667 
"48","06000","R","TX","Alamo Area COG (Northwest) & Blanco County",72364,0.5361 
"48","06000","U","TX","Alamo Area COG (Northwest) & Blanco County",62612,0.4639 
"48","06100","R","TX","Alamo Area COG (Southwest)",107932,0.7767 
"48","06100","U","TX","Alamo Area COG (Southwest)",31033,0.2233 
"48","06301","U","TX","South Texas Development Council (North)--Webb County, Laredo City (Central)",123681,1 
"48","06302","R","TX","South Texas Development Council-Webb County (North & East)-Laredo City (Outer)",15652,0.1091 
"48","06302","U","TX","South Texas Development Council-Webb County (North & East)-Laredo City (Outer)",127781,0.8909 
"48","06500","R","TX","Coastal Bend COG (Northeast)",48312,0.3706 
"48","06500","U","TX","Coastal Bend COG (Northeast)",82061,0.6294 
"48","06601","R","TX","Coastal Bend COG--Nueces County, Corpus Christi City (Outer)",20768,0.1787 
"48","06601","U","TX","Coastal Bend COG--Nueces County, Corpus Christi City (Outer)",95432,0.8213 
"48","06603","U","TX","Coastal Bend COG--Nueces County (Central), Corpus Christi City (South Central)",114310,1 
"48","06604","R","TX","Coastal Bend COG--Nueces County (Central), Corpus Christi City (Northwest)",1401,0.0114 
"48","06604","U","TX","Coastal Bend COG--Nueces County (Central), Corpus Christi City (Northwest)",121267,0.9886 
"48","06701","R","TX","Cameron County (East)--Brownsville City (North)",41287,0.3413 
"48","06701","U","TX","Cameron County (East)--Brownsville City (North)",79694,0.6587 
"48","06702","R","TX","Cameron County (West)--Harlingen & San Benito Cities",32554,0.216 
"48","06702","U","TX","Cameron County (West)--Harlingen & San Benito Cities",118139,0.784 
"48","06703","R","TX","Cameron County (South)--Brownsville City (Central)",180,0.0012 
"48","06703","U","TX","Cameron County (South)--Brownsville City (Central)",149163,0.9988 
"48","06801","R","TX","Hidalgo County (Southeast)--Weslaco & Mercedes Cities",8811,0.0799 
"48","06801","U","TX","Hidalgo County (Southeast)--Weslaco & Mercedes Cities",101513,0.9201 
"48","06802","R","TX","Hidalgo County (East)--Alamo & Donna Cities",11933,0.0999 
"48","06802","U","TX","Hidalgo County (East)--Alamo & Donna Cities",107537,0.9001 
"48","06803","R","TX","Hidalgo County (South Central)--Pharr, San Juan & Hidalgo Cities",1214,0.0091 
"48","06803","U","TX","Hidalgo County (South Central)--Pharr, San Juan & Hidalgo Cities",132632,0.9909 
"48","06804","R","TX","Hidalgo County (North Central)--Edinburg City",17711,0.13 
"48","06804","U","TX","Hidalgo County (North Central)--Edinburg City",118532,0.87 
"48","06805","R","TX","Hidalgo County (Central)--McAllen City",104,0.0007 
"48","06805","U","TX","Hidalgo County (Central)--McAllen City",139523,0.9993 
"48","06806","R","TX","Hidalgo County (Southwest)--Mission City",485,0.0043 
"48","06806","U","TX","Hidalgo County (Southwest)--Mission City",113619,0.9957 
"48","06807","R","TX","Hidalgo County (North & West)",37287,0.3182 
"48","06807","U","TX","Hidalgo County (North & West)",79880,0.6818 
"48","07200","R","TX","Concho Valley COG & Permian Basin Regional Planning Commission (East)",62047,0.5483 
"48","07200","U","TX","Concho Valley COG & Permian Basin Regional Planning Commission (East)",51124,0.4517 
"48","07300","R","TX","Rio Grande COG & Permian Basin Regional Planning Commission (West)",45017,0.4405 
"48","07300","U","TX","Rio Grande COG & Permian Basin Regional Planning Commission (West)",57176,0.5595 
"48","07401","U","TX","Brazos County--College Station & Bryan Cities (Central)",125229,1 
"48","07402","R","TX","Brazos County--College Station & Bryan Cities (Outer)",27712,0.2551 
"48","07402","U","TX","Brazos County--College Station & Bryan Cities (Outer)",80908,0.7449 
"48","07500","R","TX","Middle Rio Grande Development Council--Excluding Dimmit & La Salle Counties",27618,0.1879 
"48","07500","U","TX","Middle Rio Grande Development Council--Excluding Dimmit & La Salle Counties",119398,0.8121 
"48","07600","R","TX","South Texas Development Council (South)--Coastal Bend COG (West), Dimmit & La Salle",46730,0.4234 
"48","07600","U","TX","South Texas Development Council (South)--Coastal Bend COG (West), Dimmit & La Salle",63627,0.5766 
"48","07700","R","TX","Coastal Bend COG (Central) & Willacy County",47015,0.4319 
"48","07700","U","TX","Coastal Bend COG (Central) & Willacy County",61841,0.5681 
"49","03000","R","UT","Tooele & Box Elder Counties",32658,0.2505 
"49","03000","U","UT","Tooele & Box Elder Counties",97706,0.7495 
"49","05000","R","UT","Cache, Summit, Morgan & Rich Counties",52941,0.2782 
"49","05000","U","UT","Cache, Summit, Morgan & Rich Counties",137375,0.7218 
"49","11002","R","UT","Davis County (South)--Bountiful, Farmington & North Salt Lake Cities",1396,0.0108 
"49","11002","U","UT","Davis County (South)--Bountiful, Farmington & North Salt Lake Cities",127336,0.9892 
"49","11003","R","UT","Davis County (Northwest)--Syracuse, Clearfield & West Point Cities",1092,0.0107 
"49","11003","U","UT","Davis County (Northwest)--Syracuse, Clearfield & West Point Cities",100863,0.9893 
"49","11004","R","UT","Davis County (Northeast)--Layton, Kaysville & South Weber Cities",546,0.0041 
"49","11004","U","UT","Davis County (Northeast)--Layton, Kaysville & South Weber Cities",131446,0.9959 
"49","13000","R","UT","Southeast Utah & Uintah Basin Region",73052,0.5025 
"49","13000","U","UT","Southeast Utah & Uintah Basin Region",72311,0.4975 
"49","21000","R","UT","Southwest & South Central Utah (Outside Washington County)--Cedar City",95084,0.6105 
"49","21000","U","UT","Southwest & South Central Utah (Outside Washington County)--Cedar City",60671,0.3895 
"49","35008","R","UT","Salt Lake County (Southeast)--Sandy (North), Cottonwood Heights & Midvale Cities",884,0.0081 
"49","35008","U","UT","Salt Lake County (Southeast)--Sandy (North), Cottonwood Heights & Midvale Cities",107955,0.9919 
"49","35009","R","UT","Salt Lake County (South & East Central)--Draper (Northwest) & Sandy (South) Cities",87,0.0008 
"49","35009","U","UT","Salt Lake County (South & East Central)--Draper (Northwest) & Sandy (South) Cities",113103,0.9992 
"49","35011","R","UT","Salt Lake County--Salt Lake City (West) & Magna",164,0.0016 
"49","35011","U","UT","Salt Lake County--Salt Lake City (West) & Magna",102098,0.9984 
"49","35012","R","UT","Salt Lake County--Salt Lake City (East) & Emigration Canyon",2027,0.0202 
"49","35012","U","UT","Salt Lake County--Salt Lake City (East) & Emigration Canyon",98084,0.9798 
"49","35013","R","UT","Salt Lake County--West Valley City",6,0 
"49","35013","U","UT","Salt Lake County--West Valley City",136178,1 
"49","35014","R","UT","Salt Lake County--Taylorsville, Kearns & Magna",227,0.0018 
"49","35014","U","UT","Salt Lake County--Taylorsville, Kearns & Magna",126911,0.9982 
"49","35015","R","UT","Salt Lake County (East Central)--South Salt Lake, Murray, Holladay & Millcreek Cities PU",6,0 
"49","35015","U","UT","Salt Lake County (East Central)--South Salt Lake, Murray, Holladay & Millcreek Cities PU",169850,1 
"49","35016","R","UT","Salt Lake County--West Jordan City",28,0.0002 
"49","35016","U","UT","Salt Lake County--West Jordan City",131948,0.9998 
"49","35017","R","UT","Salt Lake County--South Jordan, Herriman, Bluffdale & Riverton cities",4766,0.0244 
"49","35017","U","UT","Salt Lake County--South Jordan, Herriman, Bluffdale & Riverton cities",190916,0.9756 
"49","49001","R","UT","Utah County (West)--Saratoga Springs, Payson & Lehi (Southwest) Cities",18197,0.1056 
"49","49001","U","UT","Utah County (West)--Saratoga Springs, Payson & Lehi (Southwest) Cities",154091,0.8944 
"49","49002","R","UT","Utah County (Central)--Orem, Pleasant Grove, American Fork & Lindon Cities",145,0.0008 
"49","49002","U","UT","Utah County (Central)--Orem, Pleasant Grove, American Fork & Lindon Cities",191658,0.9992 
"49","49003","R","UT","Utah County (Central)--Provo City",790,0.0069 
"49","49003","U","UT","Utah County (Central)--Provo City",114526,0.9931 
"49","49004","R","UT","Utah County (East)--Spanish Fork, Springville, Lehi (Northeast) & Highland Cities",8755,0.0486 
"49","49004","U","UT","Utah County (East)--Spanish Fork, Springville, Lehi (Northeast) & Highland Cities",171237,0.9514 
"49","53000","R","UT","Washington County--St. George City",26800,0.1487 
"49","53000","U","UT","Washington County--St. George City",153479,0.8513 
"49","57001","R","UT","Weber County (West)--Roy, North Ogden, Ogden (Northwest) & West Haven Cities",6384,0.0412 
"49","57001","U","UT","Weber County (West)--Roy, North Ogden, Ogden (Northwest) & West Haven Cities",148702,0.9588 
"49","57002","R","UT","Weber County (East)--Ogden (Southeast) & South Ogden Cities",8278,0.0773 
"49","57002","U","UT","Weber County (East)--Ogden (Southeast) & South Ogden Cities",98859,0.9227 
"50","00100","R","VT","Northern Vermont--Grand Isle, Franklin, Lamoille, Orleans, Caledonia & Essex Counties P",130479,0.8892 
"50","00100","U","VT","Northern Vermont--Grand Isle, Franklin, Lamoille, Orleans, Caledonia & Essex Counties P",16251,0.1108 
"50","00200","R","VT","Central Vermont--Addison, Washington & Orange Counties",100279,0.7931 
"50","00200","U","VT","Central Vermont--Addison, Washington & Orange Counties",26168,0.2069 
"50","00300","R","VT","Chittenden County",43874,0.2607 
"50","00300","U","VT","Chittenden County",124449,0.7393 
"50","00400","R","VT","Southern Vermont--Rutland, Windsor, Bennington & Windham Counties",142595,0.7074 
"50","00400","U","VT","Southern Vermont--Rutland, Windsor, Bennington & Windham Counties",58982,0.2926 
"51","01301","U","VA","Arlington County (North)",120166,1 
"51","01302","U","VA","Arlington County (South)",118477,1 
"51","01500","R","VA","Central Shenandoah Planning District Commission (Southwest)",93357,0.5541 
"51","01500","U","VA","Central Shenandoah Planning District Commission (Southwest)",75128,0.4459 
"51","01900","R","VA","Virginias Region 2000 (North)--Bedford, Amherst, Appomattox Counties & Bedford City PUM",91851,0.7239 
"51","01900","U","VA","Virginias Region 2000 (North)--Bedford, Amherst, Appomattox Counties & Bedford City PUM",35037,0.2761 
"51","04101","R","VA","Chesterfield County (East)--James River Region",194,0.0017 
"51","04101","U","VA","Chesterfield County (East)--James River Region",115895,0.9983 
"51","04102","R","VA","Chesterfield County (Central)--Chester & Rockwood",938,0.0075 
"51","04102","U","VA","Chesterfield County (Central)--Chester & Rockwood",124133,0.9925 
"51","04103","R","VA","Chesterfield County (West)--Brandermill & Woodlake",28145,0.2281 
"51","04103","U","VA","Chesterfield County (West)--Brandermill & Woodlake",95243,0.7719 
"51","05901","R","VA","Fairfax County (West Central)--Centreville (North & West) & Chantilly (South & West) PUM",1558,0.0138 
"51","05901","U","VA","Fairfax County (West Central)--Centreville (North & West) & Chantilly (South & West) PUM",111558,0.9862 
"51","05902","U","VA","Fairfax County (Northwest)--Reston (North) & Franklin Farm",173278,1 
"51","05904","U","VA","Fairfax County (North Central)--Vienna Town, Oakton & Fair Oaks (East)",126574,1 
"51","05905","R","VA","Fairfax County (Southwest)--Centreville (Southeast) & Lorton",12422,0.1157 
"51","05905","U","VA","Fairfax County (Southwest)--Centreville (Southeast) & Lorton",94907,0.8843 
"51","05906","U","VA","Fairfax County (South Central)--Springfield (South), West Springfield & Franconia",107432,1 
"51","05907","U","VA","Fairfax County (East Central)--Annandale, West Falls Church & Baileys Crossroads",149309,1 
"51","05908","R","VA","Fairfax County (Southeast)--Woodlawn, Rose Hill & Mount Vernon",247,0.0019 
"51","05908","U","VA","Fairfax County (Southeast)--Woodlawn, Rose Hill & Mount Vernon",130392,0.9981 
"51","06100","R","VA","Rappahannock-Rapidan Regional Commission",113651,0.6212 
"51","06100","U","VA","Rappahannock-Rapidan Regional Commission",69312,0.3788 
"51","06900","R","VA","Northern Shenandoah Valley Regional Commission (North)",50811,0.3783 
"51","06900","U","VA","Northern Shenandoah Valley Regional Commission (North)",83511,0.6217 
"51","07300","R","VA","Middle Peninsula, Northern Neck & Accomack-Northampton Planning District Commissions PUM",153113,0.8958 
"51","07300","U","VA","Middle Peninsula, Northern Neck & Accomack-Northampton Planning District Commissions PUM",17816,0.1042 
"51","08300","R","VA","Southside Planning District Commission & Commonwealth Regional Council",160505,0.8872 
"51","08300","U","VA","Southside Planning District Commission & Commonwealth Regional Council",20405,0.1128 
"51","08501","R","VA","King William, New Kent, Charles City & Eastern Hanover Counties",62139,0.6122 
"51","08501","U","VA","King William, New Kent, Charles City & Eastern Hanover Counties",39356,0.3878 
"51","08701","R","VA","Henrico County (South & East)--Highland Springs, East Highland Park & Glen Allen",12217,0.0815 
"51","08701","U","VA","Henrico County (South & East)--Highland Springs, East Highland Park & Glen Allen",137721,0.9185 
"51","08702","R","VA","Henrico County (West)--Tuckahoe, Short Pump & Wyndham",136,0.0007 
"51","08702","U","VA","Henrico County (West)--Tuckahoe, Short Pump & Wyndham",184315,0.9993 
"51","09500","R","VA","James City, York Counties, Williamsburg & Poquoson Cities",17155,0.0974 
"51","09500","U","VA","James City, York Counties, Williamsburg & Poquoson Cities",159029,0.9026 
"51","10701","U","VA","Loudoun County (Northeast)--Sterling & Ashburn (Northeast/Ashburn Village)",116390,1 
"51","10702","R","VA","Loudoun County (East Central)--Ashburn (Southwest/Belmont Ridge) & Dulles Airport",83,0.0005 
"51","10702","U","VA","Loudoun County (East Central)--Ashburn (Southwest/Belmont Ridge) & Dulles Airport",153986,0.9995 
"51","10703","R","VA","Loudoun County (West & South)--Leesburg Town",50207,0.3336 
"51","10703","U","VA","Loudoun County (West & South)--Leesburg Town",100293,0.6664 
"51","10901","R","VA","Thomas Jefferson Planning District Commission (South & East)",91117,0.7577 
"51","10901","U","VA","Thomas Jefferson Planning District Commission (South & East)",29134,0.2423 
"51","12100","R","VA","New River Valley Planning District Commission",73345,0.4033 
"51","12100","U","VA","New River Valley Planning District Commission",108509,0.5967 
"51","14300","R","VA","West Piedmont Planning District Commission",106025,0.5727 
"51","14300","U","VA","West Piedmont Planning District Commission",79107,0.4273 
"51","14501","R","VA","Goochland, Powhatan & Western Hanover Counties",78772,0.7092 
"51","14501","U","VA","Goochland, Powhatan & Western Hanover Counties",32300,0.2908 
"51","14900","R","VA","Crater Planning District Commission",69717,0.387 
"51","14900","U","VA","Crater Planning District Commission",110448,0.613 
"51","15301","R","VA","Prince William County (North & West)--Linton Hall & Gainesville",19781,0.1454 
"51","15301","U","VA","Prince William County (North & West)--Linton Hall & Gainesville",116296,0.8546 
"51","15302","R","VA","Prince William County (Northeast)",886,0.0053 
"51","15302","U","VA","Prince William County (Northeast)",165443,0.9947 
"51","15303","R","VA","Prince William County (East)",290,0.0028 
"51","15303","U","VA","Prince William County (East)",104418,0.9972 
"51","16101","R","VA","Roanoke Valley-Alleghany Regional Commission (Outside Roanoke & Salem Cities)",100867,0.4973 
"51","16101","U","VA","Roanoke Valley-Alleghany Regional Commission (Outside Roanoke & Salem Cities)",101945,0.5027 
"51","16500","R","VA","Central Shenandoah Planning District Commission (Northeast)",49974,0.3686 
"51","16500","U","VA","Central Shenandoah Planning District Commission (Northeast)",85597,0.6314 
"51","17100","R","VA","Northern Shenandoah Valley Regional Commission (South)",74263,0.6837 
"51","17100","U","VA","Northern Shenandoah Valley Regional Commission (South)",34359,0.3163 
"51","17700","R","VA","George Washington Regional Commission (South)",102477,0.5185 
"51","17700","U","VA","George Washington Regional Commission (South)",95165,0.4815 
"51","17900","R","VA","George Washington Regional Commission (North)",29262,0.1583 
"51","17900","U","VA","George Washington Regional Commission (North)",155647,0.8417 
"51","18500","R","VA","LENOWISCO & Cumberland Plateau Planning District Commissions",148617,0.8066 
"51","18500","U","VA","LENOWISCO & Cumberland Plateau Planning District Commissions",35638,0.1934 
"51","19100","R","VA","Mount Rogers Planning District Commission",131851,0.7061 
"51","19100","U","VA","Mount Rogers Planning District Commission",54871,0.2939 
"51","51000","U","VA","Alexandria City",159467,1 
"51","54001","R","VA","Thomas Jefferson Planning District Commission (North)",44609,0.3212 
"51","54001","U","VA","Thomas Jefferson Planning District Commission (North)",94260,0.6788 
"51","55001","R","VA","Chesapeake City (Northeast)",1048,0.0094 
"51","55001","U","VA","Chesapeake City (Northeast)",109884,0.9906 
"51","55002","R","VA","Chesapeake City (South & West)",18238,0.1447 
"51","55002","U","VA","Chesapeake City (South & West)",107802,0.8553 
"51","60001","U","VA","Fairfax County (Central)--Fairfax City & Burke",160436,1 
"51","61001","R","VA","Fairfax County (Northeast)--McLean & Idylwood",3508,0.029 
"51","61001","U","VA","Fairfax County (Northeast)--McLean & Idylwood",117492,0.971 
"51","65000","R","VA","Hampton City",433,0.0032 
"51","65000","U","VA","Hampton City",136715,0.9968 
"51","68000","R","VA","Virginias Region 2000 (South)--Campbell County & Lynchburg City",32943,0.2446 
"51","68000","U","VA","Virginias Region 2000 (South)--Campbell County & Lynchburg City",101762,0.7554 
"51","68701","R","VA","Manassas, Manassas Park Cities & Prince William County (Central)--Buckhall & Sudley",1200,0.0089 
"51","68701","U","VA","Manassas, Manassas Park Cities & Prince William County (Central)--Buckhall & Sudley",133881,0.9911 
"51","70000","R","VA","Newport News City",696,0.0037 
"51","70000","U","VA","Newport News City",185551,0.9963 
"51","71001","U","VA","Norfolk City (North)",104087,1 
"51","71002","U","VA","Norfolk City (South)",133918,1 
"51","74001","U","VA","Portsmouth & Northern Chesapeake Cities",110365,1 
"51","76001","U","VA","Richmond City (North & West)",115546,1 
"51","76002","U","VA","Richmond City (South & East)",111064,1 
"51","77001","R","VA","Roanoke Valley-Alleghany Regional Commission (Roanoke, Salem Cities & Vinton Town)",4,0 
"51","77001","U","VA","Roanoke Valley-Alleghany Regional Commission (Roanoke, Salem Cities & Vinton Town)",133395,1 
"51","80000","R","VA","Isle of Wight, Southampton Counties, Suffolk & Franklin Cities",66090,0.4154 
"51","80000","U","VA","Isle of Wight, Southampton Counties, Suffolk & Franklin Cities",93016,0.5846 
"51","81001","R","VA","Virginia Beach City (North)",76,0.0005 
"51","81001","U","VA","Virginia Beach City (North)",148771,0.9995 
"51","81002","U","VA","Virginia Beach City (Central)",179008,1 
"51","81003","R","VA","Virginia Beach City (South)",8262,0.0628 
"51","81003","U","VA","Virginia Beach City (South)",123353,0.9372 
"53","20501","R","WA","Walla Walla, Benton (Outer) & Franklin (Outer) Counties",43157,0.3689 
"53","20501","U","WA","Walla Walla, Benton (Outer) & Franklin (Outer) Counties",73839,0.6311 
"53","20502","R","WA","Benton County (East Central)--Kennewick & Richland (South) Cities",3605,0.029 
"53","20502","U","WA","Benton County (East Central)--Kennewick & Richland (South) Cities",120581,0.971 
"53","20503","R","WA","Franklin & Benton Counties--Pasco, Richland (North) & West Richland Cities",2108,0.0169 
"53","20503","U","WA","Franklin & Benton Counties--Pasco, Richland (North) & West Richland Cities",122916,0.9831 
"53","20700","R","WA","Chelan & Douglas Counties",37490,0.3073 
"53","20700","U","WA","Chelan & Douglas Counties",84522,0.6927 
"53","20900","R","WA","Clallam & Jefferson Counties",45409,0.4123 
"53","20900","U","WA","Clallam & Jefferson Counties",64723,0.5877 
"53","21101","R","WA","Clark County (North)--Battle Ground City & Orchards",60203,0.4407 
"53","21101","U","WA","Clark County (North)--Battle Ground City & Orchards",76402,0.5593 
"53","21102","R","WA","Clark County (Southeast)--Vancouver (East), Camas & Washougal Cities",6495,0.0546 
"53","21102","U","WA","Clark County (Southeast)--Vancouver (East), Camas & Washougal Cities",112539,0.9454 
"53","21103","R","WA","Clark County (Southwest)--Vancouver City (West & Central)",311,0.0026 
"53","21103","U","WA","Clark County (Southwest)--Vancouver City (West & Central)",120837,0.9974 
"53","21104","R","WA","Clark County (West Central)--Salmon Creek & Hazel Dell",843,0.0067 
"53","21104","U","WA","Clark County (West Central)--Salmon Creek & Hazel Dell",125681,0.9933 
"53","21500","R","WA","Cowlitz, Pacific, & Wahkiakum Counties",55639,0.4017 
"53","21500","U","WA","Cowlitz, Pacific, & Wahkiakum Counties",82878,0.5983 
"53","22500","R","WA","Grant & Kittitas Counties",63449,0.4423 
"53","22500","U","WA","Grant & Kittitas Counties",80011,0.5577 
"53","22700","R","WA","Grays Harbor & Mason Counties",75263,0.5324 
"53","22700","U","WA","Grays Harbor & Mason Counties",66099,0.4676 
"53","22900","R","WA","Island & San Juan Counties",55747,0.5327 
"53","22900","U","WA","Island & San Juan Counties",48898,0.4673 
"53","23301","R","WA","King County (Northwest)--Shoreline, Kenmore & Bothell (South) Cities",177,0.0014 
"53","23301","U","WA","King County (Northwest)--Shoreline, Kenmore & Bothell (South) Cities",128771,0.9986 
"53","23302","R","WA","King County (Northeast)--Snoqualmie City, Cottage Lake, Union Hill & Novelty Hill",25008,0.2056 
"53","23302","U","WA","King County (Northeast)--Snoqualmie City, Cottage Lake, Union Hill & Novelty Hill",96648,0.7944 
"53","23303","U","WA","King County (Northwest)--Redmond, Kirkland Cities, Ingelwood & Finn Hill",157802,1 
"53","23304","U","WA","King County (Northwest Central)--Greater Bellevue City",154624,1 
"53","23305","R","WA","King County (Central)--Sammamish, Issaquah, Mercer Island & Newcastle Cities",4326,0.0274 
"53","23305","U","WA","King County (Central)--Sammamish, Issaquah, Mercer Island & Newcastle Cities",153678,0.9726 
"53","23306","R","WA","King County (Southeast)--Maple Valley, Covington & Enumclaw Cities",28341,0.2209 
"53","23306","U","WA","King County (Southeast)--Maple Valley, Covington & Enumclaw Cities",99955,0.7791 
"53","23307","R","WA","King County (Southwest)--Auburn City & Lakeland",5697,0.0446 
"53","23307","U","WA","King County (Southwest)--Auburn City & Lakeland",122167,0.9554 
"53","23308","R","WA","King County (Far Southwest)--Federal Way, Des Moines Cities & Vashon Island",11164,0.0825 
"53","23308","U","WA","King County (Far Southwest)--Federal Way, Des Moines Cities & Vashon Island",124098,0.9175 
"53","23309","R","WA","King County (Southwest Central)--Kent City",51,0.0004 
"53","23309","U","WA","King County (Southwest Central)--Kent City",136975,0.9996 
"53","23310","U","WA","King County (Central)--Renton City, Fairwood, Bryn Mawr & Skyway",143320,1 
"53","23311","U","WA","King County (West Central)--Burien, SeaTac, Tukwila Cities & White Center",139846,1 
"53","23312","R","WA","Seatle City (West Seattle-Industrial)",7,0.0001 
"53","23312","U","WA","Seatle City (West Seattle-Industrial)",104699,0.9999 
"53","23313","U","WA","Seattle City (Southeast)",100338,1 
"53","23314","U","WA","Seattle City (Central)",102741,1 
"53","23315","U","WA","Seattle City (Lake Union-Downtown)",101111,1 
"53","23316","U","WA","Seattle City (Northwest)",104424,1 
"53","23317","U","WA","Seattle City (Northeast)",114016,1 
"53","23318","U","WA","Seattle City (North)",109691,1 
"53","23501","R","WA","Kitsap County (North)--Bainbridge Island City & Silverdale",28074,0.2105 
"53","23501","U","WA","Kitsap County (North)--Bainbridge Island City & Silverdale",105294,0.7895 
"53","23502","R","WA","Kitsap County (South)--Bremerton & Port Orchard Cities",20354,0.1431 
"53","23502","U","WA","Kitsap County (South)--Bremerton & Port Orchard Cities",121889,0.8569 
"53","24100","R","WA","Lewis, Klickitat & Skamania Counties",79594,0.6808 
"53","24100","U","WA","Lewis, Klickitat & Skamania Counties",37326,0.3192 
"53","25301","R","WA","Tacoma City (North)",49,0.0004 
"53","25301","U","WA","Tacoma City (North)",116261,0.9996 
"53","25302","U","WA","Tacoma City (South)",100645,1 
"53","25303","R","WA","Pierce County (North Central)--Bonney Lake, Edgewood, Fife & Sumner Cities",2794,0.027 
"53","25303","U","WA","Pierce County (North Central)--Bonney Lake, Edgewood, Fife & Sumner Cities",100849,0.973 
"53","25304","R","WA","Pierce County (Southeast)--Graham, Elk Plain & Prairie Ridge",43651,0.3386 
"53","25304","U","WA","Pierce County (Southeast)--Graham, Elk Plain & Prairie Ridge",85269,0.6614 
"53","25305","R","WA","Pierce County (East Central)--Puyallup City & South Hill",50,0.0004 
"53","25305","U","WA","Pierce County (East Central)--Puyallup City & South Hill",139359,0.9996 
"53","25306","U","WA","Pierce County (South Central)--Parkland & Spanaway",108181,1 
"53","25307","U","WA","Pierce County (West Central)--Lakewood & University Place Cities",111218,1 
"53","25308","R","WA","Pierce County (Northwest)--Peninsula Region & JBLM",15924,0.1412 
"53","25308","U","WA","Pierce County (Northwest)--Peninsula Region & JBLM",96880,0.8588 
"53","25701","R","WA","Skagit County",44169,0.341 
"53","25701","U","WA","Skagit County",85354,0.659 
"53","26101","R","WA","Snohomish County (North)--Marysville & Arlington Cities",52284,0.3419 
"53","26101","U","WA","Snohomish County (North)--Marysville & Arlington Cities",100650,0.6581 
"53","26102","R","WA","Snohomish County (Central & Southeast)--Lake Stevens & Monroe Cities",42057,0.287 
"53","26102","U","WA","Snohomish County (Central & Southeast)--Lake Stevens & Monroe Cities",104468,0.713 
"53","26103","R","WA","Snohomish County (South Central)--Bothell (North), Mill Creek Cities & Silver Firs",3071,0.0214 
"53","26103","U","WA","Snohomish County (South Central)--Bothell (North), Mill Creek Cities & Silver Firs",140250,0.9786 
"53","26104","R","WA","Snohomish County (Southwest)--Edmonds, Lynnwood & Mountlake Terrace Cities",12,0.0001 
"53","26104","U","WA","Snohomish County (Southwest)--Edmonds, Lynnwood & Mountlake Terrace Cities",123027,0.9999 
"53","26105","R","WA","Snohomish County (West Central)--Mukilteo & Martha Lake",38,0.0004 
"53","26105","U","WA","Snohomish County (West Central)--Mukilteo & Martha Lake",107416,0.9996 
"53","26106","R","WA","Snohomish County (Central)--Everett City & Eastmont",204,0.0013 
"53","26106","U","WA","Snohomish County (Central)--Everett City & Eastmont",154480,0.9987 
"53","26301","R","WA","Spokane County (Outer)--Cheney City",68516,0.5835 
"53","26301","U","WA","Spokane County (Outer)--Cheney City",48913,0.4165 
"53","26302","R","WA","Spokane County (East Central)--Greater Spokane Valley City",3914,0.0267 
"53","26302","U","WA","Spokane County (East Central)--Greater Spokane Valley City",142590,0.9733 
"53","26303","R","WA","Spokane County (South Central)--Spokane City (South)",6166,0.0447 
"53","26303","U","WA","Spokane County (South Central)--Spokane City (South)",131860,0.9553 
"53","26304","R","WA","Spokane County (North Central)--Spokane City (North)",288,0.0021 
"53","26304","U","WA","Spokane County (North Central)--Spokane City (North)",137092,0.9979 
"53","26500","R","WA","Stevens, Okanogan, Pend Oreille & Ferry Counties",95905,0.8788 
"53","26500","U","WA","Stevens, Okanogan, Pend Oreille & Ferry Counties",13223,0.1212 
"53","26701","R","WA","Thurston County (Outer)",62246,0.5359 
"53","26701","U","WA","Thurston County (Outer)",53907,0.4641 
"53","26702","R","WA","Thurston County (Central)--Olympia, Lacey, & Tumwater Cities",657,0.0037 
"53","26702","U","WA","Thurston County (Central)--Olympia, Lacey, & Tumwater Cities",177983,0.9963 
"53","27301","R","WA","Whatcom County (Outer)--Lynden, Ferndale & Blaine Cities",56958,0.5039 
"53","27301","U","WA","Whatcom County (Outer)--Lynden, Ferndale & Blaine Cities",56067,0.4961 
"53","27302","R","WA","Whatcom County (South)--Greater Bellingham City",7891,0.0693 
"53","27302","U","WA","Whatcom County (South)--Greater Bellingham City",105931,0.9307 
"53","27500","R","WA","Whitman, Asotin, Adams, Lincoln, Columbia & Garfield Counties",43762,0.4053 
"53","27500","U","WA","Whitman, Asotin, Adams, Lincoln, Columbia & Garfield Counties",64223,0.5947 
"53","27701","R","WA","Yakima County (Outer)--Sunnyside & Grandview Cities",74258,0.5851 
"53","27701","U","WA","Yakima County (Outer)--Sunnyside & Grandview Cities",52666,0.4149 
"53","27702","R","WA","Yakima County (Central)--Greater Yakima City",3870,0.0298 
"53","27702","U","WA","Yakima County (Central)--Greater Yakima City",125934,0.9702 
"54","00100","R","WV","Ohio, Marshall, Hancock, Brooke Counties",47929,0.3844 
"54","00100","U","WV","Ohio, Marshall, Hancock, Brooke Counties",76741,0.6156 
"54","00200","R","WV","Wood, Wetzel, Ritchie, Tyler, Doddridge, Pleasants, Wirt Counties",71400,0.5244 
"54","00200","U","WV","Wood, Wetzel, Ritchie, Tyler, Doddridge, Pleasants, Wirt Counties",64750,0.4756 
"54","00300","R","WV","Monongalia, Marion, Preston Counties",86856,0.4426 
"54","00300","U","WV","Monongalia, Marion, Preston Counties",109387,0.5574 
"54","00400","R","WV","Berkeley, Jefferson Counties",75185,0.4182 
"54","00400","U","WV","Berkeley, Jefferson Counties",104592,0.5818 
"54","00500","R","WV","Mineral, Hampshire, Morgan, Hardy, Grant, Tucker, Pendleton Counties",96984,0.9213 
"54","00500","U","WV","Mineral, Hampshire, Morgan, Hardy, Grant, Tucker, Pendleton Counties",8290,0.0787 
"54","00600","R","WV","Harrison, Randolph, Upshur, Lewis, Taylor, Barbour Counties",100792,0.604 
"54","00600","U","WV","Harrison, Randolph, Upshur, Lewis, Taylor, Barbour Counties",66080,0.396 
"54","00700","R","WV","Jackson, Nicholas, Roane, Braxton, Clay, Gilmer, Calhoun Counties",100558,1 
"54","00800","R","WV","Cabell, Putnam, Mason Counties",57770,0.3259 
"54","00800","U","WV","Cabell, Putnam, Mason Counties",119473,0.6741 
"54","00900","R","WV","Kanawha County",53097,0.2938 
"54","00900","U","WV","Kanawha County",127648,0.7062 
"54","01000","R","WV","Raleigh, Fayette Counties",57611,0.5006 
"54","01000","U","WV","Raleigh, Fayette Counties",57468,0.4994 
"54","01100","R","WV","Mercer, Greenbrier, Monroe, Summers, Webster, Pocahontas Counties",91279,0.6852 
"54","01100","U","WV","Mercer, Greenbrier, Monroe, Summers, Webster, Pocahontas Counties",41944,0.3148 
"54","01200","R","WV","Wayne, Logan, Mingo, Boone, Wyoming, Lincoln, McDowell Counties",153398,0.8624 
"54","01200","U","WV","Wayne, Logan, Mingo, Boone, Wyoming, Lincoln, McDowell Counties",24484,0.1376 
"55","00100","R","WI","Northwest Wisconsin Counties",141511,0.7773 
"55","00100","U","WI","Northwest Wisconsin Counties",40546,0.2227 
"55","00200","R","WI","Oneida, Lincoln, Vilas, Langlade & Forest Counties",90649,0.7684 
"55","00200","U","WI","Oneida, Lincoln, Vilas, Langlade & Forest Counties",27328,0.2316 
"55","00300","R","WI","Marinette, Shawano, Oconto, Florence & Menominee Counties",101872,0.7804 
"55","00300","U","WI","Marinette, Shawano, Oconto, Florence & Menominee Counties",28659,0.2196 
"55","00400","R","WI","Outagamie County",48426,0.2539 
"55","00400","U","WI","Outagamie County",142279,0.7461 
"55","00501","R","WI","Brown County--City of Green Bay",799,0.0074 
"55","00501","U","WI","Brown County--City of Green Bay",107604,0.9926 
"55","00502","R","WI","Brown County--Outer Ring of Green Bay City",43785,0.2731 
"55","00502","U","WI","Brown County--Outer Ring of Green Bay City",116552,0.7269 
"55","00600","R","WI","Manitowoc, Door & Kewaunee Counties",76001,0.5758 
"55","00600","U","WI","Manitowoc, Door & Kewaunee Counties",55987,0.4242 
"55","00700","R","WI","Sheboygan County",34654,0.2936 
"55","00700","U","WI","Sheboygan County",83380,0.7064 
"55","00800","R","WI","Fond du Lac & Calumet Counties",65363,0.4174 
"55","00800","U","WI","Fond du Lac & Calumet Counties",91233,0.5826 
"55","00900","R","WI","Winnebago County",29905,0.1741 
"55","00900","U","WI","Winnebago County",141825,0.8259 
"55","01000","R","WI","Waupaca, Waushara, Green Lake & Marquette Counties",86815,0.7825 
"55","01000","U","WI","Waupaca, Waushara, Green Lake & Marquette Counties",24127,0.2175 
"55","01100","R","WI","Wood, Portage & Adams Counties",72743,0.4402 
"55","01100","U","WI","Wood, Portage & Adams Counties",92495,0.5598 
"55","01200","R","WI","Marathon County",59882,0.4339 
"55","01200","U","WI","Marathon County",78131,0.5661 
"55","01300","R","WI","Barron, Polk, Clark & Chippewa (Eastern, North & NW Towns) Counties",146968,0.9335 
"55","01300","U","WI","Barron, Polk, Clark & Chippewa (Eastern, North & NW Towns) Counties",10473,0.0665 
"55","01400","R","WI","Eau Claire County & SW Chippewa County",35755,0.2537 
"55","01400","U","WI","Eau Claire County & SW Chippewa County",105158,0.7463 
"55","01500","R","WI","St. Croix & Dunn Counties",88270,0.6351 
"55","01500","U","WI","St. Croix & Dunn Counties",50706,0.3649 
"55","01600","R","WI","Pierce, Trempealeau, Jackson, Buffalo & Pepin Counties",97654,0.851 
"55","01600","U","WI","Pierce, Trempealeau, Jackson, Buffalo & Pepin Counties",17098,0.149 
"55","01700","R","WI","La Crosse County",21873,0.1811 
"55","01700","U","WI","La Crosse County",98911,0.8189 
"55","01800","R","WI","Monroe, Vernon, Juneau & Crawford Counties",89811,0.7496 
"55","01800","U","WI","Monroe, Vernon, Juneau & Crawford Counties",30008,0.2504 
"55","01900","R","WI","Grant, Green, Iowa, Richland & Lafayette Counties",114270,0.7792 
"55","01900","U","WI","Grant, Green, Iowa, Richland & Lafayette Counties",32385,0.2208 
"55","02000","R","WI","Sauk & Columbia Counties",68144,0.5484 
"55","02000","U","WI","Sauk & Columbia Counties",56109,0.4516 
"55","02101","R","WI","Dane County--City of Madison (Central)",35,0.0003 
"55","02101","U","WI","Dane County--City of Madison (Central)",104080,0.9997 
"55","02102","R","WI","Dane County--Cities of Madison/Middleton/Monona, Villages of Shorewood/Maple Bluff",685,0.0053 
"55","02102","U","WI","Dane County--Cities of Madison/Middleton/Monona, Villages of Shorewood/Maple Bluff",128036,0.9947 
"55","02103","R","WI","Dane County--Cities of Fitchburg & Verona and other near-S/SW/W/NW suburban MCDs",6554,0.0606 
"55","02103","U","WI","Dane County--Cities of Fitchburg & Verona and other near-S/SW/W/NW suburban MCDs",101581,0.9394 
"55","02104","R","WI","Dane County--Sun Prairie, Waunakee, McFarland & other near-N/NE/E/SE suburban MCDs",8320,0.083 
"55","02104","U","WI","Dane County--Sun Prairie, Waunakee, McFarland & other near-N/NE/E/SE suburban MCDs",91879,0.917 
"55","02105","R","WI","Dane County--Rural & Outlying MCDs",60641,0.5039 
"55","02105","U","WI","Dane County--Rural & Outlying MCDs",59693,0.4961 
"55","02200","R","WI","Rock County",32801,0.2004 
"55","02200","U","WI","Rock County",130886,0.7996 
"55","02300","R","WI","Dodge & Jefferson Counties",86847,0.4983 
"55","02300","U","WI","Dodge & Jefferson Counties",87449,0.5017 
"55","02400","R","WI","Walworth County",39296,0.3691 
"55","02400","U","WI","Walworth County",67182,0.6309 
"55","02501","R","WI","Waukesha County--West and South Cities, Towns and Villages",44126,0.3719 
"55","02501","U","WI","Waukesha County--West and South Cities, Towns and Villages",74524,0.6281 
"55","02502","R","WI","Waukesha County--Waukesha, Pewaukee, Sussex Area",8391,0.0675 
"55","02502","U","WI","Waukesha County--Waukesha, Pewaukee, Sussex Area",115924,0.9325 
"55","02503","R","WI","Waukesha County--Brookfield, New Berlin, Menomonee Falls, Muskego, Elm Grove & Butler PU",9375,0.0572 
"55","02503","U","WI","Waukesha County--Brookfield, New Berlin, Menomonee Falls, Muskego, Elm Grove & Butler PU",154638,0.9428 
"55","02600","R","WI","Washington & Ozaukee Counties",74706,0.3273 
"55","02600","U","WI","Washington & Ozaukee Counties",153558,0.6727 
"55","02801","U","WI","Milwaukee County--City of Milwaukee Northwest",104248,1 
"55","02802","R","WI","Milwaukee County--City of Milwaukee East Side & Northern Suburbs",227,0.0019 
"55","02802","U","WI","Milwaukee County--City of Milwaukee East Side & Northern Suburbs",116886,0.9981 
"55","02803","U","WI","Milwaukee County--City of Milwaukee Central",101315,1 
"55","02804","U","WI","Milwaukee County--City of Milwaukee North Central",103279,1 
"55","02805","U","WI","Milwaukee County--City of Milwaukee South Central",104125,1 
"55","02806","R","WI","Milwaukee County--City of Milwaukee South",7,0.0001 
"55","02806","U","WI","Milwaukee County--City of Milwaukee South",114981,0.9999 
"55","02807","U","WI","Milwaukee County--Western Suburbs",172948,1 
"55","02808","R","WI","Milwaukee County--Southern Suburbs",2368,0.0195 
"55","02808","U","WI","Milwaukee County--Southern Suburbs",119105,0.9805 
"55","02900","R","WI","Racine County",28368,0.1435 
"55","02900","U","WI","Racine County",169359,0.8565 
"55","03000","R","WI","Kenosha County",22130,0.1308 
"55","03000","U","WI","Kenosha County",147021,0.8692 
"56","00100","R","WY","Sheridan, Park, Teton, Lincoln & Big Horn Counties",68304,0.5941 
"56","00100","U","WY","Sheridan, Park, Teton, Lincoln & Big Horn Counties",46674,0.4059 
"56","00200","R","WY","Campbell, Goshen, Platte, Johnson, Washakie, Weston, Crook & Niobrara Counties",50484,0.5011 
"56","00200","U","WY","Campbell, Goshen, Platte, Johnson, Washakie, Weston, Crook & Niobrara Counties",50263,0.4989 
"56","00300","R","WY","Laramie County",21262,0.2115 
"56","00300","U","WY","Laramie County",79250,0.7885 
"56","00400","R","WY","Natrona, Carbon, Converse & Albany Counties",31099,0.214 
"56","00400","U","WY","Natrona, Carbon, Converse & Albany Counties",114210,0.786 
"56","00500","R","WY","Sweetwater, Fremont, Uinta, Sublette & Hot Springs Counties--Wind River Reservation",47952,0.4159 
"56","00500","U","WY","Sweetwater, Fremont, Uinta, Sublette & Hot Springs Counties--Wind River Reservation",67353,0.5841 
"72","00100","R","PR","Aguadilla, Aguada & Moca",4401,0.0302 
"72","00100","U","PR","Aguadilla, Aguada & Moca",141483,0.9698 
"72","00200","R","PR","Mayagüez, Añasco & Hormigueros",7059,0.0617 
"72","00200","U","PR","Mayagüez, Añasco & Hormigueros",107268,0.9383 
"72","00300","R","PR","Cabo Rojo, San Germán & Lajas",16249,0.1587 
"72","00300","U","PR","Cabo Rojo, San Germán & Lajas",86122,0.8413 
"72","00400","R","PR","Yauco, Sabana Grande & Peñuelas",19842,0.1823 
"72","00400","U","PR","Yauco, Sabana Grande & Peñuelas",89029,0.8177 
"72","00500","R","PR","Ponce",8751,0.0636 
"72","00500","U","PR","Ponce",128740,0.9364 
"72","00600","R","PR","Juana Díaz, Coamo & Villalba",22648,0.1833 
"72","00600","U","PR","Juana Díaz, Coamo & Villalba",100932,0.8167 
"72","00700","R","PR","Guayama, Salinas & Patillas",19807,0.189 
"72","00700","U","PR","Guayama, Salinas & Patillas",85013,0.811 
"72","00800","R","PR","Humacao, Fajardo & Islas Municipios",17834,0.1127 
"72","00800","U","PR","Humacao, Fajardo & Islas Municipios",140346,0.8873 
"72","00900","R","PR","Río Grande, Canóvanas & Loíza",6707,0.0512 
"72","00900","U","PR","Río Grande, Canóvanas & Loíza",124164,0.9488 
"72","01000","R","PR","Carolina",392,0.0025 
"72","01000","U","PR","Carolina",154423,0.9975 
"72","01101","R","PR","San Juan Norte",19,0.0001 
"72","01101","U","PR","San Juan Norte",155714,0.9999 
"72","01102","U","PR","San Juan Sur",186526,1 
"72","01200","R","PR","Guaynabo & Cataño",10,0.0001 
"72","01200","U","PR","Guaynabo & Cataño",112925,0.9999 
"72","01300","U","PR","Bayamón",185187,1 
"72","01400","R","PR","Toa Baja & Dorado",1278,0.0115 
"72","01400","U","PR","Toa Baja & Dorado",109894,0.9885 
"72","01500","R","PR","Toa Alta, Corozal & Naranjito",2870,0.022 
"72","01500","U","PR","Toa Alta, Corozal & Naranjito",127794,0.978 
"72","01600","R","PR","Vega Baja, Vega Alta & Morovis",8342,0.0704 
"72","01600","U","PR","Vega Baja, Vega Alta & Morovis",110194,0.9296 
"72","01700","R","PR","Arecibo, Manatí & Barceloneta",16980,0.1051 
"72","01700","U","PR","Arecibo, Manatí & Barceloneta",144615,0.8949 
"72","01800","R","PR","Isabela, Hatillo & Camuy",15035,0.109 
"72","01800","U","PR","Isabela, Hatillo & Camuy",122859,0.891 
"72","01900","R","PR","San Sebastián, Utuado & Lares",71999,0.3987 
"72","01900","U","PR","San Sebastián, Utuado & Lares",108584,0.6013 
"72","02000","R","PR","Cayey, Cidra & Barranquitas",17526,0.0983 
"72","02000","U","PR","Cayey, Cidra & Barranquitas",160822,0.9017 
"72","02100","R","PR","Caguas",1464,0.0115 
"72","02100","U","PR","Caguas",125780,0.9885 
"72","02200","R","PR","Trujillo Alto & Gurabo",1524,0.0141 
"72","02200","U","PR","Trujillo Alto & Gurabo",106838,0.9859 
"72","02300","R","PR","San Lorenzo, Juncos & Las Piedras",6229,0.0567 
"72","02300","U","PR","San Lorenzo, Juncos & Las Piedras",103656,0.9433 
